component_1,component_2,cluster
2.8598974592090256,0.18090960245734913,2
2.2561901909466897,1.6103614264786754,0
2.364377421938764,2.2392261633363786,0
3.032694530734425,-2.273162997624389,1
2.7797153311578433,-1.9634722245365095,1
3.095889830056773,-2.3252406206465146,1
1.953533028248178,1.9839135955642233,0
1.4797959546463981,0.8364623224454519,0
2.9068165799042354,0.826796411366304,2
2.924103712281113,1.3489793181976286,0
2.985451904499262,-2.0169898783140416,1
2.0529321999190926,1.6884206954990684,0
2.9073474272192135,0.5768648843371639,2
3.1070920134377538,-2.2567096206714687,1
2.6874162381839177,0.27739463422086696,2
2.0496787360673268,2.186086163506353,0
2.3346433409601417,2.36025236418578,0
2.375608020787533,2.020045083935762,0
2.390135333505791,2.0516362464143003,0
2.1636719234636566,1.7023222996369662,0
2.7770866789617967,0.3794119821676031,2
2.764016243609488,0.2028914273371799,2
2.7707676252713997,0.2840397033530234,2
2.3106420481050627,1.80419523715064,0
2.9872012057063704,-2.0153653583925255,1
2.302554715475333,1.996583345229883,0
2.5428742982944437,-2.175196225017987,1
2.2153271381989,1.5521524185766946,0
3.1156251266711785,-2.38863727671081,1
1.2061717784912211,1.3834982658772628,0
2.7978985520531046,-1.7697644913091557,1
2.4127578689941496,2.1261936867594957,0
3.1012230258276636,-2.407695405671103,1
2.2790136397005507,-1.258256319636108,1
2.920049219126223,-0.37377334735723533,2
2.2186726180825946,1.7356268518007756,0
2.861414211350923,1.0175519722793296,2
2.0215168769019725,2.517250869616396,3
1.8425777282129472,0.9224633785037373,0
1.6866283162029616,1.7111899005922853,0
1.40186080246211,0.014416567437672572,0
2.3129982384027876,1.8415301881244615,0
2.771704980474907,-2.535844430563298,1
2.5498133246040924,0.21713340044919233,2
2.384953677053118,2.2461710349333432,0
2.8017515161197846,-0.20690247948652024,2
1.9586782357012518,1.9567946920551205,0
2.141989097298482,2.4104348471388075,0
2.0651615251041844,2.0052690253015686,0
2.1292623725912048,1.8759122761955704,0
2.7890056129143743,-2.338489693669424,1
2.8755935408840587,0.4513102064768701,2
2.1944396710504734,1.2878028383793043,0
1.7997415836543877,1.5500571518714,0
2.5192827447585358,-1.9783378764357016,1
3.1022896649818414,-2.4241863626760205,1
1.361431820110442,1.8587226740275247,0
3.120958322442069,-2.4710920617353977,1
2.2506212231840856,1.8953372273400415,0
1.3104000166684369,0.8954323988553372,0
2.1688719166068218,1.5230398605633992,0
3.110291930900288,-2.3061824916862217,1
3.112425209208644,-2.3391644056960565,1
2.1729641283107646,1.1752947169782102,0
2.0100665309614687,0.9110135526823075,2
3.1145584875170003,-2.3721463197058923,1
3.04709663157794,-2.254104868664096,1
3.1198916832878907,-2.45460110473048,1
3.118825044133713,-2.4381101477255624,1
2.8251003227467564,-1.948597846407874,1
3.005494395232811,-2.066183680318288,1
1.7079450769313491,2.1861978797503276,3
2.3857127644307634,1.867743861537813,0
2.987431406952944,-2.0256840817735733,1
2.137787288163305,2.6601636970837177,0
3.094823190902595,-2.308749663641597,1
2.3629210541470584,1.942837335582773,0
2.038412409799294,1.1779857296674199,0
2.8536281223067443,0.405508643145622,2
2.8402926606174077,0.36995955718041135,2
3.1022896649818414,-2.4241863626760205,1
3.049229909886296,-2.287086782673931,1
3.1156251266711785,-2.38863727671081,1
2.748745527668966,-2.3992815977263464,1
2.85373413151602,0.5661846943741262,2
1.866300488471691,0.8683122286517425,0
1.9736410921493706,2.0447556607664286,0
2.430614526252005,2.2011102814371153,0
3.014777020514381,-2.3198672261431397,1
2.6713926661573093,-2.233633809971406,1
2.8868401541893363,0.046264895529093464,2
1.9023011801278455,4.173835289834501,4
2.1416347804499414,1.810270777920937,0
2.6954654906016344,0.3059009646395491,2
2.462276895568824,-0.7481320969095192,2
2.0433696627286517,1.3336882258062877,0
2.1814329518210047,1.6008873488074027,0
2.577342828845901,0.6866603817524131,2
3.10922529174611,-2.289691534681304,1
1.902808752133789,2.0221765449533415,0
1.7538081509091004,2.1263697899015686,0
2.2771675050775166,0.12457292001483927,0
1.9994315715082625,1.7800444672137505,0
1.5500322344670245,0.11640342758951791,0
3.0460299924237617,-2.237613911659178,1
2.8112045618659893,0.3041777615855035,2
3.063058610298275,0.42190568181101873,2
3.110291930900288,-2.3061824916862217,1
2.9849436104267157,0.1449894830242802,2
2.2501942489414253,2.4761450673334475,0
2.3629921102722813,2.037106719406033,0
2.346533242383761,1.6382340800487736,0
2.19995231176682,1.6442925765021261,0
2.2347369950851346,0.02100438510296221,0
2.864314270394994,0.5164891543973024,2
2.319884681952245,1.6441859633366507,0
3.1145584875170003,-2.3721463197058923,1
2.0663206256860445,1.40399349855743,0
1.955505591606293,1.2561889059164184,0
2.754512199216806,0.5044967746698065,2
2.969087964074267,0.05479928585463151,2
2.1592169257098934,-0.7286805506530657,1
1.765033919434007,0.9310131315769707,0
2.2454604836113945,-0.21108111710233218,0
3.108158652591932,-2.2732005776763864,1
1.2803607422221532,1.4210748982486585,0
2.19906857316033,1.7636360725944733,0
2.164452888323613,1.081712942981632,0
2.069492509198061,1.8714791206978614,0
1.747601927880601,2.5481722570957688,3
1.311344971966959,1.0523402822053278,0
2.2999086638774813,1.8225298956239435,0
2.7519454451314997,-2.4487544687410994,1
2.6075278085559677,-0.47039746463137394,2
2.2149146169223135,1.661917617934278,0
2.165797079496042,2.756122247362032,0
2.3292045574915923,2.554247029911769,3
2.668619470476613,0.3377354455910047,2
2.808498762894642,-0.9193380113146732,2
2.0497163742162567,2.154267579425325,0
2.2600833156954625,1.6470515549797398,0
2.7444679644419168,-0.2057385750871876,2
2.035602274791047,1.8680603613648747,0
3.049229909886296,-2.287086782673931,1
2.722610396129492,-2.2369391996325456,1
2.6483604014635693,0.0013449591175570819,2
2.339494099729263,1.1861843604097582,0
2.1149058492178656,2.878127960274078,0
2.1765225787664955,1.3886301839054331,0
3.108158652591932,-2.2732005776763864,1
3.1177584049795346,-2.421619190720645,1
3.1070920134377538,-2.2567096206714687,1
2.7706383413207294,-2.5193534735583802,1
2.1687872816401916,1.4119666573098404,0
2.439569616577634,-1.1942139437509294,1
2.213841800428617,1.0293455813822805,2
1.4243908454306056,1.5116492600670628,0
2.7745638252194476,-2.3781969590257677,1
2.030461752757563,1.6718016248929854,0
2.253890590159137,0.7607245236679625,2
2.363951963943555,1.3775817455112187,0
3.118825044133713,-2.4381101477255624,1
2.780445587683826,-0.10306720698893443,2
3.1070920134377538,-2.2567096206714687,1
3.005494395232811,-2.066183680318288,1
2.141898160332936,2.011664643003881,0
2.4458092165639007,-1.8367030160934126,1
2.9231968055180313,0.0822557563502726,2
2.72367703528367,-2.2534301566374633,1
2.0769836371867587,2.180375020103247,0
2.7797153311578433,-1.9634722245365095,1
2.002229445780715,2.8991700785857057,0
2.6444975130281088,0.5266863670123338,2
2.4040857470738217,2.4458758672566856,0
3.093756551748417,-2.2922587066366793,1
0.9822324487269639,1.30951175500151,0
2.394448911801436,1.5897312207406102,0
2.0277132678340877,1.1226439893285816,0
2.0244774246056108,1.9399964277257127,0
2.8705638507508064,0.016000032408173076,2
1.9457787255133407,1.8659375826495124,0
2.779648345720094,-2.542146608457619,1
2.252296582771365,1.6405376784049557,0
3.110291930900288,-2.3061824916862217,1
2.3729725270481827,2.338579193081757,0
2.8481976021002966,-0.5240302768393408,2
2.632038003033273,0.35740604255940706,2
2.799672004456155,-2.5033992637186007,1
3.0294946132718907,-2.223690126609636,1
2.768505063012373,-2.486371559548545,1
2.178757208815513,1.2854880810320841,0
2.3935870560951105,1.4953558577586328,0
2.3361485313219954,1.3128440544559883,0
2.690061323617537,-2.2805395090307834,1
3.1033563041360197,-2.440677319680938,1
3.093756551748417,-2.2922587066366793,1
3.1070920134377538,-2.2567096206714687,1
2.6727496908860306,0.4411521351796009,2
1.9078147093705142,1.5030758150282602,0
2.5512861911606346,0.6554306045607127,2
1.9563107298420037,1.0437853756741176,0
1.315952323579412,1.0335541023744959,0
2.004617126443806,1.8482043133044659,0
2.4778530225648763,-1.8274104927915291,1
1.366938590871446,2.1137682615372086,0
2.1190114450035313,1.047220525504145,0
1.994021728253808,1.1660964049014573,0
2.8352207280926978,-0.5183037273700928,2
1.9011655360638984,1.6767345383771168,0
2.234900494581431,0.968295674491796,0
2.6305181283793333,0.7086787549417877,2
3.1113585700544664,-2.3226734486911393,1
2.7148496894592142,0.4662864708252786,2
2.769571702166551,-2.5028625165534626,1
2.434767264803602,-2.45695913718202,1
2.0239434019795293,1.1963542565816627,0
3.0305612524260686,-2.2401810836145537,1
3.0713615222851254,0.3002967491527255,2
1.9411554812139704,0.7206211359529214,0
2.1115144058344013,-2.090609594447578,1
1.839968817226751,0.9255727228806159,0
2.7962830387716386,0.5958627879066964,2
2.929216002141975,0.48048631426303373,2
2.4721210907016054,0.14786102746315896,2
2.767438423858195,-2.4698806025436277,1
1.9795175741577544,1.719436942645658,0
2.395815870168745,1.8995421374094366,0
3.1070920134377538,-2.2567096206714687,1
2.121859543721483,1.8216171215501804,0
0.990877461768602,1.1646802852581248,0
2.8037130798801018,0.4381681573742736,2
2.8578503515770115,-0.8749325478544104,2
2.76718087132655,-1.0388881971856578,1
2.621562298951169,0.639555894091382,2
2.381285545173538,-2.4963645376229002,1
2.140235731090276,1.4715768854477171,0
2.1995651781263197,2.0953348606706386,0
1.8262863863297678,0.858427325283157,0
2.5661287044564154,0.7803035537282665,2
2.3283718536849873,2.0315693404587813,0
2.8108741878371357,-2.434868263743555,1
1.9508826709296725,0.9592585563789539,0
2.02499627958931,1.6430072450574142,0
1.8809626208755192,1.7193209461139,0
2.9950224683778126,-0.2743096627457593,2
3.108158652591932,-2.2732005776763864,1
2.8119562135113463,1.099923678294622,0
2.8603631218350847,0.3732369206337485,2
2.0097435259191636,-0.07021267641087692,0
2.033259030831629,2.847886501845383,0
2.8988464190947627,-2.097092930811444,1
1.9902048976474405,1.3776766560861489,0
2.4320474805076993,1.6800367274470354,0
1.777444283244727,1.3759948908614228,0
1.6963469123059294,0.3547924612664824,0
2.694584471474984,-2.393690415361363,1
2.5902718843814676,0.5406754040208597,2
2.2355688436870578,2.3262471983020485,0
1.6935973954180465,1.7565343712484547,0
1.8324086673495628,2.4627915753036635,0
2.1225557573562925,3.064666597455213,0
2.2032305785573643,0.04096683055733141,0
2.0861882420047544,1.8846175633987363,0
3.0980231083651293,-2.35822253465635,1
2.7727716196290855,-2.5523353875682155,1
2.4100043100696955,0.5697219099929188,0
2.7528845711960974,0.24475281507337307,3
2.1270956515846495,0.34944523509373854,0
2.0137319746308333,-0.7308500833349957,2
1.9319888751056404,2.0580488532591215,0
2.2382129724038275,1.4257494412087581,0
2.7633783679376345,-0.03409713398713271,2
2.1636155290324623,2.3136505359566435,0
2.2081290578921915,0.0724619728450625,0
3.10922529174611,-2.289691534681304,1
2.813007466145492,-2.46785017775339,1
2.8259887824446226,0.1186276962481925,2
3.1012230258276636,-2.407695405671103,1
2.779707246393354,-2.4178405595734995,1
2.6904345957254945,-2.2569291490303236,1
1.7589558754760115,0.2305794894125131,0
3.1220249615962468,-2.4875830187403154,1
2.7909867470457863,0.6184004970674986,2
2.291696757506938,1.1418240914780664,2
2.32827594039167,2.637407304308846,0
1.9929501780856105,2.309230758701891,0
2.040660950255063,2.0589168245678424,0
1.4453597044975983,-0.5591318035480805,0
1.9803356417788007,1.9073608282733918,0
1.6178996223776125,1.459012854865587,0
3.1113585700544664,-2.3226734486911393,1
2.050110933108035,3.2031541435539443,4
1.852369807557077,1.4504603442464965,0
2.0629773411229566,1.8533514814943979,0
2.45551122133924,1.9404325256396189,0
2.1093316246771154,1.8673067726633323,0
2.391614822548099,2.037942022643151,0
1.3864253181228714,1.264593073953383,0
2.1718949002794026,2.289036714494765,0
2.8488492798929164,0.538912367038409,2
2.201196501924816,1.689516149825036,0
2.717645111784932,-1.2500092724380134,1
2.1562080942418445,2.5794068500568863,0
1.6448502078267702,1.0988404776674812,0
2.0913737311658425,1.9288539676371221,0
1.9812644231035181,2.0453777077996453,0
3.0217126472786493,-2.1853723981484237,1
2.3762751272678724,2.214036678795323,0
2.927082723833619,0.513468228272869,2
2.0104795927270023,3.2901189549560073,0
2.7466122493606093,-2.366299683716511,1
2.2669173416195534,1.8186731495932957,0
2.7764484282575594,-2.4926737374428667,1
2.8441138708824516,0.3391345679596709,2
1.7136149367477769,1.0375450722819053,0
2.5433139995615583,0.43371954424907244,2
2.2044586066393523,1.3147392214479603,0
2.0948164822387167,1.9473028174944633,0
3.1156251266711785,-2.38863727671081,1
1.949484931339528,2.354619352787529,0
2.7135983562226618,0.02555469555594922,2
3.043618686200277,0.6855710306557292,2
1.951330405029809,1.7935362087336006,3
2.2637205368670488,1.98276385010181,0
3.1012230258276636,-2.407695405671103,1
2.0774133591545776,1.9202659107551914,0
2.0567913567842413,2.171556292181177,0
2.8345614282900726,-1.9837787817193115,1
2.755136362674585,1.1941134459734692,2
1.8851805991240067,0.9336848183644374,0
1.3965721354804823,1.8161907675308315,0
2.1357372362615608,2.1269804634871834,0
2.3523958317491616,-2.384070013668443,1
2.139067233625202,1.6640809510841819,0
2.0376772900860396,0.20222974451640108,2
1.8824916365454942,-1.1135483399533699,1
3.0894899951317045,-2.2262948786170087,1
2.215582486319736,0.9265906294570052,0
2.3550515986802423,0.14374372603153046,2
2.7949372034993,-0.264243998514842,2
3.10922529174611,-2.289691534681304,1
3.0980231083651293,-2.35822253465635,1
2.1321778273973484,2.1930679338661174,0
3.096615007861678,-0.6055218180497008,2
2.028006050777534,2.3394592395354987,3
2.753170736009817,-2.3928764153233435,1
2.297348388669259,0.04824525860508014,2
1.7862689535764493,2.6936811082881222,0
2.724238873835591,0.5033101569756,2
1.876105169236008,1.1162539030059402,0
3.1001563866734854,-2.391204448666185,1
2.3442968436395613,-2.2917646599551422,1
2.098830239138611,1.8893725723126038,0
2.9511815382361695,-0.9819715788505426,1
2.350063853877878,2.1073887847288773,0
2.6485744533636093,0.4242500522354267,2
3.1156251266711785,-2.38863727671081,1
2.3512746062515717,1.977990440820323,0
2.680032205020847,-1.3059816630115118,1
3.0241614175010003,-2.1412353415850482,1
1.5380252193015966,1.8379299070791149,0
2.4246317205767993,-2.541981094161983,1
2.1303731105723656,2.216127657506069,0
2.137603729549554,1.5200434066193953,3
2.060395660005151,1.996066055902223,0
2.568280683979008,0.6915138821472137,2
1.4984258311198528,1.9984310257423221,0
2.658971673491443,-1.5167746319320423,1
2.990590739450116,-2.028365742650042,1
2.049069175410303,2.3844475987739977,0
2.2658538151754044,1.9497819360919748,0
3.1022896649818414,-2.4241863626760205,1
2.470775749819725,-1.169554204390336,1
2.8808134900333604,0.21010315193070656,2
3.1033563041360197,-2.440677319680938,1
2.183224927816422,2.5386793139741632,0
2.4206517433365304,0.5097295115735991,2
2.7132531289352113,-2.4405961144207406,1
2.07369328564403,2.0249787615353774,0
2.3565837942548318,-0.3627349782075664,2
1.9664774283412674,1.3497488727170484,0
3.1012230258276636,-2.407695405671103,1
3.108158652591932,-2.2732005776763864,1
2.029178938495508,1.9095026064969955,0
3.104422943290198,-2.457168276685856,1
2.9185496106001945,0.6453958843122102,2
2.4138908028441106,0.42898242264473707,2
2.467348162782922,1.1601021054686385,2
2.750935397992241,-2.3057696502648817,1
2.511783675259623,1.9380264692074594,0
2.3681587938705584,0.6148322057394313,0
3.0990897475193075,-2.3747134916612676,1
1.6932886278372294,1.8298322084761725,0
2.7795739956535797,0.7353117962870327,2
2.184210177526639,1.7338601278462031,0
1.3320886203963045,1.8736251064845177,0
3.110291930900288,-2.3061824916862217,1
2.9231288835110556,-1.9103242916082457,1
3.110291930900288,-2.3061824916862217,1
2.3263797485105604,1.7725542808314507,0
2.2925058454370513,2.085778295110883,0
1.5963951648358383,1.6583262195359911,0
2.2223197518985214,1.163954977158728,0
2.9405284150896502,0.5348932327440442,2
2.787938973760196,-2.3219987366645065,1
2.085198484769813,4.116194655762451,4
2.0685195180811022,2.374487304452828,0
2.4848375499546775,-1.4764773865493666,1
2.738549846335133,0.8795910781678273,2
2.1227252257216724,-0.5459955856194626,1
2.78339660082944,0.10802173134104578,2
1.4604952126392665,2.6651396850933122,0
2.109651464306171,2.096477699904533,0
2.9834794381769885,0.591980837124358,2
2.871326984267346,0.5172740344965404,2
2.1422055836550644,2.2116056374031987,0
2.72901023105456,-2.3358849416620515,1
2.764666921423938,0.3235201628870525,2
2.4760367553765787,-2.0561613997126305,1
2.8567846415911387,0.47153920490955026,2
2.384938126235964,1.5720129792675754,0
2.719229999179567,0.7298918008584039,2
2.913437320739332,1.513888888246805,2
2.748745527668966,-2.3992815977263464,1
3.120958322442069,-2.4710920617353977,1
2.1777460170917817,-1.0111649702596377,1
2.1883943381031497,2.1409568041785265,0
3.1145584875170003,-2.3721463197058923,1
2.2384623667846943,-1.602770205394718,1
1.9387028016934467,1.8881495683012748,0
2.673525172459265,-2.1173368513288855,1
2.660943998533846,0.4170091825738349,2
2.635143276460393,0.7794265966146516,2
2.1650364124003643,2.124732877006998,0
2.601865739823111,0.3704058772242642,2
2.3887076823481546,0.11326139287475434,0
2.894160410165511,-0.2211477230412476,2
2.3827354298660266,-1.9735797983869086,1
2.1867649617462463,-0.9229660159528653,1
2.702185563486733,-2.1249930014895657,1
3.1198916832878907,-2.45460110473048,1
1.2761239413449335,2.716852417454396,3
3.1012230258276636,-2.407695405671103,1
2.7976928173976794,-1.9899743437245843,1
1.5901059183811759,0.6106340008335911,0
2.0797649891482113,0.9338099044560098,0
2.3485006375978608,2.4128891982843963,0
2.032558614660939,1.1605943787217021,0
2.296453106737512,2.8095210148640493,3
2.3319635379244184,1.1962857712658082,0
3.0980231083651293,-2.35822253465635,1
3.1145584875170003,-2.3721463197058923,1
1.6558934713578473,2.0415518924226217,0
2.185485452986378,0.5424235702876274,0
1.8463074763674485,0.906115495859262,0
3.031627891580247,-2.2566720406194714,1
1.941971369755497,1.8748879988190659,0
2.288281942318852,0.6032454500543255,0
1.8688201020594113,0.17423689194541941,0
2.5854287803548415,0.5475749911162829,2
2.4119989750313633,0.37197780381849416,2
3.093756551748417,-2.2922587066366793,1
2.6163506298030623,0.517666039735671,2
2.248376253415147,2.16546020388717,0
2.357408788047976,2.2769009411631247,0
2.2731475250971758,2.0818955617179147,0
1.9236157414209012,1.0304469851994749,2
1.6922164597382985,1.9645284901156204,0
1.9000290441639625,1.7205828822155305,0
1.8018102860422562,1.9875452946359151,0
1.7131267022250758,0.2974452005861614,2
2.4057062810558105,2.057724640033789,0
1.745022174069323,2.1214912207777386,0
2.3524058593936434,1.2581476272481444,0
2.2945703757372224,1.7419823319782877,0
2.0765002491004743,2.087645253742173,0
2.0099075487960376,1.8136295263023494,0
2.1643731843876046,0.9755138131228588,0
3.0252280566551786,-2.157726298589966,1
2.1653817379439952,0.5709377584695258,0
1.9222195379693838,1.8093690084448673,0
2.7434123318980754,-2.3168268127017586,1
3.0766076182113684,-0.023314767309310896,2
2.2556634724342786,0.9131685813681976,0
3.1156251266711785,-2.38863727671081,1
2.2375405164426194,1.553552823734334,0
2.6480479282447464,1.0815222055902298,0
3.0980231083651293,-2.35822253465635,1
2.1539615421809124,1.7100968730179682,0
1.1611551526850215,1.8019778151820072,0
2.193120025449391,1.8846590194458648,0
1.4529642045446713,2.156865856293643,0
2.442169282849781,-1.1566027165465393,1
3.118825044133713,-2.4381101477255624,1
2.1152978238466384,-0.11140040305089087,2
2.060051793213303,2.6541118541321396,3
3.10922529174611,-2.289691534681304,1
2.7176752965581623,-0.07688161922095808,2
2.4681725762190942,-2.0984256314827046,1
2.2548727932709562,1.4362224423165404,0
2.253519832904826,2.0465329321053454,0
1.9033863891597913,1.5883363394162533,0
2.398645382157558,0.02871253607963274,2
2.771011613428687,-2.4957431135579204,1
2.8332314803545735,0.5931835275802898,2
2.7808061562736226,0.6731697614479752,2
2.0304478826914316,1.8717335300411828,0
2.2815158786010086,1.9581775080518649,0
2.9868257377725835,-2.019277981258911,1
1.9835499832917023,1.714761114953826,0
2.4401004605744925,-2.5394139222066077,1
2.113338336298886,2.040179840894203,0
1.985642667465341,1.2013664325283069,0
2.741279053589719,-2.2838448986919233,1
2.793525597005503,-0.06077196938713096,2
2.3123637356936664,2.1750663819125546,0
2.2331570047927234,1.9732003479832436,0
3.0725687662212606,-1.639374961834265,1
2.706376402844203,-2.450784893531337,1
2.0973931341229974,-2.495989276253558,1
2.490932982277351,1.2092103902145659,0
2.4015563933953294,0.1504887535318826,2
1.8234032394135407,2.1484030977153457,0
3.1177584049795346,-2.421619190720645,1
2.334987569995448,0.5953366948137079,0
0.917226522479711,0.5038874287444147,0
2.739145775281363,-2.250862984682088,1
2.103636268831259,0.33111891470983346,0
1.9642570208456307,2.8613840618414192,0
2.714386753527139,-1.8784126875045486,1
2.379674530110274,0.7470475183591242,0
2.1209207912334986,-0.5131433249620801,1
2.372465483225319,1.8119000707967703,0
1.6295966504164123,1.5995573088180506,0
2.292544945972164,0.3118372721676197,2
2.107763279119709,2.1910104299222057,0
3.091623273440061,-2.259276792626844,1
2.4582274985236134,1.9833494967087364,0
2.1203051202260146,3.067709607620722,0
3.118825044133713,-2.4381101477255624,1
3.1145584875170003,-2.3721463197058923,1
2.929216002141975,0.48048631426303373,2
3.1220249615962468,-2.4875830187403154,1
2.307989669474157,1.9591645508057596,0
2.832826186538161,0.4853962562148346,2
2.3205179928649318,0.39629204073571006,0
2.0100482425853032,1.3431014374240018,0
2.9503490733872813,1.1725128386097923,0
2.7601617243759327,-2.3972550879860606,1
2.7893392695070474,0.5412421054086343,2
2.933433689487766,0.42509649245435294,2
2.947917802060813,0.553166481605099,2
2.2484047680721666,2.1419816986064095,0
2.3579434782582465,2.2841398964672237,0
2.7174858160021493,-0.9690834766764238,2
3.1001563866734854,-2.391204448666185,1
2.080286749017933,0.2403966560578326,0
3.033761169888603,-2.289653954629306,1
2.38544087860297,1.9492729330947784,0
3.096956469210951,-2.3417315776514323,1
3.096956469210951,-2.3417315776514323,1
2.6999765679191343,-2.351839151501831,1
2.763171867241483,-2.403916774523957,1
2.7589053106247703,-2.3379529465042865,1
2.8377613457526065,-2.0332516527340645,1
1.9808610561942344,1.8525883688743696,0
1.8939967261714514,1.9431427987648444,0
2.328619611195535,0.8153222953756204,2
2.3687797688592584,0.9608356410123158,0
2.7111932017748956,-2.341897699516939,1
2.012828781475732,1.5979078694848647,0
2.092921162167347,2.1193756505293546,0
2.031588514602714,1.095232908717127,0
1.7314460147515007,2.196402731550812,3
2.1488672545012144,2.2025678350405276,0
1.4313180724221892,1.6926628620999096,0
2.1571760479609225,1.0419526704585016,0
1.7787986239353843,0.648017591480623,2
1.5633838777021494,-0.13603299852715198,0
1.7854388296213932,2.543193505746703,0
2.2165086042440283,2.5152599362556014,0
3.094823190902595,-2.308749663641597,1
2.347881767456663,1.929851103921948,0
2.650192215240724,-0.0539034754592405,2
2.185696239592157,2.0989264786050152,0
2.756713131643154,-2.4292770813785713,1
2.2380661697729223,2.042260997324902,0
2.592637897276541,0.6109702148071645,2
2.3052423858544135,1.4250843022038089,0
2.377727746641525,2.3278624678984143,0
2.4518276635985448,2.082295238738242,0
2.7795551218734245,0.4131040876754001,2
1.5619422913253176,0.9216727148950584,0
1.6229326416745717,1.6368514457640275,0
2.801082351141425,-2.0029747279821,1
2.2649045261251777,0.28450343446005943,2
2.258059353204776,-0.38819234289242344,2
2.474794792100197,-2.0554488062210097,1
3.0894899951317045,-2.2262948786170087,1
1.6278569797810025,1.1330961678495568,0
2.7466999717278178,0.3415199143338009,2
2.7197118645335396,-2.415235807566126,1
2.7738074069749334,-2.523746360357061,1
3.096956469210951,-2.3417315776514323,1
1.8822921631335827,0.9974150045511062,0
2.401082952114683,-0.1740914128051086,2
2.700043093478883,-1.2195945303835536,1
2.79530338514893,-1.759703620501169,1
2.715459758391608,-2.407861527536609,1
2.0194168883454306,1.9763784426211572,0
2.425698359730977,-2.5584720511669006,1
1.974399964809,2.726397386060116,0
2.249383628212884,-1.1673962662459814,1
3.116691765825357,-2.4051282337157276,1
2.121886006237065,2.289698676612143,0
2.123189326061117,1.9140809941290835,0
2.3130516791542055,1.3965811218438149,0
2.212457831037734,0.9782960745114221,0
2.7476788885147876,-2.3827906407214288,1
2.826458325781182,3.2211154221025255,2
1.0796588181253588,1.2753201792198983,0
2.9565114348056514,0.801191832364944,2
2.8966810356774326,0.7417744543863405,2
2.788056753228324,0.041689282197050155,3
2.3360685937779926,1.248783782284441,0
2.287403091240901,1.3043284088219533,0
2.398579637797506,-1.967100003565148,1
2.1693438653043744,1.0596049197481643,0
3.1001563866734854,-2.391204448666185,1
1.850311831488011,2.1460662817398632,0
2.7332767876712727,-2.4018487696817217,1
3.005494395232811,-2.066183680318288,1
2.1487471584307136,1.2877801397574722,0
2.182682284706656,1.6703093686299686,0
2.4109423660933493,1.906133001033735,0
2.911420877335009,0.5682536993963765,2
2.224767223488147,1.9373871742882436,0
2.080403600191961,1.9681708695956386,0
3.058474752590341,0.25703150177428863,2
2.0049510934331245,1.0425395269333653,0
2.7636002822697603,0.3400111198919702,2
1.9896834498212272,1.1763637694101439,0
2.2850406434830832,2.0607398011268994,0
3.1134918483628224,-2.3556553627009746,1
2.7354100659796288,-2.434830683691557,1
2.1510329420159073,1.8481287684777303,0
2.7765217794056,-2.4269572365489,1
2.9739347030681,0.27601131586889827,2
2.7795739956535797,0.7353117962870327,2
2.384368292100644,2.0263232712224655,0
2.121208675556985,1.9080562490659814,0
2.5303164633802138,-0.1987407922085723,2
2.6872666592051675,0.5508202675072984,2
2.314578937973189,1.6561645392981788,0
3.0980231083651293,-2.35822253465635,1
1.9897765537348586,2.132378101478457,0
2.9324382541238205,0.08189463420067128,2
1.298466552874522,1.279139812974776,0
1.541993412330009,1.4866521096719885,0
2.62374839039287,-0.4784220277360305,2
2.3462772073201528,2.1141093952037195,0
1.8924010565161844,1.7270439366941837,0
1.9076473121375284,2.611515900873604,0
2.448823122546262,1.4042329900116932,0
3.1134918483628224,-2.3556553627009746,1
1.9316536033289624,2.058376243942822,0
2.6696718673063855,1.0267957473409774,2
2.346283675562179,0.3791926399460187,2
1.32672833853185,1.8762773639261812,0
2.4158852850378416,1.7239512455489026,0
1.9752289392681293,1.0751037840626527,0
1.6011939419741505,1.7600151591206243,0
2.2894831551284973,0.3973952363177171,2
2.134306718003172,1.4887206749688031,0
2.704726538976425,0.38435455449887523,2
2.666334828605684,-2.1471483186819356,1
2.8217840856645195,0.1712067062792685,2
2.6466713763018275,0.44691324286421436,2
2.173396442459169,3.300181932581133,0
3.031312399666252,-2.333791011192682,1
2.115348918151028,2.1729898763508184,0
2.9180635146437806,0.10868358460110955,2
2.965774349224591,-1.8424696881654432,1
3.1134918483628224,-2.3556553627009746,1
1.832621495067972,0.665548458575121,2
0.9347896532994459,1.6310733358775684,0
1.8288283910110057,1.8215227024201546,0
2.0547090829920975,2.158294770539185,0
1.7821433625926983,1.9290218986519942,0
3.108158652591932,-2.2732005776763864,1
2.3702845800450953,1.6783165865668974,0
2.687825759743176,0.5543190727078452,2
1.9134320921716,0.8909491662101491,0
2.390091938844903,2.112557196991732,0
2.291577187050455,1.302888401351606,0
2.4835480801225125,-1.9919388765369166,1
2.3406325471760825,-2.196705429071522,1
2.4246219968028284,2.270789939352352,0
1.8979275529604545,1.9337477680913993,0
2.3584962352286833,0.4694549728178473,2
2.176650963037313,1.6428354686369404,0
2.016296685354999,0.16646851792995523,0
2.4899442865960166,-1.0274800791123995,1
2.4747755590294727,1.154426603523109,0
1.4717991033040103,1.8428320800915228,0
2.343056484060901,1.2341438816206742,0
2.720059165556886,0.4106013217778793,2
3.0369610873511372,-2.339126825644059,1
1.954914620993516,0.8727601787153116,0
2.7727115439129575,0.19512901119917506,2
2.8164213072884023,0.5513951685766748,2
2.424729980970393,0.9959515831745365,0
2.923882806371085,0.5629410992876217,2
2.397565250808257,2.2679870334982324,0
3.1220249615962468,-2.4875830187403154,1
3.094823190902595,-2.308749663641597,1
1.6968778757442728,1.553334962503258,0
2.4649748545823886,-2.0686504976020266,1
2.2996658529023346,1.9705776666395027,0
2.818340661916382,-2.550304962777978,1
3.0990897475193075,-2.3747134916612676,1
2.756870801471566,-1.1240573061871528,1
2.6733536868387433,-1.7043054136612381,1
2.331894449569735,0.1871552093326793,0
2.823095936127771,0.5081615706003262,2
2.1628753970544192,2.2652165374246085,0
2.6615937488071943,-1.2693946873331818,1
2.7907410732644973,0.5914251679213489,2
3.068161604822591,0.34976962016747826,2
1.8720021984108552,1.4751091507209617,0
2.550718418829092,0.5385807506199107,0
3.116691765825357,-2.4051282337157276,1
2.202199663917526,1.9196597010531242,0
3.118825044133713,-2.4381101477255624,1
3.0587514687162,0.5346607199689737,2
2.7116477379281605,1.4899168235423372,2
2.2212247563623047,0.7875432046922192,0
2.0973923654427633,1.7184127891092684,0
2.1029652625210833,0.06320727152249078,2
2.78178162402845,-2.5751285224674545,1
2.2542233821679036,0.9958079571925004,0
3.030022991270047,0.08552517456335498,2
3.020772218449503,-1.0558717295645041,1
1.7890071295598122,0.049093850638033454,0
1.2593612462382215,1.8274604841886402,0
2.5655200994491323,0.46470908015243817,2
2.8786024591279866,0.7916464286104944,2
1.780277764649598,1.9711190056109622,0
2.580463797502582,-0.4126866192699452,2
2.0068739644444133,2.2193618020490034,0
2.2575957689254533,2.1585760024260305,0
2.6812018080768576,1.1074914270959517,3
2.4305007081868895,-2.3909953091623493,1
3.095889830056773,-2.3252406206465146,1
2.4944022777834687,-0.1276150994954764,2
3.10922529174611,-2.289691534681304,1
3.0105104638976683,-2.253903398123469,1
1.956561824142985,-0.6041469363561999,1
2.8535837949602993,-0.80896871983474,2
3.1052767611749053,0.6209607971250625,2
1.9245309551761502,-0.21912433638852996,0
2.1091216273694475,1.363129970297505,0
3.1022896649818414,-2.4241863626760205,1
2.9930610016169665,-0.9919630162967149,1
2.0561352053957167,1.3665141262867666,0
2.451577742363184,1.3486250099701123,0
2.1515726167749896,-1.5692501507927936,1
2.1931464870798405,0.10669939876815354,2
2.022011460097138,-1.8911558347147845,1
1.4160958042372918,1.7057682663543066,0
2.647697430490643,0.47721349599758106,2
2.440334304583547,-0.40158837559016536,1
2.395959337994894,1.5956366115717466,0
2.1593007126796544,2.5980411066449607,0
3.091623273440061,-2.259276792626844,1
2.740212414435541,-2.2673539416870057,1
2.161709413236865,3.337035949583237,4
2.5391300674891055,-0.4689958357012427,2
2.8018052827645112,-2.5363811777284355,1
3.1198916832878907,-2.45460110473048,1
2.2777474918840035,2.030132927077442,0
2.2474423030060944,1.8602159400437535,0
1.8170037710179516,1.6507109011452616,0
2.442246212468123,-0.20210786928463773,0
3.110291930900288,-2.3061824916862217,1
3.104422943290198,-2.457168276685856,1
2.8500093387322836,0.5665723240726708,2
2.0597336986011254,-0.072897336525017,2
2.816173992357674,0.22540711726834955,2
2.631712328937094,-0.02205427192384639,2
2.2236935061541288,0.8238840340646661,0
2.1862456278694986,2.015584919983429,0
2.7855477239583477,-0.8777271441604103,1
2.4225271508296227,-2.628840532094741,1
1.770791677274489,2.354412696142343,0
3.1134918483628224,-2.3556553627009746,1
1.8185297721104265,-0.20259701930104332,2
3.007310546435134,-2.2044305271087166,1
2.382195442719693,2.17017902338023,0
2.6724468279832307,0.24592737890078883,2
2.6726364442644424,0.28239986565802555,2
2.115091709952279,2.1829456162311565,0
2.3726589929248414,1.9389163062024215,0
2.0161610033811663,1.6455555522334242,0
2.5896953369715536,0.48161116309661245,2
3.1001563866734854,-2.391204448666185,1
2.3638065680043567,1.9940993946422005,0
2.938638208474111,-1.9545483297911546,1
2.7578386714705925,-2.321461989499369,1
2.0005067007458033,2.104052076970638,0
2.1210264135929506,2.784775973891255,0
2.7963199428166767,0.5359457120429104,2
2.750878805977322,-2.4322635117361817,1
2.7263721521439472,0.47032824296576475,2
2.8574459757306094,0.20207116000910583,2
2.632764358612477,0.7081136637024051,2
2.7862422299138423,-1.8021767841245915,1
2.7624846316163274,-1.603151163842422,1
2.775381789103381,-2.476182780437949,1
2.842918332586824,0.6859216459734794,2
2.006450911101776,1.7383979521571002,0
1.513918049961603,1.608540913743628,0
2.7486683065054023,0.8408107704304557,0
2.7010432070733126,-2.3683301085067487,1
2.9217495280627284,0.5959230132974572,2
2.7566443616886365,0.19305982760162116,2
3.1001563866734854,-2.391204448666185,1
2.0977158991677167,1.7452906202059495,0
3.0208518786450957,-0.019508961085639348,2
2.722610396129492,-2.2369391996325456,1
2.978719690787438,0.9807097481702696,0
2.7446321761886794,0.07134975789872772,2
2.775395767731992,0.17587648806539513,2
2.1534312470707286,1.1624490570984825,0
2.16512708310034,1.7489408623970246,0
2.801098469515639,-1.8192373623239086,1
2.7834144456499916,-0.8447452301505752,2
3.104422943290198,-2.457168276685856,1
2.647908709748102,0.4085487738122628,2
2.4317987828879257,-0.8346509100241253,2
3.093756551748417,-2.2922587066366793,1
2.3728334505421658,2.091955871794372,0
2.7498121668231437,-2.415772554731264,1
2.7322101485170944,-2.385357812676804,1
2.01772582709285,1.7126255744657368,0
1.6332180444591755,1.1695990722088183,0
2.2122138737842425,1.1406109261481239,0
3.0027010081139567,-0.13926940892570455,2
2.278041721418811,1.532839977915616,0
1.243833713362508,1.8260857582715695,0
1.9680974829430165,2.4201665562949737,0
3.0990897475193075,-2.3747134916612676,1
2.272817235246472,1.9029570387688595,0
2.963144770178703,-1.1736908292856842,1
2.348199945470774,1.9548540320489827,0
2.42867994008711,-1.9676367507302857,1
2.0609862413599305,0.1141800005628903,0
2.4553197801000577,-1.2197611642346504,1
3.108158652591932,-2.2732005776763864,1
2.1349649847706726,1.8468487028979312,0
2.1855138238242917,2.5576302827379056,0
1.931971520211676,1.477881560815478,0
2.349565828199866,1.2590430519802327,0
2.157831104420997,2.1237197624670685,0
1.8409002057384507,2.112091797534331,0
2.7924086889467943,0.36611593573511436,2
2.6933028577380633,0.3970138830725958,2
2.7852412316123214,1.0058130415254871,2
2.0967160254948394,1.7670881902805773,0
2.4443309197395506,1.4825906109460893,0
2.770878241580004,-2.4429551400073963,1
2.272015830029295,0.5448400286637196,2
1.6362047169770537,1.0547481517078605,0
3.1033563041360197,-2.440677319680938,1
1.8330092180044235,2.7408704512259394,0
1.9452295921290674,1.3273951953649161,0
2.885831292663188,0.5398533851209467,2
2.4569790607584285,-0.99554119908888,1
2.11382382445349,1.8065572488234718,0
2.8763549567738957,0.1789004067332764,2
2.0148376650453224,1.8756102996236361,0
3.10922529174611,-2.289691534681304,1
2.914839474338352,1.303441867625344,0
2.4103339770403283,2.687709197970508,0
1.833654535743616,2.101854270335275,0
3.0894899951317045,-2.2262948786170087,1
2.3598511946802945,1.175501354274289,0
2.348939424994212,2.0108126902629686,0
1.9169705489691364,0.4479317511247459,0
3.1033563041360197,-2.440677319680938,1
2.4093346849260655,2.152029667986859,0
2.8790880701521933,-1.98895070568206,1
1.7169544238236942,2.0181382305372666,0
2.2457810871199855,2.2295518466149438,0
2.500788236641816,-1.940280019870577,1
2.1577195369559914,1.995857880190317,0
1.9760495277718035,1.8175867299328932,0
2.7839882534848464,-2.542393935583323,1
2.033246527461588,2.507217356121928,0
2.660919555348843,0.6691997674570594,2
3.110291930900288,-2.3061824916862217,1
2.158722527203468,-1.0612039345601063,1
2.2181879110802045,1.7682345452929566,0
3.0193551648640553,1.1821338392521235,0
2.411104753427823,0.8038227748715103,2
2.0581393152496976,1.8253054754162854,0
1.7028521376439905,1.7671344573694183,0
1.7075249133735233,2.2878346576340554,0
2.839657180231393,1.2228406468976176,3
2.047548353144264,2.1546491883962284,0
3.120958322442069,-2.4710920617353977,1
2.2332089133155715,0.9548085643290712,0
2.885341796172363,1.015448969704875,2
2.9868257377725835,-2.019277981258911,1
2.073526250880918,1.805039224068854,0
2.9800895202193196,-0.04343626467691236,2
2.1968356491548033,1.695041623032143,0
3.0374894653492936,-0.029911524471068235,2
2.2027834608099686,2.1217707387656466,0
1.9650074304167953,0.08767451928654305,0
1.8035581534472427,2.6715817011378276,3
2.892833158789275,0.759221338872052,2
3.092689912594239,-2.2757677496317616,1
1.9723825955309404,3.0820273006060237,0
2.7943388086852647,-2.420944478694013,1
3.1134918483628224,-2.3556553627009746,1
1.9809954780214607,0.534731277571208,0
2.552143157864156,-0.4100419563808716,2
2.7890037963239878,-1.88012524778829,1
3.1113585700544664,-2.3226734486911393,1
1.484311721148414,1.811026369023815,0
2.1985662136216506,2.380770619941718,0
2.7620463274140445,-2.5117318664031596,1
2.7673673625956288,-2.378059368658738,1
3.1001563866734854,-2.391204448666185,1
2.657937190315156,0.10751404085139243,2
1.8973084655718435,0.8869290899249804,0
3.096956469210951,-2.3417315776514323,1
2.075441893238745,1.2779662733545856,3
2.311257021631717,-0.009942204719771641,2
2.191637704268519,2.198739411185827,0
2.968887308820316,-1.7844977810714855,1
3.1012230258276636,-2.407695405671103,1
1.629838752548428,1.710613894914224,0
2.54021460819977,0.2473438857831886,2
2.4150319681891967,-2.3935624811177245,1
2.3698015257536476,1.028678601166285,0
2.1784044424695237,1.8245944334336825,0
2.2814587954927843,-1.3786592780092923,1
2.13700301736985,2.8984138086269704,3
2.548905797281588,0.7162492435607302,0
1.528144252848994,1.6364917618060708,0
1.9523415374901276,1.69383797669053,0
2.1161159820199784,1.464946633947592,0
1.7052173750014645,2.1110694461831714,0
3.1012230258276636,-2.407695405671103,1
2.4035258265346697,1.2601521107182363,0
2.2164794313943053,1.6061771739492352,0
1.3443617378345878,1.243080751528714,0
2.194900347659123,-2.2000100575037838,1
2.079584054398521,2.188887241129469,0
1.9677384684578345,1.2467641610709124,0
2.240157650668265,2.435385076773977,0
2.338771828281331,1.846343542351963,0
3.1001563866734854,-2.391204448666185,1
2.8818801291875387,0.1936121949257889,2
2.6826695268204515,0.0900203289346879,2
2.1881182363390392,2.3360560416351945,0
2.876798921643275,0.6191005622959517,2
2.754031900906292,-2.4136084546239487,1
3.0502965490404743,-2.3035777396788486,1
1.8173686399180564,1.000722871992786,0
2.3231347839082344,1.8845141477049405,0
3.1012230258276636,-2.407695405671103,1
1.8532477470887858,-0.6684100267218993,1
2.189827566586035,1.8117845044197394,0
3.096956469210951,-2.3417315776514323,1
2.4409688370178846,2.0628443045191838,0
3.095889830056773,-2.3252406206465146,1
2.7640979484473918,-1.1513105435492124,1
2.9313492804503314,0.44750440025319843,2
2.304706466318793,1.512813379578569,0
3.0894899951317045,-2.2262948786170087,1
2.796472086993621,-2.4539263927038477,1
2.67202431940416,0.9494795990403582,0
2.422537017041255,2.360233957018729,0
2.277380480327661,2.1360881178395377,0
3.0246897954991567,0.16797995958794312,2
1.8741720949795286,2.1400114324248865,0
3.0990897475193075,-2.3747134916612676,1
2.093504775532955,-1.8505377052645346,1
3.116691765825357,-2.4051282337157276,1
2.798051458592284,0.8203977210039712,2
2.696673302348926,0.7613696672002351,2
2.106700444511136,1.8486355196893873,0
1.8044424875212788,2.570178600821999,0
2.3350099445711976,0.4819259443158011,2
2.455904743483024,0.13916652213809505,0
3.1177584049795346,-2.421619190720645,1
2.9909859823281097,0.44223783505205405,2
2.908220959872475,0.6177265704111294,2
1.9825434235314265,0.9037445205348942,0
2.0432390149537327,2.0464396396698294,0
2.5962119824166443,0.7913259948140129,2
2.469446809485742,1.8391517310385894,0
2.773144891737043,-2.5287250275677553,1
2.08483914723235,1.0526588185100787,0
1.6769045740819928,1.2926250564069102,0
2.000338445886782,1.853360084327803,0
2.0827193769836354,2.9594205039902315,0
2.206020978206525,2.4221600299928845,3
2.1092059852801963,1.6771270888152077,0
2.421472279270906,-2.5012891344599453,1
2.616924998609427,0.6055175868655926,2
2.9034995503310554,0.5943117688228757,2
2.553110411247431,0.2368018280701012,2
2.1395362693555025,1.882412353639293,0
2.908333111056423,1.0135286955652472,2
2.6668422737142063,-0.06884950159558276,2
3.090556634285883,-2.2427858356219263,1
2.6406953092319285,-1.0535749202508322,1
2.305612595586451,1.9122434943402302,0
3.041815356448622,-0.2910153715194937,2
2.0075273003321112,1.8587327657083637,0
3.1134918483628224,-2.3556553627009746,1
1.8261997108026242,0.961762999409866,0
2.112225057301888,1.8940758996401899,0
2.2412471934546883,2.3828199796525857,0
3.093756551748417,-2.2922587066366793,1
1.5770563659472427,1.7742264419475045,0
2.1347591507351784,1.3979567623960534,0
2.395978822046726,1.887496360810756,0
2.7696421244732106,0.37025518087269504,2
2.21974994287892,1.8637660192928291,0
1.9154153402456966,1.6739158670845846,3
2.3637636320245976,1.7307131528380217,0
2.449801591858723,1.6022141340370868,0
3.1113585700544664,-2.3226734486911393,1
2.739145775281363,-2.250862984682088,1
1.779813938347157,1.7474397014028322,0
2.1548507977902283,1.866565292467333,0
3.1070920134377538,-2.2567096206714687,1
2.3014033942832435,-1.3416567800047319,1
2.0745289586217606,1.8592729563109387,0
3.0545631056571865,-2.369541567698519,1
3.1198916832878907,-2.45460110473048,1
2.0422479939318325,2.2958013216195754,0
2.2268206080956543,-0.4897344468415262,1
2.0259936949703987,1.827297483256123,0
2.550332823239903,0.7314273851319372,2
3.0305612524260686,-2.2401810836145537,1
2.8914798815751412,0.045193581881530276,2
2.6596218107440075,0.8759987692706455,2
2.075831878300929,1.4197444949216431,0
2.7743151499492034,-2.4596918234330314,1
2.9847607332788706,-1.996586298442739,1
2.163255770770474,1.2389931522825,0
1.713011671559736,1.7157635028196607,0
2.7552019546089532,-2.3717334782845523,1
2.525308357545902,-1.1441511180228692,1
2.5671720431054865,-2.147514472628715,1
2.2779238807013495,2.128465099716771,0
1.9677791191714038,1.323373480246388,0
1.558393952986545,0.3502710844283781,0
2.7868343485904177,-0.033933668168770324,0
2.402059281230428,2.275596793256758,0
2.3422373418671643,1.8014172346016246,0
2.1666756473732307,0.9961250973426881,0
2.0975547911590846,0.6481765131357105,0
1.953970928929425,0.8861936273794471,0
2.0877910431614826,1.7688910090772434,0
2.501854875795994,-1.9567709768754948,1
2.843512334626411,0.5963767674665151,2
2.7526861954226214,-2.461217901235755,1
3.128742822566823,0.2581597430168747,2
1.9373033616738877,0.800529557599229,0
3.0582322303011753,-0.12163744614356961,2
2.257232695791849,2.2407175144168305,0
2.163267940391743,2.3679305845106526,0
3.0406967966528713,-2.15515912663459,1
2.507247847856582,0.35857994625374273,2
1.9847389334828396,1.334497170736453,0
1.918435152789319,0.8559492220836716,0
2.3319434888157464,1.8180280964383004,0
1.9821915765231934,2.0667046655518946,0
2.4292815937471715,-2.620250677401443,1
2.269715396701156,2.1697942326343935,0
2.2343650872855547,-0.4095811565412941,2
1.9050607482861288,1.6964289075016146,0
2.9439333130874457,0.8160758793377879,2
1.5320047775724648,0.6746775667657458,0
2.8476882356549758,0.7505250140675077,2
2.7985033026114645,-1.8091764915159219,1
2.169979147616707,0.9883984204261183,0
2.8084951906297992,0.8383581335892678,2
2.438336284489632,-1.9895615023032442,1
2.661016660190072,0.6225526622336949,2
1.6770278445629363,1.1885468854805679,0
2.5967044446973353,-0.1295732088161254,2
3.1145584875170003,-2.3721463197058923,1
2.356733941587569,1.8620746601388274,0
2.838360220279539,-1.075677456699238,1
3.0990897475193075,-2.3747134916612676,1
1.7081213569254654,1.785333960253903,0
2.7474808955278016,0.4426349161490415,2
2.923759508276778,0.28232206752830036,2
2.2072169960598877,1.9213432382382178,0
2.1792977379456833,2.8569550178348013,0
2.0494001854430572,-0.28900575636686215,2
1.4990765683508513,0.9308545084481878,0
1.718619155461783,1.1688194743326135,0
2.241141926181202,-0.0063542755522436045,0
3.0980231083651293,-2.35822253465635,1
1.9791163284432964,0.6272395086330635,0
1.8539362519450102,1.89327696324202,0
2.6778861564344654,-1.2253599611127373,1
2.772078252582865,-2.512234070562838,1
2.1808824007741414,2.0087579760886025,0
2.504853928985792,1.6969488397627663,0
2.5351436852269202,-2.1124645537766447,1
2.8194916329068613,0.6836518068792802,2
3.091623273440061,-2.259276792626844,1
2.3859658044401604,0.7004416458772575,2
3.108158652591932,-2.2732005776763864,1
3.0990897475193075,-2.3747134916612676,1
2.2467013137512355,0.30944900278640636,0
2.7542373751639952,-2.4093673723282616,1
3.1145584875170003,-2.3721463197058923,1
2.8940443021776243,-0.7947086526680434,2
2.1497686177998028,2.826330267688239,3
2.478221350065411,0.1943600965036474,2
2.6457747201935127,0.3247531108128362,2
3.0216732295090867,0.5842834699172655,2
2.325685933578347,0.11345969122536853,0
2.167228825054743,0.41703448320912884,2
1.712635925203955,1.7573907738446803,0
2.121861321417095,2.478002837254944,0
2.1855859303064467,1.805374052566732,0
2.4600581641968184,-1.9975065270153387,1
2.7871737204726004,-2.533277258607922,1
2.097694637827723,0.959989055359985,0
2.2397165525708465,1.5556067958227395,0
2.6570025231028183,-0.011348477014748393,2
3.104422943290198,-2.457168276685856,1
1.8741885587279887,0.8318830279546391,0
2.184287030262888,1.563817123522703,0
2.0401697841570714,1.2351124961268773,0
2.8366947065984287,-2.016760695729147,1
3.0990897475193075,-2.3747134916612676,1
2.7727716196290855,-2.5523353875682155,1
2.192986521196942,3.066911517717387,0
2.3866700028788763,0.1743047807781149,2
1.5754456639465395,1.5144765917527987,0
2.1445969833151777,1.9776934552485939,0
3.104422943290198,-2.457168276685856,1
2.4300995169428328,-0.3145161983402708,2
1.9955599459924158,1.2164237275457963,0
3.096956469210951,-2.3417315776514323,1
2.1921900450062117,-0.287314291724451,2
3.098876926249837,0.719906539154568,2
2.184680300680877,2.1465326356641232,0
2.4320247640677484,2.262212881254558,0
2.043455625380207,1.4870786417467432,0
2.087523775746501,1.9204413366888144,0
2.756713131643154,-2.4292770813785713,1
2.134735036646665,-0.14632525330364415,2
2.710101943417751,0.03374966212957052,2
2.98334682102841,0.42812445954925693,2
2.2911156309886116,1.8097588950076062,0
2.2486979322389415,0.9354888226786412,0
2.5968985358421355,0.2420142494488999,2
1.4935348081706599,1.3835683804198153,0
2.852430985129779,0.29634630149177243,2
3.1033563041360197,-2.440677319680938,1
3.108158652591932,-2.2732005776763864,1
2.135755384676699,1.924608461181767,0
1.3084552678532837,1.6295873865665726,0
1.8867331874021587,2.9323763144709503,0
3.095889830056773,-2.3252406206465146,1
2.765707686649265,0.949694237350962,2
3.093756551748417,-2.2922587066366793,1
1.8393561035273869,0.14340742308851845,0
3.0524298273488304,-2.336559653688684,1
2.1740273454557144,1.7875384445877738,0
2.6310211170943982,-0.9508784273515478,2
2.827043795846591,-0.13130633394492716,2
2.1120332552985985,2.472083603642465,0
3.051914451093447,-1.0487629151992526,1
2.7759406852832895,-2.5567282743668964,1
1.4796245129162708,0.9069465301859967,0
1.9348376250201387,1.3115541416611538,0
2.6060632833070185,-0.04790676175936698,2
2.2535226979766936,1.9970102001000583,0
3.092689912594239,-2.2757677496317616,1
2.668993406053032,0.6110080591837724,2
2.7068004294424126,0.3047709005672971,2
1.7143657938912686,1.963169845359802,0
3.1012230258276636,-2.407695405671103,1
2.997973481523427,-0.06322072441577879,2
2.09944162167792,1.5740853386040434,0
2.234642773717893,1.4844185693403138,0
3.0406967966528713,-2.15515912663459,1
2.998394197387857,-1.074417801321303,1
1.5642906533582641,2.0325075435937183,0
1.7524350272722282,-0.220446504470553,2
2.4535176302972985,-1.91091229945438,1
2.287824597650493,1.8569245876819578,0
2.850297706821423,0.32932821550160774,2
2.14933238744186,1.9502885980854314,0
1.9606698757193621,0.5757183847355568,0
2.942443621646581,0.5699217682328819,2
2.748745527668966,-2.3992815977263464,1
2.5964095001499308,-2.019744169803412,1
2.936484488264953,-0.8350265907479425,2
1.2520858790604705,1.9319751660397995,0
2.1259642153884193,-0.27630997310006716,2
1.9624544686465084,1.706817617479757,0
3.1220249615962468,-2.4875830187403154,1
2.634941850285803,-0.6364501930855986,2
3.1220249615962468,-2.4875830187403154,1
3.096956469210951,-2.3417315776514323,1
1.5488178031945392,1.8513738022854422,0
2.0302346552948993,-0.4782593356931436,1
2.4110950665640947,-0.33494743523646076,2
3.007150771416877,0.16633502867607572,2
3.1220249615962468,-2.4875830187403154,1
2.419525565709066,2.0640724834318878,0
2.5502681775287996,0.3065120300571166,2
2.985155146298588,0.056868469452185516,2
1.6316585378038675,1.3582709399203898,0
3.1156251266711785,-2.38863727671081,1
1.3577016446213834,1.1410654701038447,0
2.7851149873263945,-1.8999916668420351,1
1.7383529249483607,1.8548201093721843,0
1.9435881269215318,1.6698963801340179,0
2.4231874650270826,2.1993430073523705,0
3.0990897475193075,-2.3747134916612676,1
2.133346966231544,-2.071733774275405,1
2.6786857133932824,0.41074384356128246,2
2.096516746092917,1.186367480793779,0
2.112581044988579,-2.107100551452495,1
3.1145584875170003,-2.3721463197058923,1
1.753218890199739,2.0523868324487724,0
2.7599130491056885,-2.4787499523933243,1
2.9514652153658614,-0.11306855575336347,2
2.870998604502485,-0.10290598820460488,2
1.8370006693567824,-0.17038186045477033,0
2.7047840686893148,0.6803658503080552,2
1.9981101121164868,1.633771844334763,0
2.634361968801306,0.4416644100323704,2
2.725305512989769,0.4868191999706823,2
3.025170122590609,-0.02418989875499572,2
2.8580077545679177,0.37193486826042677,2
2.7004263292927355,-2.217679600131626,1
2.219718024438648,1.7700641920126823,0
2.0628566992487882,-0.14698417987126236,0
3.120958322442069,-2.4710920617353977,1
1.9835089517238542,0.31976875545631356,2
1.9280084444305097,1.917325331070936,0
2.9467009083373785,0.16811405865039308,2
2.2099604223170215,1.6633643656017667,3
2.572485300224047,0.422118634259517,2
2.0875311389830387,2.8519947415569424,3
2.707371980735815,-2.375454616651365,1
2.479986300873233,-1.8603924068013644,1
2.8321648412003957,0.6096744845852073,2
1.026382631962275,1.2342139697173553,0
2.37493410108519,1.9767590383885674,0
2.0067692516870306,1.7757052913292832,0
2.7792038078400707,-2.5010939623685178,1
2.0594713119614596,1.071672110469651,0
2.1335568838025467,0.34327526840011385,0
1.9830578025928696,1.7496746706478896,0
2.0035579746560823,2.0085308682646534,0
2.3970472088217196,2.519550737797459,0
2.2331436092707957,2.2141180626260093,0
2.205604546266141,2.274070838329843,0
3.0512849946369536,0.650097419003397,2
2.1346969845099553,1.7266926487201961,0
2.276888667395988,2.1069787703435634,0
2.203154923824561,0.9815227326681029,0
2.7276280999863873,-2.3965129552303446,1
2.7733745837265333,0.6510103492720879,2
2.086733671226287,2.636686909551651,0
2.9332894522577706,0.4718751293222463,2
2.007551720192737,1.6311344917365376,0
2.112331463934999,1.439166193679373,0
1.9910907070713726,1.25364744715796,0
2.451438396042801,1.6859472626208694,0
1.9406425829899379,0.9538068684134822,0
2.5366888207501246,0.871752177369818,2
1.9983615420985534,2.029891930493719,0
2.2219818796344306,-0.2694213200158806,2
1.9816578059678536,-0.020535822465511357,0
2.7406447743759657,0.4404241826753854,2
2.2164855030637094,-2.266839266730553,1
2.2363837501318518,2.2304277368503262,0
3.092689912594239,-2.2757677496317616,1
2.886713692632734,0.17017905729403202,2
2.2682937623027852,2.2568100942971268,0
2.7629513249535287,-1.0611925347596134,2
2.2684077112320447,1.6809925765470353,0
2.0576169975720093,-0.09899483948080179,0
2.299471677974134,2.5499943074702007,3
2.4062991717449886,-1.0557003008518056,1
2.9356381715863544,0.03242176318591822,2
3.091623273440061,-2.259276792626844,1
2.3008494837997477,0.16796619317752945,0
2.9863907053967247,0.5197231825979384,2
1.7861763698642772,2.4064418083057406,0
2.329346390699203,2.1988954100906297,0
2.7599130491056885,-2.4787499523933243,1
1.49221449893441,1.2325705544984253,0
2.8580077545679177,0.37193486826042677,2
2.2681639428708786,0.5407003981731602,0
1.673596718459202,2.328083394833369,0
1.8328985357075533,-1.2649714009430717,2
2.4648531166184253,-2.3989063363570042,1
3.1022896649818414,-2.4241863626760205,1
2.262130043910514,1.7745991824118197,0
2.286168279774646,1.197477405079825,0
2.898409928227413,0.8348099056407062,2
2.071849346832722,2.0231018935002245,0
1.5791668839570034,2.1680254119278612,0
2.1098405627182206,2.2939106466043726,0
2.5596108085085274,0.37648469180405136,2
2.8781805793993094,0.30210671333337313,2
2.9854421799865154,0.6996418477850597,2
2.2702497387403024,1.8939192572457106,0
2.3713435654183717,1.7508241634874424,0
1.9866382687905082,0.9947418571262827,0
3.1220249615962468,-2.4875830187403154,1
3.1033563041360197,-2.440677319680938,1
2.8840944864850373,-0.2899405468580681,2
3.04709663157794,-2.254104868664096,1
3.1145584875170003,-2.3721463197058923,1
1.8152692073668923,1.1964794739531455,0
2.4168091001768133,1.5549475473365963,0
2.0176258523114763,1.5124940012550163,0
2.811019087387522,-1.0820087006631967,1
2.1320340431035394,-0.5973393875644191,2
2.4480242648836725,2.16239636034983,0
2.4121265118604533,1.9997995964975317,0
3.0417634358070496,-2.171650083639508,1
1.8718633857579234,1.9228321632241754,0
2.256991038099108,2.0444098468452143,0
3.1145584875170003,-2.3721463197058923,1
2.2522093387522264,1.851888151108936,0
2.721038956373057,0.5527830279903527,2
2.1583952911363555,0.814025728167753,0
1.991644236296802,2.2164511049299476,0
3.093756551748417,-2.2922587066366793,1
2.049838652958881,-0.5436744329428159,2
2.6872539992818725,0.4637314858040073,2
2.99166208544099,-0.6099802275195473,1
2.17354503769777,2.569227206043049,0
3.0894899951317045,-2.2262948786170087,1
2.2120144463697713,1.8736950865551092,0
2.8076742703746014,-2.385395392728802,1
2.3581706884648965,1.2148753769455478,0
2.3502125928227953,1.6812209565886451,0
2.3534723434117595,1.9068777491604072,0
2.236510321335095,0.9758027358824292,0
1.982546350158688,1.3333835897017134,0
1.1182646792714193,1.2381212199973073,0
2.3224747825065224,1.878118535316892,0
2.7370050831319634,-0.14210633952348367,2
1.7220176317619953,3.0745262325140965,0
2.756268593763131,-2.38822443528947,1
3.0556297448113643,-2.386032524703437,1
2.105461077345807,1.8418105802551419,0
1.9640503246589283,1.7841356289154096,0
3.0438967141154056,-2.204631997649343,1
1.9634720626104305,-0.11548947982608163,0
2.367232057716501,-2.40463418703419,1
1.9696072784340422,1.2891737466937314,0
3.035439861955562,0.9568917632775671,0
3.10922529174611,-2.289691534681304,1
1.68950614743249,-0.5029832728720156,1
2.3867588976577725,1.9006522450282843,0
2.7494581429177742,1.1023836829489009,2
2.2490366522837224,2.3957231352853077,0
2.6273500948412947,0.9373801051013206,0
3.10922529174611,-2.289691534681304,1
2.094148305171397,-1.1404468487006778,1
2.391556939897116,1.9626938627583819,0
2.9060869703178858,0.5339309074117029,2
1.962769945117606,2.183751448133579,0
3.1070920134377538,-2.2567096206714687,1
2.7727716196290855,-2.5523353875682155,1
1.9890671806966242,0.9476067751219057,3
3.108158652591932,-2.2732005776763864,1
2.465952000187719,-0.9721747775348185,2
1.1512096403341303,1.7528354919746487,0
2.103422377654411,2.4049010324876536,0
2.4220317410542553,-2.4552306297969175,1
1.5016964911028041,2.1813881586545656,0
1.793434302754418,1.4091474015316896,0
2.33564824227341,2.5821497194786254,3
2.6759690058023415,-0.7270022064929741,2
2.1268775179051,1.9539095566577513,0
2.1148559634618396,-1.9327753057767074,1
3.094823190902595,-2.308749663641597,1
2.235297255478786,2.152894148109726,0
3.116691765825357,-2.4051282337157276,1
2.2319130993219884,2.4049589481254054,0
2.140202248122263,2.02714678827047,0
3.02541767728077,0.13661944653611285,2
3.1177584049795346,-2.421619190720645,1
2.740429553624912,-1.116178984418383,2
2.121904714879652,2.0818395275067467,0
3.108158652591932,-2.2732005776763864,1
3.0638079483612315,0.17457671674970057,2
2.76039150941134,0.46073792895897836,2
2.7455456102064315,-2.349808726711594,1
2.6168892599878473,0.02559194433348161,2
1.6777352891450785,0.8836638658763539,0
2.432919364062621,2.1023821184746545,0
2.71859284798074,0.16997211343494606,2
2.7145684433596333,-2.3755922070183946,1
3.118825044133713,-2.4381101477255624,1
2.7610530394079067,-2.429524408504275,1
2.8787934583465926,0.4018373354621172,2
2.2624927872503267,1.7582410793723657,0
1.736610441330443,1.6487336724979809,0
1.3158645153896882,1.9899167309069878,0
1.9012695108776023,1.5193200077652336,0
2.7844469620943526,0.36484836859708825,2
2.3453634827937395,-2.30825561696006,1
2.448961818901914,-1.9719313464556012,1
1.6753006381904745,1.436207859526671,0
2.8411957048455907,0.2625280421617805,2
2.808739092938393,-1.9435219038525848,1
2.0048159917449424,1.8046613504655704,0
3.1033563041360197,-2.440677319680938,1
2.45954361704313,-1.2320394781843245,1
2.236233795296938,2.1883838213964877,0
2.2861414666591133,1.765414664081072,0
2.769571702166551,-2.5028625165534626,1
2.7800805185013115,-2.3942301995730393,1
2.7912064387217876,0.03516039952905056,2
1.1925271008246532,2.1390747667897205,0
2.755646492488976,-2.412786124373654,1
3.1022896649818414,-2.4241863626760205,1
2.889346603266785,0.07817549589136547,2
1.8335876626091665,1.0176549338434155,0
2.1609935725457032,1.357520078968308,0
3.091623273440061,-2.259276792626844,1
2.3412982848136625,2.282433796890708,0
3.041408526123492,0.5208868138529705,2
2.2066351155757187,1.5029341864229124,0
1.4892963385686702,-0.03151121272321485,0
2.07558581082081,1.8391168890493357,0
2.470727594639766,1.5650708772598565,0
0.8914384144169536,1.028595803676148,0
2.9466536375724717,-0.1362081792578785,2
3.1134918483628224,-2.3556553627009746,1
3.0044277560786328,-2.049692723313371,1
2.180750208545654,1.3826532248471952,0
2.198106512081638,-0.04064790062854201,2
2.4909722231109583,0.16829082089409228,2
2.2197725330242357,0.2570270428678868,0
2.313795367443259,-2.1405343699080053,1
3.1134918483628224,-2.3556553627009746,1
1.822546442769475,1.08207606464605,0
2.8835137751702,0.21965192830878488,2
2.3459567928379226,0.3450371511928466,2
2.9632086533701263,0.549951231027455,2
2.2923865169412894,2.653177421563335,3
2.463090505524435,-2.0297507477613848,1
2.1417200361400672,2.095674401095044,0
2.715459758391608,-2.407861527536609,1
2.5462278698716148,0.4347090813993467,2
3.096956469210951,-2.3417315776514323,1
1.746849208279494,1.1784806558480663,0
2.0054861198725518,1.3183014796114498,0
2.0434482496620414,2.662240965511369,3
2.81763384866751,-1.8331611473734508,1
3.1087570474059674,-0.11650009749721595,2
2.767438423858195,-2.4698806025436277,1
2.9868257377725835,-2.019277981258911,1
2.811940826991314,-2.4513592207484725,1
2.761611002158714,-2.3601671148489753,1
3.1416927469862164,0.4618116389174869,2
1.895116362495891,2.0278673289169458,0
2.7114392039854542,0.7012016410346117,2
2.1868600913544327,2.2020489158085135,0
2.342050221776035,2.069199385075461,0
1.907271975078674,0.8241112371819982,0
1.6789369497988824,2.4274068548947536,0
1.9599278433271548,3.0785133551991826,0
3.0094438247434905,-2.237412441118552,1
2.9807467884847516,-1.204105571340144,1
1.9522434225992356,1.9390472343862035,0
2.376418618663824,0.10424122258593976,2
2.3269134069530217,-0.5516196164477261,2
2.807359657596421,-1.8049454266205933,1
1.7811988110673254,2.2344184536090212,3
1.8498073876777685,1.9112948653014508,0
2.267618590617662,2.2112043576386853,0
3.003043989818422,-2.1384666990890464,1
2.781157438245808,-1.9760505586750419,1
2.809492935904777,-1.8379273406304286,1
2.0560322447627337,1.9924200808722463,0
2.8769636856758747,-0.0829457096213329,2
3.108158652591932,-2.2732005776763864,1
1.8099060890174559,1.9701961340088299,0
3.1220249615962468,-2.4875830187403154,1
2.142858640245045,1.8785413018312913,0
1.7949754691581028,-0.3556963062109578,2
2.9896736718512904,-0.6571318191299653,2
2.820833766130044,-1.8826340183882038,1
1.515951177657649,2.6554654453485784,0
2.3170224558024994,0.6805751017034726,2
2.8334947891358944,-1.967287824714394,1
2.686269048025919,-2.4202408356902563,1
2.256722995189584,-0.46365703787426626,1
2.4931120762788113,-1.7775992012829664,1
3.116691765825357,-2.4051282337157276,1
2.397478876683868,1.6275816952034015,0
2.811626214213133,-1.870909254640264,1
2.466188327718732,-1.9892376510756358,1
2.273882464073186,2.225825043471186,0
2.2678087767556327,1.711612031795036,0
2.7580284460675766,-2.3642731739762253,1
2.565763165409091,-0.14562126373753395,2
3.0545631056571865,-2.369541567698519,1
2.6354322676966375,0.5882537990898802,2
2.8099524482333442,-1.065517743658279,1
1.9419764205710985,1.020185873262266,0
3.038556104503472,-0.0464024814759859,2
2.8041827924620506,-1.8002181246709292,1
2.4209243268424,-2.518602421715157,1
2.2954521606155454,2.986119220511689,0
2.3323670621590424,1.7833737381595283,0
2.4353974889484813,-2.5913655266397537,1
2.4214035093163884,0.12104777452024779,2
2.0987000119275474,0.006091856325672921,0
2.2130767589393106,2.818268255748575,0
3.094823190902595,-2.308749663641597,1
2.2649813170099997,0.5971390440300882,0
2.210870626836816,1.1992733765748138,0
3.1156251266711785,-2.38863727671081,1
3.094823190902595,-2.308749663641597,1
1.509675998005894,1.976356069745608,0
1.9999208648972229,1.223420360115794,0
2.1202307139291414,1.077955381947515,0
2.427945465344015,-2.534518375595484,1
3.077824511934803,0.36173765564539495,2
1.8875246300792778,0.21954624268897954,2
2.1409588835385582,2.754091113487745,0
2.3959479622531816,2.0616412089443363,0
2.457696113170251,-2.056870781233924,1
2.4168011590053124,2.0365929689524354,0
2.220973940325066,0.8865453239943465,0
3.116691765825357,-2.4051282337157276,1
1.5617789093418826,1.5550789290199953,0
2.2882651376168783,1.0514777207513635,0
2.7053097636900247,-2.4342939365264193,1
3.032694530734425,-2.273162997624389,1
2.1986895856806754,2.4194890685274646,0
3.096956469210951,-2.3417315776514323,1
2.764497742122639,0.16524615378147092,2
2.7004367123644335,1.125180593900114,2
2.8402926606174077,0.36995955718041135,2
2.852523354078514,-0.9246709788326558,2
2.4412937527458607,1.0922302385721432,0
2.422179869595544,1.7070757121195341,0
2.4260631266842623,2.237164547716305,0
2.700864489735304,1.3078360065601156,2
2.787938973760196,-2.3219987366645065,1
2.370815474638424,0.4585458067226646,2
2.159083058334845,2.3461134809293007,0
2.0187789568403787,1.3182534527938021,0
3.1113585700544664,-2.3226734486911393,1
2.5629429892917184,-2.1848857616642867,1
2.385395360182227,2.1207061523654773,0
1.9895357881520535,2.1695778765611693,0
1.6740875822120354,1.3471643423298885,0
2.449879386692653,-2.047607309556942,1
1.9375814873305695,2.030503942751884,0
1.925522295159395,2.4224101526850474,0
2.9913434453517844,0.0460437409947744,2
2.818700487821688,-1.8496521043783685,1
1.6621809696784862,3.052805801431292,4
2.6372304411176923,0.5760282289152492,2
2.298506006720422,-1.4207269011805141,1
3.093756551748417,-2.2922587066366793,1
3.1022896649818414,-2.4241863626760205,1
2.8106260250177884,0.7733238380159738,0
1.673731709520182,2.505741407767487,0
2.137321615889733,1.8789298382935669,0
3.095889830056773,-2.3252406206465146,1
2.076486969951456,1.963658274788621,0
2.4012325863468993,2.537535660305374,0
2.220819429766603,0.3244895606173986,2
1.9178972916503862,1.0055539751517981,0
2.4611086819176085,0.03651884301125638,2
1.5077009763084146,2.0909181989257988,0
2.952040184227147,-1.2001047726126743,1
2.958837628596628,-1.0609357911277293,1
2.4479763096308713,-2.024944118928154,1
3.008052208794959,0.178382522973372,2
1.9006730771551656,1.4365972209892857,0
2.0097605526778666,1.8094015739687745,0
2.241409602019795,1.3592528196615858,0
3.092689912594239,-2.2757677496317616,1
3.093756551748417,-2.2922587066366793,1
1.9599254328901976,2.571149569105608,0
2.012323333539625,1.6417605857604776,0
2.8005724969001835,0.2925010093602718,2
2.1924011637041465,-0.49668550513086723,2
2.085903698442231,3.29284590139286,3
1.3377121660991078,1.8094202503284036,0
2.1128947884489393,-0.2236623876624247,2
2.361364013708578,2.7411094784986476,3
1.4148303593337181,1.399406973230377,0
2.6999910183939146,-2.4104286994919844,1
2.8985297212389196,0.7820664680210433,2
3.112425209208644,-2.3391644056960565,1
2.1398719053409394,0.7087942012637056,0
2.785299677891222,0.08535854071225815,2
2.7518986225979356,-2.3806265406141134,1
2.1366940840733326,2.5000838595090813,0
2.783973803010066,-2.4838043875931697,1
2.6568705511609783,0.12400499785631008,2
2.215084578536629,1.9608761901529657,0
2.1071148076389448,0.26603121755659476,0
3.0394139894201744,0.7381500406868051,2
2.2496269891977825,1.8625605872063473,0
2.322858924806646,1.5786159639432116,0
2.2611544140365987,2.166849954990916,0
2.4772169846255507,-1.8414836934991246,1
3.104422943290198,-2.457168276685856,1
2.4212426239698948,1.9437708255371438,0
3.0284279741177125,-2.2071991696047184,1
2.2099555992135285,1.5601411645879912,0
3.073407700748834,0.026158103705442165,2
3.090556634285883,-2.2427858356219263,1
2.13267893626396,2.281007803461513,0
2.790822489943324,0.03937624244490692,2
3.095889830056773,-2.3252406206465146,1
2.7622345120379754,0.41596735939236446,2
2.343490766500764,2.2786698686040547,0
1.8335669819052918,1.4558701559812917,0
1.2320548012646648,1.7295132152492845,0
2.5491197118188658,-1.02745946959141,3
2.1802418099416263,2.7831914677929546,0
1.5411926350215273,1.6987846252968848,3
2.135944197941904,1.3142048715264003,0
3.093756551748417,-2.2922587066366793,1
2.218262685976458,2.116064421832851,0
2.123624823185703,2.0510179601918153,0
3.0343322810004034,-0.19049751417361668,2
2.8911644884340784,0.45739860009635874,2
1.8043383494825793,1.8746251656433688,0
2.1763216287557032,2.341748058994036,0
2.768505063012373,-2.486371559548545,1
2.641318547295589,0.35424445207526994,2
2.7966505016288625,0.3055060349108817,2
2.0654974276497433,1.9438144082170914,0
2.0898302024951088,2.1285419009892426,0
2.7374892474513515,0.5436323416998534,2
3.0723410615946563,0.042649060710359704,2
2.6911475631057846,-2.376953731935728,1
2.7806277157858124,0.863675985980795,2
2.854081110037234,0.5639465950482486,2
1.7804079871101852,2.0430312064362455,0
2.3471377770704898,2.0097169537397477,0
2.3131879114653944,1.7326189437677575,0
1.9451297358435737,2.262982484914595,0
3.108158652591932,-2.2732005776763864,1
1.9666500218387506,1.9593040712733085,0
2.784901005440809,0.654195493061304,2
3.104422943290198,-2.457168276685856,1
1.6141675263314674,0.31166888176159707,0
1.9145053495194644,1.430458613296755,0
3.091623273440061,-2.259276792626844,1
3.0980231083651293,-2.35822253465635,1
2.4351680965247673,2.0155492863508435,0
1.7999345288758088,1.7059855671977262,0
3.0556297448113643,-2.386032524703437,1
2.309832857186612,-2.19433518501126,1
1.6934612431640337,1.7316346220465277,0
2.0572154613894162,1.3274671332160224,0
2.9851332267079274,0.18146196978151688,2
2.403943558623701,1.89268577011648,0
2.328405809759812,1.7596958587485527,0
3.0186851960249705,0.020700754638036917,2
1.9510595523647474,1.6797033953668752,0
2.2773136162986036,-1.3192793978932826,1
2.8649434945647645,0.2757379976871126,2
2.726876952746204,-2.302903027652216,1
1.803712070748808,2.4164488612597688,0
2.7178284632573964,-0.8831786331234438,2
2.195825553718975,2.479354685970805,0
2.775630464373626,-2.3946879160306853,1
2.0110824352268315,1.2086734173756328,0
3.1145584875170003,-2.3721463197058923,1
2.0749373009350927,2.1058205723212184,0
2.8508270370367614,1.2258900460595843,2
2.7984933016063502,0.5138743486274548,2
2.5588745196530835,0.8274913202200277,2
2.660453735676927,0.7443545059299044,2
2.0559614501533754,1.7317851150514216,0
1.8869909616969225,0.9295433901435923,0
2.2749916893318227,1.7080566916693827,0
2.7028767347071243,-2.145396581360868,1
3.015996215693906,-1.1048325433757629,1
2.9868257377725835,-2.019277981258911,1
2.5512314402781024,0.2872883093416573,2
3.1198916832878907,-2.45460110473048,1
2.8749445024232703,0.059117366931072446,2
3.091623273440061,-2.259276792626844,1
3.098855438246583,-0.1516104133420609,2
3.0556297448113643,-2.386032524703437,1
2.9926216203778346,-0.05856822958223766,2
2.98845746114176,-1.9953838286402066,1
2.773144891737043,-2.5287250275677553,1
3.069110214213817,0.09881434071940967,2
2.203119909252186,2.3923391225190103,0
2.8920468884036246,0.08772427226944399,2
2.176541899721677,0.9104023622259575,0
2.2378033789724316,2.171298122520286,0
2.099960173051431,0.5498609468473841,0
1.7204940338952124,1.8013337000638594,0
3.0980231083651293,-2.35822253465635,1
2.3223348793133383,-0.23292266066725925,2
2.225371480525038,2.422018847187146,0
1.5367435104257545,-1.1383140389385997,2
2.210130031980331,1.325763876632457,2
2.016767008785424,1.6010834560043086,0
2.593055653128678,-1.2439418282537773,1
2.119184458080937,2.284686566920325,0
2.294152687060879,2.1299651337426737,0
1.804356861272955,1.891322856010655,0
2.1577392777181608,2.74508780717586,0
2.570682756873263,1.145321935304796,0
2.9802845673432516,0.7784517815941371,2
3.118076431025042,0.423069313066051,2
2.34079306575152,0.5722495573651348,0
3.1156251266711785,-2.38863727671081,1
2.1720944078019397,1.4297506039343688,0
2.0209558956785805,-0.1313191539174758,2
2.903089923383311,-2.1183111897660254,1
3.092689912594239,-2.2757677496317616,1
2.1955370093645294,1.967283772503964,0
2.947755180990706,0.3846184259529839,2
2.1664843186395997,1.2930654564077895,0
3.1070920134377538,-2.2567096206714687,1
2.314523964729024,2.3103936647852223,0
2.147143593454984,2.273611645940102,0
3.110291930900288,-2.3061824916862217,1
1.69563737935366,1.2234294240031767,0
1.9722240738514962,0.9863815437278666,0
1.8411807724960132,2.275112059206119,0
1.9427064771443916,1.9364196750442169,0
2.2101273357590894,1.6462134626081069,0
1.7069011430312606,1.6040261065522317,0
2.191197362382618,1.9310104888086372,0
2.072839884478088,1.8244770086974822,0
2.764381325372454,-1.8303942849664856,1
3.120958322442069,-2.4710920617353977,1
2.5170950066670863,0.11159090125792917,2
2.7976928173976794,-1.9899743437245843,1
1.9532868796999905,0.8554500595803068,0
2.2958895136791067,0.8933138031910297,0
1.9082986403503706,1.0667064177358105,0
2.4461942042393625,0.08021308720748627,2
2.479230948940513,-2.0756670395889247,1
2.373538472926251,1.9192186111536174,0
3.096956469210951,-2.3417315776514323,1
3.0629690138336576,-1.4909563487900066,1
1.6952871305147323,2.3855476042970065,0
2.7447491747089927,0.8712590444889599,2
2.202856407607861,2.2024960636641677,0
3.104422943290198,-2.457168276685856,1
1.9059144713132068,-0.3181155139197137,0
1.299886409937564,1.7627331053549469,0
2.0982886998017287,0.7556549843272489,0
1.793530665216883,1.771067560072284,0
2.31948147640619,1.845635588155992,0
2.7546299863386507,-1.2104306012664208,1
1.5922802768591375,0.9303867038852177,0
2.090604172515792,2.444989558790341,0
2.1529491162196073,0.2532655006720084,0
2.753012084285678,-2.465245425746017,1
1.7628708634010768,-1.3710885131949138,1
3.0284279741177125,-2.2071991696047184,1
2.414975785684249,-0.3564235453230883,0
1.8754792312208608,1.754183751117558,0
2.724743674437848,-2.269921113642381,1
3.10922529174611,-2.289691534681304,1
2.144739933046539,1.5175727543003072,0
2.863743398077454,0.35075321997278286,2
2.4393623942527087,1.613953949740459,0
2.798383988618071,-2.010377923595887,1
2.1135432144675677,1.6758289333245209,0
3.0217126472786493,-2.1853723981484237,1
2.3467673793093886,1.7449793728630718,0
2.7644784066549355,-2.3440093979778904,1
3.1134918483628224,-2.3556553627009746,1
2.022522882206204,1.7889331543290372,0
2.3826650322368508,2.0414908053406116,0
2.9445676300290224,0.20109597266022838,2
2.2600572195718893,0.9790788549239913,0
2.449073985098905,0.9833520482615978,2
3.1022896649818414,-2.4241863626760205,1
2.34553921724302,-0.8037988243863745,1
2.1975981608823725,2.995583636394553,0
3.1220249615962468,-2.4875830187403154,1
2.5351436852269202,-2.1124645537766447,1
2.4285217349931982,1.332526321789254,0
1.3967375239487132,1.9150748483617792,0
1.734127554347072,0.9659017885867565,0
2.6021634458387717,-0.2887868698486009,2
1.4236351765235502,1.4135198398502797,0
2.3973273053065256,-1.997332853903472,1
3.090556634285883,-2.2427858356219263,1
2.369307506576648,1.9208338308848438,0
3.1012230258276636,-2.407695405671103,1
2.0064379786157494,1.892175539630745,0
2.2944438901753936,1.2490749705979787,0
3.094823190902595,-2.308749663641597,1
3.1177584049795346,-2.421619190720645,1
2.292846890729741,0.48762016852926887,0
3.1198916832878907,-2.45460110473048,1
3.0369610873511372,-2.339126825644059,1
3.092689912594239,-2.2757677496317616,1
2.051594633989664,-0.15821371638698192,2
1.3960830750944262,1.9313121274176002,0
1.80014635032245,2.2919861763919513,0
3.0524298273488304,-2.336559653688684,1
2.2731842143770455,1.048147384050563,0
2.473394381640056,-1.4779717420546625,1
2.4493532109895444,-0.44304482919798227,2
1.7470444408683574,2.7944558243990527,0
1.7569489172207975,1.8298588607578008,0
2.310130129381918,-1.3617749498323939,1
2.3177394182180313,1.924605428797729,0
2.801257197677524,-1.0068924608640493,1
2.0034519130729826,0.492392739582778,0
3.1220249615962468,-2.4875830187403154,1
3.0488750002027385,0.40545011481854726,2
2.81151783857188,0.5605067123530254,2
2.2334131735015506,1.7598610295217214,0
2.751311165917746,0.27551461262620924,2
3.0787408965197245,-0.056296681319146155,2
2.4666853128915562,0.5261841119671274,2
2.229063042202193,0.9375665804175476,0
2.8076742703746014,-2.385395392728802,1
2.4267078433715183,2.4229901202418525,0
2.9847329395230546,0.7059894250270664,2
2.866297294134094,0.08196386042784357,2
1.3914264599495432,2.725023574142568,0
1.9147106872012551,-0.7162422740761119,2
2.8086409818345794,0.24792610098423054,2
2.1221819661622,1.5923895455956998,0
2.050658756070779,1.792600378894418,0
2.7674528743329754,-2.5284701505337805,1
2.6381852039002274,0.7641385507427689,2
2.2656809645211817,2.3448800949213746,0
1.6032941298353034,2.0298422382974475,0
2.3209518523171675,1.8261468555856712,0
2.3418196034042,1.87259719027666,0
2.8272336010551125,-1.9815797604177092,1
1.928008326166683,2.2988064669036974,0
2.0944522299248844,2.045732461413851,0
3.0364192334258227,0.038383896004568874,2
3.104422943290198,-2.457168276685856,1
2.914219899258873,0.5509730638097052,2
3.1113585700544664,-2.3226734486911393,1
2.054828498160301,0.9105243912797852,0
2.659794574069263,-2.1146329773023944,1
3.0241614175010003,-2.1412353415850482,1
3.091623273440061,-2.259276792626844,1
2.382484359233593,0.47330825634248014,2
2.2138284209501546,1.2559889823588588,0
1.4720128687904208,1.8736730760968334,0
3.1134918483628224,-2.3556553627009746,1
2.9836940941246923,-1.9800953414378213,1
2.44579247797856,-2.5396687992405824,1
2.3539881117469177,1.7086104500702368,0
3.112425209208644,-2.3391644056960565,1
1.7352997833505035,2.1329308982060406,0
1.6025792455919745,2.147415445908393,0
2.3322234183402673,1.9387515321717137,0
2.8324281499817165,-1.9507968677094765,1
1.97979611123295,1.9309140965048472,0
2.180572865717149,2.2739060810313054,0
2.1872094891647977,2.317467599187503,0
1.9218067040286189,0.9584687493907725,0
2.279103533438487,1.6809042587526262,0
2.33501238745944,1.9311833354166312,0
3.096956469210951,-2.3417315776514323,1
2.1881514681663354,2.079668949585775,0
1.7280133835730846,1.4767337238542235,0
2.8076742703746014,-2.385395392728802,1
3.10922529174611,-2.289691534681304,1
3.1260406555160594,0.09241382764754169,2
1.8691765731458057,-0.2768187815219702,2
1.206657925272477,1.8733455566192094,0
2.435946472502687,2.0532634379997305,0
2.795129631525399,-0.07337879571304788,2
1.50849917726201,-0.8054329293447815,2
1.7468405947964998,2.0402891717699676,0
2.249129904229155,0.912479071159432,0
2.4330458184599775,2.337429196200941,0
3.118825044133713,-2.4381101477255624,1
2.2710493414297734,1.9514591025395855,3
2.347062635978271,-2.3016152286438554,1
1.8959561726578842,2.3055726354314885,0
1.968140386481618,1.9994525655176298,0
1.6556219816695628,1.9683668107714127,0
3.091623273440061,-2.259276792626844,1
1.1471702894549565,1.7425944427549926,0
2.746022933704434,-0.13497283519658848,2
2.6908366015839436,-2.3615308316018226,1
1.4585557892432688,1.0203897308053025,0
2.6738430715716985,-2.161350791200648,1
2.4573291637448387,1.9591026764053003,0
3.0380277265053155,-2.355617782648977,1
2.0561633423586856,2.247893724685492,0
1.7260395739412973,2.1146406421282937,0
2.1478013582950886,1.4118519615019742,0
2.701349125579129,-2.1188207678656954,1
2.7774407173452236,0.768293710296868,2
3.1220249615962468,-2.4875830187403154,1
2.8713421218158452,0.23675318397431827,2
1.669861492268122,1.285848917405623,0
2.112927749421669,0.7913767290458538,0
1.9788991894212382,1.4266080378157973,0
3.0747020445296167,-1.6723568758441003,1
2.1999350554885475,0.9177155749698633,0
2.6015100940065543,0.6398499102069667,2
2.7709032239763665,0.6841490479489983,2
3.0587514687162,0.5346607199689737,2
3.1001563866734854,-2.391204448666185,1
1.7774833273227342,1.321112902266269,0
2.689705741212471,0.7432660266332926,2
2.3475013907964493,1.5996080800178913,0
2.7621228913371056,0.44968375817543893,2
3.1145584875170003,-2.3721463197058923,1
2.4294418240691775,2.336805605194983,0
2.7839882534848464,-2.542393935583323,1
2.181436110362278,1.6203891888103998,0
2.6767582152141167,-2.1659014277667907,1
1.8189197116486464,2.139118655396041,0
1.1815376604063255,0.7283738261447004,3
3.1001563866734854,-2.391204448666185,1
2.192439552890623,2.9714022637184527,3
2.6239061452707513,0.42113168088696656,2
3.112425209208644,-2.3391644056960565,1
2.1360217179217744,1.3880582522409113,0
2.037734392281992,3.2636341372755844,0
2.2075734314110798,0.733730987870294,0
3.005494395232811,-2.066183680318288,1
1.9464100147610057,0.9223953887331168,0
2.1826136315387834,1.7328965933575313,0
2.8440027658759863,0.3345201723808915,2
3.1012230258276636,-2.407695405671103,1
2.9398536763057574,0.4485474286038946,2
1.8862519335185275,1.5085936489219318,0
2.826112378398168,0.0918848299069808,2
3.1177584049795346,-2.421619190720645,1
3.049372750614509,0.1902313284344613,2
2.114384942833566,0.8112899116903871,0
2.7859673067123425,-0.22903068491259096,0
3.093756551748417,-2.2922587066366793,1
2.9807467884847516,-1.204105571340144,1
2.939113798527167,0.6475027570236831,2
2.863373208571926,0.5961687456997691,2
3.1145584875170003,-2.3721463197058923,1
2.071971368262569,2.1378663463189893,0
2.1921177543870773,-0.03851449123759093,2
3.116691765825357,-2.4051282337157276,1
2.4206158743083623,0.5903495201829791,2
2.052687369276378,1.6500528505729242,0
2.2593794360018085,1.212965673712351,0
1.7277251176230122,2.3053141400400308,0
2.4778530225648763,-1.8274104927915291,1
2.0782987750135105,2.1295177426293916,0
2.442342670291206,2.0605562015743146,0
3.104422943290198,-2.457168276685856,1
2.3512122349118316,0.49580270350025857,2
3.120958322442069,-2.4710920617353977,1
2.1696509143816507,2.286632962594469,0
2.6998326348460977,0.7586880063237668,2
2.2701648058075383,2.1987719661681266,0
2.3990004062157615,2.6189159121915906,0
2.7011009872672753,-2.4218387190794997,1
1.7578409506963735,1.7867825281974017,0
2.725810313592026,-2.2864120706472986,1
3.1134918483628224,-2.3556553627009746,1
1.2693432788662125,2.169377817883688,3
2.3059865578319494,1.9320279415069863,0
3.0990897475193075,-2.3747134916612676,1
2.092666962410529,0.8852873607079482,0
3.0650919691586527,0.6308549969682227,2
2.1572295007795703,0.6689531568107256,0
2.1240836950493294,2.127471848359611,0
3.1177584049795346,-2.421619190720645,1
0.7699117385904765,1.1756738291909243,0
3.0894899951317045,-2.2262948786170087,1
1.4132319251826755,1.7885664377468777,0
2.0512385699398483,2.0750807491606436,0
3.10922529174611,-2.289691534681304,1
1.374919734533285,1.6509616356925374,0
1.4348808939613862,1.5264124994451531,0
3.120958322442069,-2.4710920617353977,1
2.237288762561055,2.080084585580064,0
2.1660123146285715,2.494039483811977,0
1.5941194647052879,1.8081165433070985,0
2.3635460997099633,2.077703083580749,0
2.0263984795371064,2.031375071489651,0
2.1304370414839893,2.1435823750450744,0
3.073557955318091,0.42770148366506555,2
2.0907577423699926,1.913979248574163,0
2.417257980309054,-1.2837193634518551,1
2.3876880763929864,0.34189128206721975,2
2.759278582732728,-2.3143425865038263,1
2.084057672433661,-2.531538362218768,1
2.4035020174766273,1.73542595508038,0
2.0648431661914257,2.1645685981691583,0
2.4224984422684432,-2.508999180152148,1
2.943299692789533,0.7388731104225444,2
2.0096877423313235,1.0560180380072348,0
2.310996374380614,1.9182755988871936,0
2.698293050984379,-2.184697686121791,1
2.3276132953359765,2.066245165869447,0
2.0688173330365855,2.189072536333928,0
2.8000280317010726,0.7307003995856752,2
2.178695063300222,2.1983710842263977,0
2.7976928173976794,-1.9899743437245843,1
2.409363165435977,1.8714164344141988,0
3.034827809042781,-2.306144911634224,1
2.321699804579549,1.9484706956605449,0
2.0151695005429566,2.229742494165458,0
2.3016777506480626,1.8964232300945263,0
2.072358326809526,2.3675671008651737,0
2.680010753137147,0.48081466734714173,2
2.853741197951205,0.4378986962800972,2
3.120958322442069,-2.4710920617353977,1
3.118825044133713,-2.4381101477255624,1
1.9274882472870054,2.010095169244948,0
2.344706259134812,2.3149646144368456,0
2.3497574347114307,2.2627172404797355,0
0.8385736913496245,0.7473446871176298,0
1.8428205645660765,2.270131486221895,0
2.9295104524959776,-0.36713629206227627,2
2.183042478346151,1.6254847024805454,0
3.0524298273488304,-2.336559653688684,1
3.1001563866734854,-2.391204448666185,1
2.4785276805394165,-2.0315696117394024,1
2.4295438748758604,-0.35749717794062175,2
2.2028373893711715,2.032789205181885,0
3.160237810856124,-0.7854009234307826,2
1.5455738513711879,1.350006814803549,0
2.1948080673812833,2.542949801808086,0
2.2053040552546777,-0.1658307262817162,0
1.7265301421984758,1.2260378422855116,0
2.39583247623045,1.728651218992445,0
2.3620402711440613,0.3221109276935472,2
2.7165119470710057,-2.3657629365513735,1
1.0870313282407196,1.2439865818142268,0
1.390791503695656,1.593215910160533,0
2.644955251830917,-1.2811727565215372,1
1.3784752330784042,0.9163035263235538,0
2.6146433783654595,0.8044089728756796,0
2.229688371418151,2.486505418036585,0
2.75351321418062,-2.379804210363819,1
2.1201090577905233,1.4868804162911373,0
1.5039240027207994,1.9609911342291773,0
2.371390920521376,0.767701998507423,0
2.2513454677945264,1.0966911597934446,0
2.3370402533119403,1.4998839454153707,0
1.9391039564313846,-0.23555395921776792,0
2.1760556103970017,1.5131056829766298,3
2.181455957113079,1.6198633796348392,0
2.3541882536378793,1.3580650205543483,0
2.109268828504526,1.287096654940347,0
2.006926115811091,0.5333417956966053,0
2.0570222060978285,-0.6417725975276231,1
2.8493611889650006,0.3849853568040141,2
2.392486073045671,1.7123429320157606,0
2.7589053106247703,-2.3379529465042865,1
2.100611257585728,2.2003171411779605,0
2.5614837440789944,0.5203541847910611,2
3.096956469210951,-2.3417315776514323,1
2.7976928173976794,-1.9899743437245843,1
1.9995419611642522,0.1866759950446292,0
3.1145584875170003,-2.3721463197058923,1
3.1220249615962468,-2.4875830187403154,1
2.8936443748727805,-0.17869821176461348,2
2.436319647839441,2.312866467323303,0
1.671889543077918,1.7346785170238703,0
2.947879028870163,0.301915587554957,2
2.731795189718138,-1.380768671725765,1
2.404134535969057,0.22204670213847005,2
2.840447529313655,0.5915354540058186,2
3.0241614175010003,-2.1412353415850482,1
3.1134918483628224,-2.3556553627009746,1
1.8605513931275577,1.912059016764636,0
2.1359768473232776,2.0312233386986644,0
2.457354667680567,1.86658399983553,0
2.9815555885249947,0.5778570071934988,2
2.1967532543483523,1.8604885152672053,0
2.694584471474984,-2.393690415361363,1
2.7569618069133983,-2.3477822169713076,1
2.7090454729917592,-2.25032623751695,1
2.681236849196341,-2.2131122185575642,1
3.090556634285883,-2.2427858356219263,1
2.3345135605411724,0.18269150055278002,0
2.0533051388577768,1.7978959092231566,0
2.1989716571789852,-1.0635143563005356,1
2.9492784611743876,-0.9593083882217549,1
2.4897327694016083,-1.1143159026463993,1
3.094823190902595,-2.308749663641597,1
2.381831638992118,2.2834308867343824,0
1.5732521137706355,1.8531985907687558,0
2.300510363162819,0.12222787070143806,2
2.5678835790040626,0.4214084427615553,2
2.0384947514546083,2.185011674502519,0
1.8181676109442273,2.248179134328259,0
2.358748714152918,2.398692221958483,3
2.9998440723558875,-2.0889938280742935,1
2.9794284962002995,0.6095004394044745,2
2.0993994651160905,2.0715886889247925,0
2.8028719219186895,-2.552872134733353,1
2.4107251372826997,0.8059757060327648,2
2.15413112748378,-1.9183912931916218,1
2.16032787245327,2.1783604400920162,0
1.358678710737132,1.5508529804424975,0
2.3569923254803644,1.810399438216169,0
2.121820408548977,0.2994049056189432,0
1.7770763476416689,1.2470347207980759,0
3.120958322442069,-2.4710920617353977,1
2.490789311350009,0.8007512112074867,0
1.6182534174616472,0.4006839049634882,0
2.4972084351803487,-2.1021691587769995,1
3.116691765825357,-2.4051282337157276,1
2.399594944547012,1.059705559225295,0
3.1070920134377538,-2.2567096206714687,1
2.4800265435589175,1.0156150729107194,0
1.621258632358751,2.0120106217281104,0
2.3228883143371735,0.2039940713245963,2
1.297079964461481,1.4393441327670828,0
2.15941482391228,3.042927987788938,0
2.381627571310254,0.6567627012853646,2
2.375046372888983,2.032653431586989,0
3.008192757756165,-2.0587804847045015,1
2.113850728002101,1.515819344676291,0
2.692639127789809,-1.5526867231430708,1
2.711436428365608,-1.8656736774393845,1
2.7054301365833293,0.6659536688040578,2
2.9456435391091147,0.5204488972181291,2
3.090556634285883,-2.2427858356219263,1
1.9876260070589158,1.8641032429037765,0
2.185920149892855,2.5733778485723855,0
3.090556634285883,-2.2427858356219263,1
2.811019087387522,-1.0820087006631967,1
2.2389297207449053,2.044236883811703,0
2.7189056780647007,0.5857649420001881,2
2.0744582019279467,2.254443302703324,0
1.7654415416054599,1.9451828473992725,0
2.1491406515997933,-0.12234698317389196,2
2.2970158518464077,1.8298168971954212,0
2.4271715498331896,2.038780949326083,0
2.3444330069438246,1.0955832342439251,0
2.835574095430158,0.42792832871093517,2
2.0136943610726226,1.4915577187653537,0
1.9732205076371623,-0.42266366923415705,2
3.0980231083651293,-2.35822253465635,1
1.7771454594131968,1.9213286591491872,0
2.1059476779630733,2.0096556689433442,0
2.3995145857733937,1.2008410212689606,0
3.0505168668429015,0.43386987629193463,2
2.2089162387702985,0.4638446443313198,0
2.3033551394571017,0.8245526300579002,0
2.1926131158683124,0.8299586023331391,2
2.0586070373134913,-1.0547460278788472,2
2.0851172642565725,2.23886652005648,0
2.6536468049834756,-2.087869278646098,1
1.9960908055932172,1.9879031383927614,0
2.1570904238071047,2.469682118093478,0
3.0273613349635347,-2.1907082125998008,1
2.167835848464874,2.04777676757693,0
1.5038255233206177,1.7715197863440637,0
2.9457238347896975,-0.3356470108070205,2
2.3553391535500348,0.0088646001811577,2
1.7745819715392113,1.502049238630982,0
2.827179141272019,0.075367103266086,2
2.7322229482999307,0.6349768286156853,2
1.479663421153725,2.244723249605364,0
3.0181294940022623,-1.1378144573855982,1
2.652937619921974,-0.5413926313960656,2
2.427274737945226,0.5788563716293017,2
2.3525353257071835,1.725166149162361,0
3.1177584049795346,-2.421619190720645,1
1.7926966695109479,0.2953139582064241,0
2.7498358771957907,0.35617300884188663,2
2.6390512416127576,0.5767510989024467,2
2.8001744050450026,0.4727714723421138,2
2.2676371294189206,2.0265014765133125,0
1.3825154757546327,1.9074353160994746,0
2.159241455319597,1.9000693906255792,0
2.496510269703892,-1.9800001505721658,1
2.3222924905718827,1.7476892635143302,0
1.5094669743765614,-0.07919464610789288,2
1.5959299672011948,1.6194849691436302,0
3.016580373241455,0.04752565237311859,2
1.6094083591698594,1.790411118909713,0
2.7835841917614648,-2.510122200806936,1
1.7836915850269028,0.718777575934632,0
2.7241724596082086,0.2663432616244445,2
3.0424751652776703,0.504395856848053,2
3.032694530734425,-2.273162997624389,1
2.9877771857180884,-0.8959747809832382,1
2.4416308282349553,1.8965121850814946,0
1.9196050655743153,0.7186051222355788,0
2.767438423858195,-2.4698806025436277,1
2.0217067208291395,0.6171207723651286,3
3.053496466503008,-2.3530506106936016,1
2.243542674166026,2.1496992445583456,0
2.416855112500209,1.7490946537152103,4
2.2522827968781294,1.5980106121934048,0
3.1134918483628224,-2.3556553627009746,1
2.649886411541777,-0.27933114859506986,2
2.8726971290591625,-0.016981881601662224,2
2.1816715872245886,1.0221186635468793,0
1.7627732322438907,2.201592835736981,0
2.289721448018186,-1.2410582013635436,1
2.197071433032716,2.405998494369184,0
2.3520547048102998,-0.13072224540569227,2
2.313898751919301,-0.5964164902951349,1
3.090556634285883,-2.2427858356219263,1
2.2221913397564896,1.917755778696537,0
2.67510488717607,0.31609197116582266,2
2.109196257288953,0.8956936253624038,0
3.0990897475193075,-2.3747134916612676,1
2.4142392409343048,2.3230276316555236,0
3.032694530734425,-2.273162997624389,1
2.791472086769803,-0.16840930823097,2
3.112425209208644,-2.3391644056960565,1
2.024494603996011,1.8993910966001022,0
3.1145584875170003,-2.3721463197058923,1
3.1012751083675685,0.0022828060343559053,2
2.426508192782233,1.985688781625636,0
2.8151407444538483,-2.5008320917632254,1
2.129114753324189,1.446999060276576,0
2.0291241189329967,1.9447941404166376,0
2.289274428164105,1.9768666141850522,0
2.0261589655449006,1.3805663452156751,0
2.4057010751842056,1.696504131124113,0
2.7882403596267786,-2.54976821561284,1
1.9042762638376238,3.8690296464756058,0
2.43385371154961,1.0240886847258277,3
2.8151407444538483,-2.5008320917632254,1
2.299532662411499,1.6997510256433757,0
2.2639979194452895,1.1555204032300732,0
2.437062079757305,1.908944010791823,0
2.1468938437324354,2.2837191656698153,0
2.715653598834165,0.24352055814608636,2
1.9085904912454967,1.5965504448228611,0
2.4318341641357444,1.8790217956406878,0
2.780470683090563,-1.748197591748949,1
2.072272286942604,1.6099513576321707,0
3.0044277560786328,-2.049692723313371,1
1.6291010057109108,1.5978583255373529,0
2.040700731175557,2.212389288039971,0
1.7893079944207795,2.0444781761278414,0
2.0012989825262424,1.3980227153318618,0
2.9256336185117258,0.5313830502126565,2
2.1328121709162007,2.123411281534334,0
2.7306281331075333,-1.0810701171824553,1
2.5678613930934024,0.579342085047025,2
3.108158652591932,-2.2732005776763864,1
2.9000340130707776,0.7006865889433076,2
2.144706005488141,1.5849289295520494,0
2.1442333420880346,2.752427340637341,3
2.3451822866221645,1.2662947474327007,0
1.747377044841225,0.9261479345916922,0
2.0009262683317157,1.8827320722465966,0
2.120329345766136,1.817656079863733,0
2.7609796882598663,-2.495240909398242,1
2.2907240798659743,2.5274278494282387,0
2.755759822889199,-1.835612021278185,1
2.3568300460980423,1.9446737800610703,0
2.8472181022209924,0.32505549452673554,2
2.7689145533086075,0.5008257057214239,2
2.7814509134531087,-2.477140286797101,1
2.3416353093130255,1.22879916199509,0
2.8120292434504335,-0.8047809292714387,2
2.1268405649594397,2.6712880438413906,0
2.7765073289308195,-2.368367688558746,1
3.090556634285883,-2.2427858356219263,1
1.5195053647046428,1.5788517946060197,0
2.3173702143985464,2.2981794306610794,0
2.3827367540527185,2.097187268851595,0
2.897204126617043,0.8519791507749721,2
2.767438423858195,-2.4698806025436277,1
1.7632935717267846,1.5118005325751962,0
3.1198916832878907,-2.45460110473048,1
3.0041106289726,-2.154957656093964,1
2.029077605856896,1.7740618846723386,0
2.1137308365062997,2.1445113527167488,0
2.1944774905175275,2.2566224561508843,0
2.703252202640911,-2.1414839584944834,1
2.437967182266136,-2.5064320081967724,1
2.291303247857508,3.7159266605511116,0
3.1001563866734854,-2.391204448666185,1
2.150345143672047,2.2842372880782116,0
3.093756551748417,-2.2922587066366793,1
2.8920468884036246,0.08772427226944399,2
2.2569130167133507,1.1695401244630996,0
2.304545956432273,1.9287344513451479,0
2.193253033727749,3.531870506240047,4
2.0611512043773472,2.5770393304489696,3
2.1845730909306647,2.423420419532572,0
2.174860320800663,2.8920986367184267,0
1.498663639881299,1.9975658643589176,0
2.7227606193286147,0.6088636928766252,2
2.122174858543292,2.4630852751517875,0
2.706616303103478,-2.3743865599803526,1
2.165454816081167,0.6035764435995988,2
2.2202681025682858,2.1231817231583174,0
1.9316678901274347,1.5912209657088225,0
2.3480008466034015,2.107570985283717,0
2.0820596815265375,0.7578509466164569,0
2.419269410873919,-0.09466676765378042,2
2.1836664506261108,1.3185115374146736,0
2.298110451465764,2.030600893258447,0
3.0776742573655467,-0.03980572431422845,2
3.1156251266711785,-2.38863727671081,1
2.849239806137194,-0.2858125498840969,2
2.063484137265695,2.271527321358516,0
1.5305459597170585,0.7153110778088918,0
2.336554966750779,1.3346461679262185,0
2.1604109722966305,2.332124609740411,0
1.444963856192462,0.7765105324301009,0
2.2047159636315348,1.5550259807312443,0
2.913970223899521,0.29556688376663853,2
1.61230746656202,1.5004737748425057,0
1.4805347463159648,1.9029402174905887,0
2.313237846139645,0.200846040655322,0
2.1500663195763683,2.987280856841771,0
1.6366765544592998,0.3113111955046659,0
3.084881977165719,-0.42412129099560714,2
2.1754078824979004,2.115589089305924,0
1.5529567460807159,1.0619961324578588,0
1.9035356474441882,0.010147110850081955,0
2.063223125083709,0.5726879920908737,0
1.5454486889420644,0.889934376295688,0
2.994665866368634,-1.9745764835142232,1
2.326849951486053,1.7859774807333832,0
2.8511071478473897,-0.6292173013538052,1
2.2065777333267,2.0014973143964965,0
2.1597129324417637,-1.862829830825486,1
2.238946865072,2.074136983402988,3
2.6708147384880467,-0.032827173324067455,2
3.0980231083651293,-2.35822253465635,1
2.7741943039768886,0.9218420777837357,2
2.3131260030374587,3.2412439389727896,0
3.092689912594239,-2.2757677496317616,1
1.976143394142695,1.1765521909919956,0
1.6850006171324294,0.44750669179394914,0
2.1085019508196354,1.561853253258808,0
2.2420443162922026,1.1712114466334151,2
2.5992016141997767,0.6533193182632391,2
3.0980231083651293,-2.35822253465635,1
2.165409974303643,1.708074686381876,0
2.685650184334862,-2.1110692164400233,1
2.72901023105456,-2.3358849416620515,1
2.6377839752226513,0.4264755054007744,2
2.907820064333804,0.6499188058392109,2
2.024126367943212,2.639321372774287,0
2.4296463436747904,1.591639013085111,0
2.243133646898131,1.4530598555417533,0
2.3564250179053405,-1.3856351748573104,1
2.2466269985917124,1.8186947133247067,0
2.342295012922029,1.82081532215686,0
1.80591621599271,1.5954747660540671,0
2.4412664765585714,-2.44037974164012,1
2.7405538254569337,0.3255244741644975,2
3.1134918483628224,-2.3556553627009746,1
2.2463727982501904,2.5648704920881764,3
2.1157553891827665,-0.11371364147952949,2
1.9954074980723977,2.2082581764386466,0
3.1156251266711785,-2.38863727671081,1
2.024901827879877,0.9089500396236551,3
1.9191203052885557,1.6549423694844656,0
2.766386235178797,-2.5119791935288633,1
2.7169292734293933,0.44492257882954317,2
1.6404689575759288,1.8777826570032081,0
2.722751616933129,0.7556085595156218,2
2.3414651462749703,0.05780102394640419,0
2.435127912087749,2.0007009567808134,0
2.242593541624773,2.2763477540319776,0
2.7466122493606093,-2.366299683716511,1
2.5374123471530345,0.7284688821591442,2
1.7013391491597705,2.027532987386959,0
2.1027556917759456,2.1347252555532643,0
1.445671843746174,1.3305196633788023,0
2.7807819703120216,-1.9799631815414271,1
1.663259339667723,1.8263977783054623,0
2.201270489122527,1.7950544920634197,0
3.1156251266711785,-2.38863727671081,1
2.725359754487562,-0.8255746089987673,2
2.187414068534896,2.3542558329876218,0
2.6904433410912802,-1.071175917339295,1
3.110291930900288,-2.3061824916862217,1
1.9963846654107178,1.8258771185814076,0
2.452591690117572,-1.8820698279809154,1
2.376624669827926,2.3807292210844144,0
1.9985948002600298,1.7582775412074882,0
2.374575368193764,-2.495871484076479,1
1.7990175675256033,2.240635052513036,0
2.115069130739142,1.013967094489717,0
3.1145584875170003,-2.3721463197058923,1
2.401011100557435,-1.6606504733001575,1
2.757231818368826,-2.4630813256387016,1
2.122764297925885,-0.2268371020853142,2
2.449799589791996,-2.572307397679461,1
2.4073567056118224,2.1303935953233273,0
3.108158652591932,-2.2732005776763864,1
3.093756551748417,-2.2922587066366793,1
2.341560173632291,2.4275570975685015,3
2.0666939846843198,2.2956545817689697,0
2.193166115683366,1.2953985982519187,0
3.029427610332077,0.2733963461347976,2
2.1782018034880872,-0.1427059443103223,2
2.766178409576392,0.33914688180979413,2
2.5343432923503255,0.5477581979140512,2
2.83536475866293,0.5602016135704544,2
2.056051433375092,3.0660177415519705,0
2.7215437569753136,-2.220448242627628,1
2.436464128102659,-2.6078564836446714,1
2.885487905077262,-2.087896447711566,1
1.4332760712604744,2.113896566496206,0
1.9494077356933734,1.0588549468915702,0
3.1198916832878907,-2.45460110473048,1
1.954009129361637,1.1351666419177173,0
2.5281110059259424,1.3486550190259163,0
2.740901913474658,-2.4449164582934717,1
2.427192436727997,-0.9866644059404021,1
1.7755765948424538,1.6916795800761002,0
2.504266562244815,1.4082788065621232,0
2.865119712443392,0.030670760407801395,2
2.3186520286467083,-0.019891159026373034,2
2.4324216703303256,-0.37033859623100274,1
2.754135315454775,-2.355242521279634,1
2.2087825726831363,0.9153983008693888,0
2.629100906981936,0.9058220560263552,0
2.3194762764333214,1.9789580438781385,0
3.096956469210951,-2.3417315776514323,1
1.9397442179545066,0.7018918811632959,0
2.116626975980808,1.425656645821332,0
2.1087266655683585,1.9116435867679424,3
2.170950100734407,1.427783377043729,0
3.092689912594239,-2.2757677496317616,1
2.72901023105456,-2.3358849416620515,1
2.126418061617096,-2.128427532115824,1
2.5430545443613624,0.2007003294126089,2
1.6108036384091446,1.2103466397397105,0
1.4243937379145735,1.8267962160371822,0
2.3254583733815584,0.6793012338169924,2
2.440132247106355,2.077321483846884,0
2.087464528889352,1.5276422900628863,0
3.1070920134377538,-2.2567096206714687,1
1.6615749037229486,0.7521218350927524,0
3.118825044133713,-2.4381101477255624,1
2.742345692743897,-2.300335855696841,1
1.4218602428175495,2.1414706573254962,0
2.3595956553415514,2.0632800090659646,0
3.108158652591932,-2.2732005776763864,1
3.091623273440061,-2.259276792626844,1
2.7962229045291283,0.9066097248727545,3
2.20452171452624,0.7351004739928788,2
1.9826389516722462,1.8450334188945567,0
2.8212922973097223,0.39820049579125216,2
2.781263322521084,0.14100364535088108,2
3.0980231083651293,-2.35822253465635,1
3.1022896649818414,-2.4241863626760205,1
2.5584691834864444,0.26388688424191065,2
2.29702688072709,3.300158766827861,3
3.116691765825357,-2.4051282337157276,1
2.675876946692339,0.1861357845049883,2
3.1070920134377538,-2.2567096206714687,1
2.8108741878371357,-2.434868263743555,1
2.903089923383311,-2.1183111897660254,1
2.1195201300382007,1.6122954750294265,0
3.108158652591932,-2.2732005776763864,1
3.118825044133713,-2.4381101477255624,1
2.560376519959454,0.583636351934263,2
2.387046232580825,-0.30793664912196195,0
2.491229244817677,-1.0643673250928165,1
2.0808337128470558,0.7337420666715991,0
2.3968025912640902,1.8097175492130868,0
2.3590706046183163,1.6238702746618656,0
2.162316312999406,1.8751285981009447,0
2.0103059813404625,1.8825461853518002,0
2.9119426502137413,0.4864704529898948,2
2.732705572841633,0.13441560558510351,2
2.161828877860523,-0.13561719573709322,0
2.462750503993885,0.4814502437146805,0
2.7209647245691255,0.5688448095766662,2
2.507964966861432,-1.978376767743015,1
2.921254649369854,0.703001557206213,2
2.3695954990797525,1.417098615694727,0
1.8950604384452558,2.794232937828997,0
3.0238459255870054,-2.218354312158259,1
2.705659962375775,0.6209633328292704,2
2.213980677614072,2.5675520409635695,0
3.112425209208644,-2.3391644056960565,1
2.389392201366545,1.7631829039086477,0
2.7132259991428724,-2.4155710841906375,1
1.920142566295004,2.295010791481185,0
2.6559292729234536,-2.1168711669945055,1
2.8542045918058396,-0.043706418216546805,2
2.2487891201815637,0.9286261055463665,0
1.6383643606601836,1.7360112122197653,0
2.4224984422684432,-2.508999180152148,1
2.640206363343208,-1.1446207679535072,1
2.141937842753714,1.5164090220782473,0
2.163361502970772,1.046577732074955,0
2.493224321775758,-2.02980829821143,1
2.885647053478556,0.18667001429894967,2
2.525207034489075,-0.3659419448740092,2
2.643550955958544,0.030082682348841205,0
2.9217495280627284,0.5959230132974572,2
1.9774894414253252,1.2246415885825084,0
2.874915210047472,0.25217282733167257,2
2.9815617745086556,0.5765185253946394,2
2.6314934465175903,-1.2688579401680442,1
2.7466122493606093,-2.366299683716511,1
2.8994765673815914,0.8183189486357888,2
2.331078713640734,2.531983112466789,0
1.7219520581716798,0.6586759486117105,0
2.068827298621683,-0.39108510285300424,2
2.911834466627599,1.526901669844328,0
3.095889830056773,-2.3252406206465146,1
2.8076742703746014,-2.385395392728802,1
2.094498922291184,1.9132486711415888,0
3.091623273440061,-2.259276792626844,1
1.7505707511139663,-2.2005303191870746,1
1.4223157188674502,1.9084155296987406,0
2.27617005248927,0.5185620182083097,2
2.392749426827657,2.416906842072628,0
2.3787670475757583,2.9761199733385473,0
3.0874242643224057,0.21331904260113632,2
2.780640634807758,0.718820839282115,2
2.424774304444119,1.7603242095841467,0
1.7393382750576856,-0.34808346458317707,0
2.4029174098067347,1.892208756183472,0
2.7498121668231437,-2.415772554731264,1
2.866574010259953,0.35959307862252843,2
2.661440302808565,-1.149424610731595,1
3.000771617182663,1.2511618174107089,0
2.203438445058597,1.284132424377853,0
3.0294946132718907,-2.223690126609636,1
2.3830142325944452,-0.08990812039541844,2
2.0909976211242816,1.9477826393409536,0
2.408229166271361,-1.1871435851343046,1
1.6985516710806723,1.1072019898521142,0
1.9709465856203787,2.5603150180044127,0
2.276318981364083,1.3585643991738032,0
1.7348875647541633,2.130436978837415,0
3.094823190902595,-2.308749663641597,1
3.1177584049795346,-2.421619190720645,1
2.3148620065974375,-2.157025326912923,1
2.0767041108243807,-1.2127827465296652,1
2.7679153150241347,-2.3607460814035255,1
1.55058686426532,0.938624717263696,0
2.1651977913166434,-0.064162190847517,2
2.1434821075910535,1.3098514738828644,0
2.1929074861510327,1.8093437826418615,0
2.82183711742117,-0.6266062825026639,2
2.151129951961275,0.8207165846869738,0
2.1205849048466985,0.9021194224295118,0
3.1113585700544664,-2.3226734486911393,1
2.8130676779438684,0.3761689222621464,2
2.7830969384528723,-2.5101246150651084,1
2.0215407552995144,1.5829938181997472,0
1.8011194519500566,1.9129050681932274,0
2.2601612301983653,1.5220285276508974,0
1.9369299258326687,1.1224262809487722,2
2.4732896337861288,-0.06685048165577138,2
1.8616889969148644,2.0669515201702713,0
2.0725204746607284,1.766523259737061,0
1.4153777314725327,1.909208981518344,0
1.9398061914872329,1.1765279152385377,0
2.4220924234937473,1.2397432663258046,0
2.1159695767007327,2.55600454350305,0
2.804298386978173,-1.8687102333386614,1
2.2148949404965244,1.24416680496485,3
2.8936807952532946,-0.8607228483652025,1
2.1389983602404667,2.3449551404382696,0
2.5333031437460627,0.255369213012524,2
2.169074044020866,-1.5547668867999205,1
1.8804772996672854,1.544863538496397,0
1.6381453275864035,1.494644513320066,0
3.023492874546383,-0.047141589193130704,2
2.398401377306007,2.0790285571733143,0
2.4152998474597522,1.9106445087883897,0
2.9875186635158855,0.3518028836172925,2
1.957957547260493,2.061831522085581,0
2.7710408824201553,0.8672394523263738,2
3.116691765825357,-2.4051282337157276,1
2.7179054978047366,-0.08720034260200564,2
2.2840080347664307,1.7372919782671463,0
2.0350210593605604,2.12777558518025,0
2.7122598409290735,-2.358388656521856,1
1.9995741280486514,2.5996516403312238,0
2.1459270238673773,2.4807936724466266,0
2.927082723833619,0.513468228272869,2
3.001797430666638,0.21822874581781493,2
2.1471705726114796,-0.33770030008874274,0
2.2174535837555904,0.955634017520607,0
1.7629885083478953,1.4331203849459355,0
1.7812202259839074,1.4149373587582263,0
2.8361809726969427,0.657499282025489,2
2.4835052915542586,-0.388962217082664,1
1.998335324570091,-0.46100384953238144,2
2.8814648454222773,-0.6487873716114917,1
2.4307416686437544,1.9766622026187237,0
2.3295957213560903,1.2511155546496906,0
1.2226025687030173,1.5656680288100118,0
2.070527094380893,2.0762798961484683,0
3.0035459387422865,0.12092957134018253,2
3.094823190902595,-2.308749663641597,1
2.435828076285874,2.329659593812006,0
2.42699044866965,-2.439975126630681,1
2.029608774547446,2.1365831025706665,0
2.1943328774757793,2.349286150652978,0
1.0366345310106562,1.7344986365893718,0
1.5836042546799578,2.111647323486638,0
1.3603057634320037,1.043680837759014,0
3.0385191084531527,0.5701112331246592,2
2.0545624578455133,2.607744363380561,0
2.7041237757363596,-0.20948595151912938,2
3.1145584875170003,-2.3721463197058923,1
3.112425209208644,-2.3391644056960565,1
3.093756551748417,-2.2922587066366793,1
2.413891977886978,-2.4427880250067737,1
1.8473497179874692,1.4911968177521626,0
2.159961396086742,1.9443651356967766,0
2.099998146534498,-1.2434523656181,1
3.116691765825357,-2.4051282337157276,1
2.8014845726008435,1.048513068561617,2
2.4092698295142907,0.38518948024386396,2
1.9907653256597793,1.99189009087493,0
2.5083621281197908,-0.08393063296205591,2
3.0766076182113684,-0.023314767309310896,2
3.1001563866734854,-2.391204448666185,1
2.809805732092571,-1.9600128608575025,1
2.1064846028604336,3.342097265090906,0
2.3421959480871717,2.345706514794077,0
1.6489480201226967,1.043125788900809,0
1.3627509867006333,1.6871847007820309,0
1.4926936953080971,0.7083682917728162,0
1.9066837094138989,1.8440507018132568,0
2.069189815502723,2.002287122458296,0
1.934662004773361,0.936042860828823,0
3.1156251266711785,-2.38863727671081,1
2.320917415812761,2.0436333489959972,0
2.184029113768256,1.7785595185942307,0
1.8196912638558425,1.6087118165995906,0
3.1113585700544664,-2.3226734486911393,1
2.8304019436351915,-1.0120152874371442,1
1.4671595626136267,1.905490766556352,0
2.1287855496615786,0.7563222589189443,0
2.7150720919173765,0.6686472185698372,2
3.031627891580247,-2.2566720406194714,1
1.739783920560573,2.293637445999898,0
2.0957476165557387,2.179657770305584,0
2.079351091662787,1.9301942670707048,0
2.1372541152231594,2.1710051849730525,3
2.6224911185262427,0.5960288111474268,2
3.093756551748417,-2.2922587066366793,1
1.9317947331922474,1.196736215137378,0
2.039069937877457,2.239094259003044,0
2.3914425394075125,-0.05115258082306477,2
2.258695969356569,1.1804177624529377,0
2.4346358324226793,-0.8487151212797285,2
2.2498120452626766,2.09914576843651,0
2.433858046960491,-2.633466531883162,1
2.0499000161478893,-1.2419977287028234,1
2.769944974274509,-2.479252156553003,1
3.0451061939977966,0.25619515645413193,2
2.7268231264259097,-0.1322433147750983,2
2.987892376926762,-2.0357689382638284,1
1.4076924779835824,1.9896069159121534,0
3.120958322442069,-2.4710920617353977,1
2.465236846733968,-0.05183282212678205,2
3.0428300749612274,-2.1881410406444255,1
0.9093716462918036,1.2234045077000155,0
2.706616303103478,-2.3743865599803526,1
2.377220489564738,1.7802797149139855,0
3.1033563041360197,-2.440677319680938,1
3.104422943290198,-2.457168276685856,1
3.020646008124471,-2.168881441143506,1
2.2281752956220067,0.019611909647546,2
3.1220249615962468,-2.4875830187403154,1
2.1578488620253284,-0.3665617578925242,2
1.7870643592908566,1.1912522491271418,0
2.1588145897618967,1.9484365031047783,0
1.8410977375889008,1.8861510852286485,0
3.034827809042781,-2.306144911634224,1
2.1152352951718676,-1.0846718999134268,2
1.8239292466398571,2.1433387761888825,0
2.6828440488629797,0.43629784392943227,2
3.112425209208644,-2.3391644056960565,1
3.096956469210951,-2.3417315776514323,1
2.7845814346785507,1.6665488705457132,2
1.3314220027643073,1.544179109845537,0
1.9734257761205278,2.036793442228727,0
1.8789502998606356,1.8019434085186783,0
3.0380277265053155,-2.355617782648977,1
2.947382010221613,0.31972591158087676,2
2.8378455328138,-0.08954246678309023,2
2.8238166397806967,0.609650755893343,2
2.125994369502051,0.11408861716802696,2
2.2373037469394994,1.9577109264966317,0
2.173466768752076,1.7735323632595184,0
1.9896071529995376,1.7992704662402506,0
2.8589613180776348,0.3230538581210338,2
2.0555634591078027,1.472261950198668,0
2.7798488589496446,1.6429208802330453,2
3.043178003638835,0.5671310549690523,2
2.102289572660876,2.400267905724555,0
2.951415712541459,1.1560218816048746,0
2.60626194455903,-0.19890042495407273,0
2.06100453233077,1.767529368396959,0
1.2164443218379866,1.2312255393714753,0
2.190829938197665,0.028214924593459312,0
3.0380277265053155,-2.355617782648977,1
2.667143206222986,0.15129689003773944,2
2.3422666857670484,1.7041979080684442,0
2.282231047046059,0.38945929066827206,0
2.741279053589719,-2.2838448986919233,1
2.7655450458091138,-2.360500354982808,1
2.940819554226437,0.25012359795826766,2
2.3310631069726333,1.5057257460239495,0
2.8325950903613095,-0.39027818111050105,2
2.8358625090747003,0.3449828271863685,2
1.8993701996845405,2.2729198576297667,0
3.1070920134377538,-2.2567096206714687,1
2.5592851368706317,0.6054812361346186,2
2.017078902312886,2.051317708977661,0
3.095889830056773,-2.3252406206465146,1
2.882987353307079,0.1303300277825869,2
3.093756551748417,-2.2922587066366793,1
2.3572986525958277,1.7292005643345068,0
2.688304108457924,-0.22020393503823393,2
3.020646008124471,-2.168881441143506,1
3.096956469210951,-2.3417315776514323,1
2.261712347423993,2.2043646191826083,0
3.095889830056773,-2.3252406206465146,1
1.6615677328883784,1.8525721416450316,0
2.271612157182409,2.006571459111171,3
2.3012351128360136,2.4121243428518864,3
1.8751507594126706,0.9389053773786968,0
3.095889830056773,-2.3252406206465146,1
1.2605088762572245,1.7413946041910844,0
3.1031249249155666,0.657958156531476,2
1.700386263952007,1.730246486479788,0
2.7169617084446065,-2.2316033851811685,1
2.077878575615182,0.21223103246951155,0
3.095889830056773,-2.3252406206465146,1
2.8734766077981893,0.14381034164777168,2
2.2370520897902706,1.8879770633122146,0
2.4225786687324815,-1.2386102350638972,1
2.38263711149572,2.248566148214306,0
2.390284718825656,2.0426357875928685,0
2.15246234432239,1.8432338512905915,0
2.78009079909163,-1.9595596016701244,1
2.064658031386307,2.106705904668187,0
2.142576371699697,1.8563437012661383,0
2.853497624283957,0.2798553444868548,2
2.1641037058935413,2.9743453261420947,0
2.109749933502328,2.090693968139681,0
2.638020571080683,0.45038907278698015,2
2.7893069987809564,-2.5662591726177575,1
1.9417402760088678,1.9948975316941002,0
1.8417725898741002,1.0934646746792749,0
3.108158652591932,-2.2732005776763864,1
3.1145584875170003,-2.3721463197058923,1
2.7401031171462473,0.7298277701429375,2
2.6707516607585315,-1.3028200725273746,1
2.753012084285678,-2.465245425746017,1
3.0294946132718907,-2.223690126609636,1
2.0527330637075503,1.9911276890030714,0
2.7871737204726004,-2.533277258607922,1
2.3473049415147553,1.7144158863126218,0
2.890130991738511,0.5934754235027189,2
2.7722552227888877,-2.3609934085292292,1
0.9939316843899428,1.6757693808305003,0
2.03042089042736,2.4263091276282465,0
2.796472086993621,-2.4539263927038477,1
3.023094778346822,-2.1247443845801306,1
2.0720191039140574,0.4328155183668372,2
2.202063407851223,2.5057834828009886,0
1.641652648488314,1.105875137362702,0
2.259746283791244,0.6187771360985259,0
2.8965278028956454,0.635558310317677,2
2.5737064139108936,0.9662560829477265,2
1.8511718402333919,1.0710216752293298,0
2.285658076402937,-0.7770138100753043,1
2.386209149815559,0.15454610603739521,2
2.0600969517194683,-0.005475446114701243,2
3.0375123502499317,-1.0678210441595457,1
2.126407710280542,2.168916360792162,0
3.1001563866734854,-2.391204448666185,1
3.0460299924237617,-2.237613911659178,1
3.1001563866734854,-2.391204448666185,1
2.000404096403676,1.1305832230255548,0
2.462592525000036,-0.19844972036069478,0
2.0970450766191466,-1.2825855031086228,1
2.4249905422099767,-2.45978118617137,1
2.030058655655603,1.7628199476321766,0
2.920586262800633,0.4127688170477463,2
2.464718700641996,-1.8713616883884465,1
2.3959703728468176,2.048845321800058,0
2.6914572575931537,0.7144167416323339,2
2.778655057713956,-2.459939150558735,1
2.317153330949071,0.3187642179720191,2
2.81986477563353,0.1103007715119027,2
3.0287353178299576,0.5948641361470436,2
2.2594952838016242,2.015791443443103,0
2.402681965745426,1.9940830025954122,0
2.3478975691354855,-0.1431366608120162,3
1.4928852524200589,1.019102657742615,0
2.358464958230177,1.7189803596298405,0
2.179603140242977,3.1054783716523326,0
2.471701628960111,-0.03850111931778046,0
3.112425209208644,-2.3391644056960565,1
2.769571702166551,-2.5028625165534626,1
2.2545649856186216,2.2806826375166294,0
2.3534105268912517,2.1232091581146273,0
2.229032395894689,0.8798218563116634,0
2.386396624271742,-2.423184718968473,1
1.2156375780822015,2.125049357165889,0
2.2604986859397624,0.6532540452196477,0
2.3030590690096657,2.4806156221074085,0
2.0057054871137225,2.1752206178268128,0
1.6443483270673576,1.0796326078305216,0
2.769811602425826,-2.4264641830024787,1
2.3336751133863154,1.213079221714456,0
2.671569805110264,0.2988908226629433,2
2.987892376926762,-2.0357689382638284,1
3.1001563866734854,-2.391204448666185,1
2.125749063086627,0.736729853854563,0
3.1134918483628224,-2.3556553627009746,1
2.9189029118597056,-1.8911516737268597,1
1.7818913583017295,1.5849401908870622,0
2.724743674437848,-2.269921113642381,1
3.0545631056571865,-2.369541567698519,1
2.777588418559778,-2.4434481935538175,1
2.7731719337743934,0.834739391764128,2
2.892033139631988,-0.7591685628851117,2
3.095889830056773,-2.3252406206465146,1
1.7362084736371945,0.6264653302953525,0
2.0327061396082677,1.6096408322557294,0
2.4367023668979195,1.9812602983698175,0
2.8824132142723333,0.6790695040703552,3
2.283638632942834,1.933131885650926,0
3.1145584875170003,-2.3721463197058923,1
2.5601606310663896,0.60138884510923,0
3.1156251266711785,-2.38863727671081,1
3.1220249615962468,-2.4875830187403154,1
2.2597316565134884,1.9643492707424903,0
2.419201255406646,-1.695425674796084,1
2.320455114215311,1.912068717045055,0
2.137861126062255,2.2640370565447014,0
2.7131518645455266,0.9040271725598803,2
2.7890056129143743,-2.338489693669424,1
2.1657372442091787,1.6236537745924173,0
2.300536197605438,1.9108545692888756,0
2.3894004272156906,2.1432002695934615,0
1.9986407284550496,0.31588978109906407,0
1.753124008096108,1.1629945257198857,0
2.3654436164163024,1.9936373729186667,0
1.9842695349829436,1.1699897103754178,0
2.4073763149655796,2.1581532666010728,0
2.8664475487033507,0.48350724038746706,2
1.9661651557735274,1.162354591166752,0
2.034101067740286,2.526389130363594,0
2.462911462866793,1.9211731737123043,0
3.0284279741177125,-2.2071991696047184,1
1.9000646684313736,1.5592251875311183,0
2.714175457918908,-1.7138190107621567,1
2.634576196553685,0.4193024569002178,2
2.755409501582311,-2.4455223119627716,1
2.4942191270727627,0.02932040930822241,2
2.816421206429923,0.47403601642849813,2
2.3980507524883015,1.8170095159331883,0
1.792298599609741,2.117773044919251,0
2.086798820461676,-1.976747281468085,1
2.4613315414047245,0.4730454716915407,2
2.7603452218869062,-2.330833543508744,1
2.323890569182828,2.6871894596599195,0
1.5159115646512935,2.0119832181068924,0
2.1580974715796613,2.228248780820293,0
2.2921198574477644,1.315410639753151,0
2.2609187110199787,-0.6803636817919008,2
2.073482371772443,1.9005851383538075,0
2.838547810552258,-0.3403100636439098,2
3.035894448196959,-2.3226358686391415,1
2.8304019436351915,-1.0120152874371442,1
1.6480073676727605,1.1370940515151235,0
3.0980231083651293,-2.35822253465635,1
2.5438411408075825,0.5975601369838054,2
3.1220249615962468,-2.4875830187403154,1
3.10922529174611,-2.289691534681304,1
2.358654631444393,1.6516890895166072,0
3.025756434653335,0.15148900258302547,2
1.9711272556970103,1.1888262548145458,0
2.772700558366519,-2.460514153683326,1
2.796472086993621,-2.4539263927038477,1
3.035636707694206,0.4390423274889983,2
2.4246942389616,0.6221226224941301,0
2.312944461771079,2.5044183792141306,3
2.175991745492097,-0.22923354279023142,2
2.0944599140428166,2.129599265299549,0
3.1198916832878907,-2.45460110473048,1
2.428362870299432,2.0583780406837464,0
1.896026698730568,-0.20281728342620003,0
3.094823190902595,-2.308749663641597,1
2.804814835210468,-0.7615262736102246,2
2.339764041147335,1.9794222119803748,0
2.6056900444122464,-2.022905760287549,1
2.120859477396804,1.7787727215160891,0
2.363848720565879,2.220373592807144,0
2.134156451327469,2.1419742461540014,0
2.0298693077663508,1.7577029941282416,0
3.108158652591932,-2.2732005776763864,1
2.801741039984707,0.07778950024134143,2
2.505043382937316,-2.1119278066115066,1
2.207355636012656,1.6126832834594036,0
2.782907163855888,-2.467313430588252,1
2.1301830632946284,-2.1375152935069552,1
2.2094161494239737,0.86831097804035,0
3.1070920134377538,-2.2567096206714687,1
2.1325082581475177,1.4204602135754285,0
3.005177268126778,-2.1714486130988813,1
2.127102648768129,1.2730311954922653,0
1.6739474856610221,1.9670245991029909,0
2.11697661804468,-1.1433365669831006,3
2.231277285913515,1.9540877612052618,0
2.7444466434913717,-2.3127447031145834,1
3.1012230258276636,-2.407695405671103,1
2.972319855862369,1.0796554901997752,0
3.1022896649818414,-2.4241863626760205,1
3.046172833151975,0.23970419944921428,2
2.131975529837049,1.5670521624807658,0
1.8482995069437151,1.43959625021117,0
2.714608191529684,0.658421179014156,2
3.110291930900288,-2.3061824916862217,1
2.0710925704870804,2.016857045205653,0
3.110291930900288,-2.3061824916862217,1
2.2167674070596286,2.3860081275310216,0
1.7894939606475586,2.194391862179104,0
2.955752019756915,-0.2647061069089407,2
2.675388277170067,-0.8428606950435445,2
2.348139147640869,1.9893325341849952,0
1.1375348769510303,1.7309959577688367,0
3.064362914781385,0.9117019680456975,2
3.049229909886296,-2.287086782673931,1
2.2716619926660906,2.020073695053311,0
3.108158652591932,-2.2732005776763864,1
3.10922529174611,-2.289691534681304,1
2.7215437569753136,-2.220448242627628,1
1.8697116694712916,-0.9578657513641581,1
1.8964272429911797,-0.9302369931291208,2
1.7121812178010998,1.8789697859705192,0
2.7774341125610347,-0.15051586599479036,2
2.9034215599114828,0.49655259745974334,2
2.470133382647901,-1.1445100868901432,2
2.780919674522226,0.872745384907982,2
2.515387565024516,0.15932792674988042,2
1.9968632659709487,0.7831163079269563,0
2.877113940245131,0.3185976703382908,2
2.137189369269428,2.1277841410150202,0
3.112425209208644,-2.3391644056960565,1
2.430302531972851,2.0802060403993234,0
2.3652448548117473,-1.9223124541770473,1
2.7680515329688467,0.7312700241465465,2
2.8801777616345356,-2.0501872317520666,1
3.0502965490404743,-2.3035777396788486,1
1.3660442790982614,0.3866916848865065,0
1.7298950828153115,1.8755796253350825,0
3.019785239490918,-0.003018004080721809,2
1.5628672463200228,1.4905442823819257,0
2.5534445529363383,0.612221870001974,2
2.767438423858195,-2.4698806025436277,1
2.04647171667128,1.3021690110688444,0
2.010188115228116,-0.2687216400146405,2
3.165760622908226,-0.8313832216981342,2
3.0241614175010003,-2.1412353415850482,1
1.3137283167177602,1.3102665452191251,0
2.78178162402845,-2.5751285224674545,1
2.357484910194959,1.8762080706259088,0
2.773984439373862,-2.3617035877626775,1
1.962404692393507,0.3932147788019223,2
2.1633825670685085,2.250174538571457,0
2.932069298743658,-1.1185902536664452,1
2.1735545784269497,2.4228870522294943,0
2.7421018619594504,-1.1390760419379629,1
2.5919391496242,-2.065596434769265,1
2.5071929854864705,0.3100200309319151,2
2.8296054482721984,-0.5585140526479837,2
3.094823190902595,-2.308749663641597,1
1.1985332428242321,1.3939258636990732,0
2.444246551211582,1.7301880513161403,0
2.9612299717475072,2.1110350794475274,4
1.8871822153065967,1.4050362341024043,0
2.392030488746234,1.954745805264043,0
2.5351436852269202,-2.1124645537766447,1
2.0483982097050957,2.5798552950969413,0
2.4112206784743364,1.4683748300027046,0
3.094823190902595,-2.308749663641597,1
2.7481562120127903,-0.16795474920642378,2
2.1701076354387494,1.6296574045536465,0
1.7684289077046271,1.1832108208152439,0
2.0492055688231594,2.3508828390079914,0
3.118825044133713,-2.4381101477255624,1
2.191492907886635,1.0006991852938212,0
1.5159125869305712,6.309732914681163,0
3.0990897475193075,-2.3747134916612676,1
1.9812148715790263,0.8929632454613194,0
2.346161058887562,2.7098779249854164,3
2.7939282192299366,-0.6529649860271592,2
1.9069734887492285,1.0508662837443563,0
2.987555994298566,-0.15887296371133594,2
1.6685976064227346,2.0846771437366556,0
2.7997904263366102,-0.060825717479045804,2
3.090556634285883,-2.2427858356219263,1
3.120958322442069,-2.4710920617353977,1
2.1462153417379035,2.4481999456724166,0
2.957480306945789,-1.2305539575507702,1
1.9796555014369495,2.0113244745452366,0
2.1294580766230036,1.9112385137904488,0
2.18047164749025,1.7652221094966485,0
1.9272935396611426,1.1850518396371612,0
2.22965737027194,1.1123904026471685,0
2.1930532347482345,1.7425214787579995,0
3.1070920134377538,-2.2567096206714687,1
2.5845410996234666,-1.9318554082753236,1
2.2337628003905623,1.2079511720695724,0
2.270863396648444,2.2079537638327436,0
3.1198916832878907,-2.45460110473048,1
2.3886290018068443,1.5301385699060241,0
3.112425209208644,-2.3391644056960565,1
2.764457696022623,0.5993545550413097,2
1.461958699007078,1.450081749850115,0
1.7561876198218946,2.3302736091043172,0
2.670324458310818,0.024021728831939426,2
1.3359065701739687,1.8984879106612753,0
2.5461747569081306,-0.007560242537206441,2
2.111532822169106,-0.10231264165975999,2
2.68115467038302,-0.7498220796129554,2
2.0866399486319844,2.0114392890202226,0
2.7111198506268552,-2.4076142004109053,1
2.904468612447756,0.702746928581031,2
3.053496466503008,-2.3530506106936016,1
2.1330443742553045,2.4625270268277037,0
2.0916121819264424,0.4333107606941011,0
2.355495737723845,1.3892730555715445,0
1.500973815474244,1.8068438027940519,0
1.9135106104494262,0.4550458900645479,0
3.0273613349635347,-2.1907082125998008,1
3.04709663157794,-2.254104868664096,1
2.7444789710522532,-2.333317769706676,1
3.090556634285883,-2.2427858356219263,1
3.0284279741177125,-2.2071991696047184,1
2.182456071350872,1.8768693727159933,0
2.0649750096387094,1.725199026406697,0
2.4104686591573223,-0.619110397785934,2
2.7039433738613026,-2.161887538365786,1
3.0380277265053155,-2.355617782648977,1
2.437967182266136,-2.5064320081967724,1
2.768505063012373,-2.486371559548545,1
2.0216168350567356,1.7368744258103253,0
2.720968278284702,-2.4745379490479005,1
1.4100065359038738,1.8682792832648047,0
2.7353565421626533,0.02993673485258777,2
2.6624907675848126,-1.1622106321741459,1
2.1690728896594944,0.4411634615467046,2
2.297858664342076,-0.6389529548597983,2
1.855817850666965,1.174381179796322,0
2.4486910886645585,0.24707712903667778,2
2.2639638637267314,1.6866809503010902,0
2.8331696205179644,0.6065683455688843,2
2.1877003059052185,0.6828858681006753,2
2.496262088168148,0.17535394825559952,2
2.948153511271273,0.14463147340440924,2
2.690391266006312,-2.262010086447726,1
1.3737897220448574,2.805129208539434,0
2.848456413280032,-0.10320999937312766,2
3.110291930900288,-2.3061824916862217,1
1.8273994993176983,1.553974581179353,0
2.772111661960039,0.22263232092868737,0
2.3388206244983403,2.2605506473201498,0
2.1536257580318163,1.989148606333608,0
2.988817680576676,0.646524125554796,2
2.0787404877645557,0.01216807781529361,2
2.224147123450098,0.9429393157332687,0
2.4558894087505445,1.8652860393633133,0
1.8089374159242042,-1.6311666549115496,1
2.3975979803953438,1.810617407271765,0
2.6465104162312842,0.4628938083906775,2
2.5313278121113467,0.16256381041556606,2
2.741910240312516,-0.9041720352705133,1
2.7020574688288685,0.18389589848448834,2
2.276713509763406,0.9623759444583512,2
3.0980231083651293,-2.35822253465635,1
2.7784067688716507,0.23305188358806184,2
2.9956780658926747,-0.10354118365105473,2
2.3260885157679176,1.4204108256587038,0
2.577962306275595,0.6630116901507063,2
1.9243139931714306,0.9738377659401188,0
2.0306849913686875,1.681767966836413,0
2.360042334055498,1.4299749710097418,0
2.141816173583156,2.121923925159787,0
3.1113585700544664,-2.3226734486911393,1
3.035894448196959,-2.3226358686391415,1
2.135345534832268,2.018602273797722,0
3.014692976442665,-0.7954827240725465,1
2.204387186336401,1.0453929048869997,0
2.8151407444538483,-2.5008320917632254,1
2.177567736012219,2.0543203971052133,0
2.2447964931139635,1.546916180954547,0
2.3646646542843204,-2.332029970698315,1
2.042416513594238,1.7226551166404076,0
2.169890535471503,1.155670801585857,0
1.996220457254193,1.6366595299600806,0
2.979022881065142,-0.026945307671994934,2
3.096956469210951,-2.3417315776514323,1
2.1934203122035374,1.6407370178178198,0
2.6986268332357275,0.7758572514580325,2
2.929216002141975,0.48048631426303373,2
2.3803280722347298,2.3519694657277466,0
2.236489677576054,0.6490388205567752,0
1.9179112627264683,2.664261560269161,0
2.26264143226517,1.5681180019336796,0
3.0662179427954466,0.41922402093455036,2
2.036166554930262,1.7905636005979413,0
2.4241234622559107,-0.02349256847728773,2
2.382932292796812,2.0925562178934465,0
2.5232408221326432,-0.47551512050614286,2
2.6953547991155453,0.11255386834329079,2
2.421192884190437,1.9999694535770756,0
3.120958322442069,-2.4710920617353977,1
2.2317047173294853,1.6493324775553253,0
1.7800376068181085,1.5519694197363991,0
3.049229909886296,-2.287086782673931,1
2.0918854639636324,-0.007101250371947532,2
2.312741146919646,2.1713684150279327,0
2.0681168734098665,2.626223834687314,0
2.9681913449576087,1.2826648908302791,2
2.4502437399426817,2.0252350205901632,0
2.421107755990015,-0.1584621231388121,2
1.865296815165038,-0.41772684542570143,2
1.978637721711209,1.7976603479029614,0
2.8133030772392518,0.7139328267234678,2
3.1156251266711785,-2.38863727671081,1
2.7797153311578433,-1.9634722245365095,1
3.110291930900288,-2.3061824916862217,1
3.0238459255870054,-2.218354312158259,1
2.997748927205512,0.5649466351623018,2
2.207730092692298,2.0995857377100493,0
2.6563848933116816,-0.7721624247214802,2
1.732757955903344,2.320447213954667,0
3.048163270732118,-2.2705958256690133,1
2.209457719353035,1.4890854760665464,0
3.096956469210951,-2.3417315776514323,1
3.017651961182562,0.02996390992911349,2
1.807153017992509,2.275341866695844,0
1.9244164327038227,1.111591437879226,0
2.970684814955649,0.9268703946383958,2
2.2756242768651074,1.6234615491728077,0
2.0271198744843018,1.0270986286792172,0
3.090556634285883,-2.2427858356219263,1
3.1070920134377538,-2.2567096206714687,1
2.0519360876891057,0.1602285194025274,2
2.088445687186255,1.832222121316689,0
3.0252280566551786,-2.157726298589966,1
2.425870866378973,-0.1073974779697022,0
2.1717204980001754,0.4470172424818807,0
2.345809120381246,2.2946825243362703,0
1.3683447496668617,0.6339276402749373,0
1.6667807209367775,1.9006780765713125,0
3.0894899951317045,-2.2262948786170087,1
2.2303869521904254,1.9437542392825466,0
2.1938482981639993,1.8005346134798819,0
2.76767832411747,-2.3934822689926434,1
2.7031054241191024,-2.3094907886316944,1
2.6475843548461824,0.4448234428631057,2
2.6126295292479176,0.8577883070160595,2
2.9915914914189097,-0.9170419438778942,1
1.9421977128066898,1.6760679183608171,0
1.8256892861511225,1.9543902472731989,0
2.115837321754792,-0.29173195279054137,2
2.778529067684609,0.38280383454203326,2
2.70409919146281,0.6927241783040962,2
2.6604855235381413,-0.1591864530685692,2
3.0744743399030123,0.009667146700524404,2
2.0505643661820847,1.062530063717798,0
2.766800199732294,0.2905382488772174,2
2.184198903102404,2.3283768005765277,0
2.9008497143510175,-0.07693612126871802,2
2.393317457708127,1.9919449027301348,0
2.509521040093367,0.8567645803251995,2
2.8822152937908103,0.26028621444342126,2
1.6919759807316566,0.9399673160715155,0
2.4129890111571495,1.0759718265002622,0
2.4752909817066815,-1.1540231680027428,1
2.7341589971340925,0.4010414758721186,2
3.043541804431848,0.48790489984313534,2
2.882987353307079,0.1303300277825869,2
2.205993011473769,-0.4082131129042017,1
1.397645310849064,1.5295647560995063,0
2.459382125792506,2.2194236205145663,0
3.110291930900288,-2.3061824916862217,1
3.104422943290198,-2.457168276685856,1
2.944581154260268,-0.10601529507195481,2
3.006339281095133,0.633509646885509,2
2.291747127907197,2.1309110307989405,0
2.7427780526843217,0.4074422686655501,2
2.7711885836347094,-2.3445024515243116,1
2.0960805195617,-2.096284282676262,1
1.7763059300126003,1.5724969003421359,0
2.472272841179359,-1.0307448437786835,2
2.8153679292612495,-0.9307785260390193,2
2.39186036793107,2.3131277795909666,0
2.813627689440699,1.3918886511712607,3
2.209432683173957,1.8856694072122981,0
2.3465583346580474,2.0396337456873046,0
3.0581666653777457,-1.6584330907945581,1
2.8204739402247383,-2.583286876787813,1
1.7933051711884984,0.3303665129603588,0
2.8428312327421765,0.44476491453603106,2
2.3110032314348468,2.134132062480027,0
3.108158652591932,-2.2732005776763864,1
2.1022428427708304,0.06061231842546593,0
3.108158652591932,-2.2732005776763864,1
2.690265050290541,0.3186946856168393,2
2.0949905918065004,1.6458030202234522,0
1.5930176259741935,0.801020811570494,0
3.053496466503008,-2.3530506106936016,1
2.8299614336788985,0.6015431467472199,2
2.848294926535854,0.48796342817021,2
2.1996508454715014,2.006388830483041,0
1.9989493615377345,1.3231098880214425,0
1.2925215428623253,2.2299577656091056,0
1.982016818571605,1.8594115679207917,0
3.0438967141154056,-2.204631997649343,1
2.6350273524845815,0.4933754707392343,2
2.760648977684525,-2.397252673727888,1
1.986526927019581,1.164915689847465,0
2.351991453368133,1.982350255329572,0
2.1011100615920166,-1.8635745669375894,1
2.861181480006447,0.6371878826758712,2
2.2682796296453884,2.085642847085924,0
2.6062813609644806,0.005599818947109314,2
2.2755516198106265,1.9661124664137428,0
1.7013769069893256,2.025475411946856,0
3.103423851635077,-0.03404531247262796,2
3.007310546435134,-2.2044305271087166,1
2.833161351141433,0.5520702757324669,2
2.00204594959456,0.9987340043668882,0
3.0894899951317045,-2.2262948786170087,1
2.718065135113081,-0.92377878408611,2
2.801082351141425,-2.0029747279821,1
2.2093718316744964,1.5993248917767495,0
2.722911781996074,-2.464708678580879,1
2.2944947944538407,2.1263348249092022,0
2.739145775281363,-2.250862984682088,1
2.2470463435738797,1.9193650969634364,0
3.053496466503008,-2.3530506106936016,1
2.8131821976245903,0.41295369353178474,2
1.8064388496270154,1.5458587503245043,0
2.1344814174228577,2.254641235643304,0
2.2386085537932425,0.19899774888685215,0
2.4836203368239858,1.4088645459972606,0
3.0369610873511372,-2.339126825644059,1
2.526648876501961,-0.6421918491689792,1
2.4570049419498594,-2.0364672013626217,1
2.138798118632556,1.9531990204058483,0
3.0980231083651293,-2.35822253465635,1
1.941084631922142,1.3174138799982524,0
3.092689912594239,-2.2757677496317616,1
3.104422943290198,-2.457168276685856,1
2.939033136172821,0.804836938442215,2
2.1938105500480694,1.9792544064904476,0
1.675684003207683,1.9638181901395995,0
2.031738205594353,1.7054909634703648,0
2.750878805977322,-2.4322635117361817,1
2.921544533687912,1.2136779024691544,2
1.7864341305357072,-0.05759158101044132,2
2.8591075361807063,0.47502977765695176,2
2.449799589791996,-2.572307397679461,1
2.7505238962937644,0.26027338575629666,2
1.4425266139620663,1.5728923684653977,0
2.449879386692653,-2.047607309556942,1
2.2948150462186736,2.2746819002233036,0
3.1145584875170003,-2.3721463197058923,1
2.7779472401929555,-2.361248285563204,1
2.164632202704174,2.1045336172048357,0
2.2907641104714815,2.061420505436509,0
3.0990897475193075,-2.3747134916612676,1
2.4177352992620804,2.4230961882306103,0
1.9518019339677513,0.5594689352371298,0
1.9729658029681427,1.5559357938882217,0
2.041800549619244,0.33563593873451636,2
2.7197118645335396,-2.415235807566126,1
3.096956469210951,-2.3417315776514323,1
2.579212580348611,1.167980961997875,0
2.465354738581322,-1.857288487680851,1
2.1708466719901987,2.5259347131050816,0
3.0502965490404743,-2.3035777396788486,1
2.633323957624305,-0.1971812799525879,2
3.0995105465477497,0.7971093080698117,2
2.2637740843531393,2.229785057310764,0
2.4117613915187786,1.8157665131331497,0
1.8979039628838397,1.0577842100771495,0
1.9603190564196389,1.2942388653589594,0
2.04521972688506,1.886403516980069,0
3.095889830056773,-2.3252406206465146,1
2.7476320659812234,-2.314662712594443,1
3.1177584049795346,-2.421619190720645,1
2.433627971547378,2.215212045315331,0
2.303151006192757,2.9174207356877084,0
2.7257523795274565,-0.15287567081232875,2
3.055274835127807,0.3065043727890415,2
2.795289065614732,0.5886802057602546,2
3.0608357355253015,-1.4579744347801713,1
2.0968927020146992,2.1004919117931258,0
2.4279630858890675,1.8045778313027405,0
2.274272061784232,1.5888184805881296,0
2.3831525828922153,1.463423798130785,0
2.0956539931102456,2.1477881067130373,0
3.1113585700544664,-2.3226734486911393,1
1.5973537691438258,1.9122564262243325,0
3.0048032240124196,-2.0457801004469855,1
2.7905318388587186,-1.9128861812093505,1
1.9459402914521098,1.991228993712527,0
2.3162174889807696,2.1544557622534573,0
3.0011809662575732,0.5355148412090394,2
2.80244351458404,0.636656945911872,2
3.0894899951317045,-2.2262948786170087,1
1.6759207425809413,2.021491684823536,0
2.15585872188643,2.0819901894885873,0
3.1033563041360197,-2.440677319680938,1
1.6105823539227175,1.4592527290747066,0
1.8097457961307908,2.9679755317593894,0
1.7049199366210441,1.6539309292010822,0
3.093756551748417,-2.2922587066366793,1
1.9533461914108317,0.38820628375231403,0
2.204269529647986,2.0549507689076805,0
1.2084592385778248,0.6777873486806928,0
2.322233268732725,2.3943502199885724,0
2.256362041158168,-0.15301215942379967,2
2.128238972237516,2.1175250440431523,0
2.47255768908256,-0.08212248436475092,2
3.048163270732118,-2.2705958256690133,1
2.861051198207851,0.40557537688987977,2
2.02934905220371,2.2205748161931638,0
2.1206190358781907,1.6364648047023178,0
2.240439867436843,2.2683089695485643,0
2.1954184140385253,2.0373195291259316,0
2.31599410507747,1.7689380527483387,0
2.768694837609357,-2.5291827440254013,1
1.4889737403801702,1.7652151371633504,0
2.7143786687626497,-2.332781022541538,1
2.7786406072391756,-2.401349602568582,1
3.091623273440061,-2.259276792626844,1
3.104422943290198,-2.457168276685856,1
3.0524298273488304,-2.336559653688684,1
3.120958322442069,-2.4710920617353977,1
1.6679233046047504,1.1306603333702312,0
2.199967165486323,1.5793812147253508,0
2.532442261545703,0.7041544292549751,2
2.7178390389105225,0.6022558990051058,2
1.9452489124989167,1.7619976008693476,3
2.5804307491872227,0.6967037956585034,2
2.1897186447231496,1.7508119835348275,0
3.118825044133713,-2.4381101477255624,1
1.956293446608017,1.245041433231767,0
2.772078252582865,-2.512234070562838,1
1.9884758779497824,1.4705390483746208,0
2.8927605353410955,0.7749351151906619,2
2.7797153311578433,-1.9634722245365095,1
2.098641451180063,2.0799544434246076,0
2.411513478053763,1.8719852821687106,0
2.4085587821160876,-2.3603332399821855,1
3.10922529174611,-2.289691534681304,1
2.38631751797028,2.3145456063276053,3
2.3367901458687723,1.3432377935582647,0
2.4742985216121642,0.9214542944616503,0
3.1177584049795346,-2.421619190720645,1
2.725305512989769,0.4868191999706823,2
2.2223356633967954,0.7799302768910041,0
2.046824290407244,1.792026865421417,0
2.005565511308382,1.7118348576026676,0
2.0210520523004476,1.8305117974392469,0
3.108158652591932,-2.2732005776763864,1
1.5764185713582353,2.1421576619155864,0
2.949515288529969,0.2867439975710416,2
3.108158652591932,-2.2732005776763864,1
2.0439348126335433,2.114621922153985,0
3.0403418869693137,0.5373777708578882,2
1.1111533190257643,0.7367232461130688,0
2.8194073010705605,-2.5667959197828956,1
2.4042690653433363,1.6942808501786635,0
1.6688547182892308,1.2367636180448225,0
2.885226435730272,0.42247745983405416,2
3.096956469210951,-2.3417315776514323,1
1.8819137251274658,0.9599925370705571,0
3.0154085067337966,0.6289150274713222,2
3.112425209208644,-2.3391644056960565,1
3.1113585700544664,-2.3226734486911393,1
1.54533994466048,1.8883321902429238,0
3.108158652591932,-2.2732005776763864,1
2.17785285520368,1.7150995803895546,0
2.8712666891119714,0.07873523052917203,2
3.1012230258276636,-2.407695405671103,1
2.495991830178595,-1.7711243771062581,1
2.3376016483153848,1.7928556477303466,0
2.0577778876459254,1.5039182333344714,0
2.1552731796349303,1.9355002417548963,0
2.72367703528367,-2.2534301566374633,1
1.8810483406612117,1.6266635178539817,0
2.940982175296545,0.4186716536103826,2
2.158143028431453,1.7504241068417197,0
3.033761169888603,-2.289653954629306,1
3.0980231083651293,-2.35822253465635,1
2.4361927255909572,-2.391250186196324,1
1.9215054193526129,0.9171318033150581,0
2.309216662554745,1.0909638001821407,0
2.870119032597474,-0.6121523671873141,2
3.0110941002349167,0.11855765943779936,2
2.6174253341785323,0.5237902127936941,2
2.0407965803819317,2.001580719254372,0
3.094823190902595,-2.308749663641597,1
1.5891248736410588,-0.3619528486437622,2
3.0438967141154056,-2.204631997649343,1
2.702714861690861,-0.1856373299236152,2
2.0555102763093007,1.5963439570971467,0
2.7322101485170944,-2.385357812676804,1
2.3814689431928393,2.319416727136516,0
1.933816924403264,0.5468856352160082,0
1.7825747191488803,1.6915163930844286,0
2.0045610747663116,1.5291195477618582,0
2.063231029325891,1.278521756571484,0
2.3186643001352225,-0.250153723839162,2
2.710675312746832,-2.3665615543218035,1
2.8890312101257223,0.49038051410619404,2
2.496739920562213,-0.463979497772516,2
2.7199723172188786,0.5692739849952704,2
1.306020482433692,0.626177578800989,0
2.0203682674857792,-0.3415025452225481,0
2.057749560490945,1.3873008192460556,0
1.0845440674138487,1.946436169210124,0
3.1033563041360197,-2.440677319680938,1
2.330312632567935,1.4578859910095243,0
2.36942089238466,2.0682931388230164,0
1.866243785382705,0.8823354983487596,0
3.0144396717527058,0.08211374454158518,2
1.901334669934881,2.0268565842823016,0
2.31228821996671,-0.7274955241402453,2
2.488519414106657,-1.9923200628407052,1
3.090556634285883,-2.2427858356219263,1
2.7609796882598663,-2.495240909398242,1
2.0664000058481236,2.4401460625203923,0
2.4223092631240726,1.927279868532226,0
2.4283735290827893,0.271467499592671,0
1.983725447916044,1.226955850481026,0
2.9350505098968696,0.2781140164837386,2
2.1110157851342892,1.3761644864023383,0
2.7727716196290855,-2.5523353875682155,1
2.107247802585241,1.3572414790656966,0
2.402211701994693,1.207664723796891,0
2.0882232186794334,0.4111051243501295,0
2.771704980474907,-2.535844430563298,1
2.5283583272548067,0.5367780908575708,2
3.118825044133713,-2.4381101477255624,1
2.594647001015274,-2.009934249758753,1
2.7428693614925055,1.2866313249966923,2
1.4638054120706039,2.37843556934977,0
3.005494395232811,-2.066183680318288,1
2.745095051101967,-0.8889712650630625,2
2.4177244093798658,-2.4691295507004045,1
2.6975207332131377,0.523866827229686,2
2.711092720834516,-2.382589170180802,1
2.7850404421642443,-2.5002953445980873,1
1.9718567908642084,1.3978130143659502,0
3.034827809042781,-2.306144911634224,1
3.0417634358070496,-2.171650083639508,1
2.4572753627125286,1.832925196738835,0
1.4971622238168556,1.2073670287674017,0
2.456523999909047,2.017441952144091,0
2.175855586583828,0.9376002440927867,0
2.783455588900732,-1.9672060587322027,1
2.148060574782244,1.8913712611494655,0
3.110291930900288,-2.3061824916862217,1
3.005494395232811,-2.066183680318288,1
3.093756551748417,-2.2922587066366793,1
3.0241614175010003,-2.1412353415850482,1
1.9182740357213799,2.2875848066973528,3
2.227291712268383,2.4294533439765087,0
2.976076719846405,-0.3886023205315592,2
2.4315673473410677,-2.407486266167267,1
2.212489949686685,2.1764665027479766,0
3.1012230258276636,-2.407695405671103,1
1.5653010970498562,1.4361876239887181,0
3.1070920134377538,-2.2567096206714687,1
1.9291182018493298,2.1122195755654825,0
2.1470255707130823,0.3744414796402615,0
2.8657553717031017,-0.5196220549078531,2
2.2048533377117696,-0.07781482284616952,2
2.7673818575683113,-2.425614230193631,1
2.4315673473410677,-2.407486266167267,1
1.8150024153725581,1.8823033935526197,0
2.7057595250636255,-2.3001343851562144,1
2.040633229569055,-0.30816822213423606,0
3.035894448196959,-2.3226358686391415,1
2.4253669557575117,2.4624110027259873,0
1.9785746430072,0.38371093540880413,0
2.7560297893903525,0.2528026733586039,0
2.803582798081506,0.20655565158828226,2
3.1177584049795346,-2.421619190720645,1
1.9697658207350877,1.1293230559045968,0
2.9417975409712827,-1.9572299906676232,1
1.7281132113475652,1.1952324715381761,0
2.1412958931470545,1.689292242850347,0
3.036727554187964,-0.6254489062969515,2
2.4885080037854452,-2.0980040215619646,1
2.531329031732537,-0.7845148997434924,1
1.7366481573147232,1.5307321925581643,0
2.755409501582311,-2.4455223119627716,1
2.5305161411008665,0.9800570849094652,2
2.279706898050451,1.7633624191133908,0
1.5234085575587752,1.314219590679183,0
2.4399956571640113,2.285111474574087,0
2.1191297525562365,1.962950957408848,0
2.213658140026318,2.1972312689049143,0
2.742369403116544,0.4716097078763102,2
2.4615642795800907,-2.455354260221459,1
3.1001563866734854,-2.391204448666185,1
2.031943633062006,1.9706719326374356,0
1.5239891201345364,0.8318167895537655,0
2.9849613880232146,0.2941038679453736,2
2.694643372148244,-2.2693843664772433,1
3.1220249615962468,-2.4875830187403154,1
1.9995054572413746,1.5148932607849945,0
2.710053211472677,-2.3911232434059877,1
3.104422943290198,-2.457168276685856,1
2.4184354558936727,-1.1590031065411515,1
1.8684124768852535,1.6500721348177447,0
2.891445009087347,0.89337053804659,2
2.012946826908995,1.7498682832634975,0
2.1065535825206236,1.2299049553771337,0
2.4543110468626113,1.4416141587748834,0
3.093756551748417,-2.2922587066366793,1
2.3295788798670953,2.866066744160816,0
1.9543838323810776,0.21326091672965225,0
2.117957962309146,1.947884453277068,0
1.73020399524094,1.5731993221763445,0
2.1108130147664337,1.6965621486439135,0
2.894783085625167,0.359408785547647,2
1.9408002652983458,1.6904544211717831,0
3.0174460906619367,-2.119408570128753,1
2.0130087199737687,1.1467478123478667,0
1.6646257554078814,1.6033904379129453,0
2.72367703528367,-2.2534301566374633,1
2.9842208743457586,-0.4034772628437924,2
2.168044744485011,1.756858260250326,0
3.0478083610485607,0.42194107182346485,2
3.1022896649818414,-2.4241863626760205,1
3.1156251266711785,-2.38863727671081,1
3.1070920134377538,-2.2567096206714687,1
2.6724593053114876,-2.250124766976324,1
2.368798166516579,2.0210804107672247,0
1.8609929874376627,2.054324082850949,0
2.3788186420267214,0.117904499822712,2
2.700043914103557,0.6900232841384484,2
2.065826921186659,2.0901128587657234,0
2.1521008940907076,1.7929075255224762,0
2.2599291558894183,2.121475338637352,0
2.93244906206312,0.5505993096497235,2
1.5379554485736482,0.8916190398187289,0
1.9428809538382308,1.397385780474593,0
1.6943382978281827,1.4141199446087083,0
2.7537796088293742,0.30920671813400635,2
3.0894899951317045,-2.2262948786170087,1
2.841514168467833,0.575044497000901,2
2.7545110833802804,0.22604174161145624,2
2.8906998804809185,0.7922032528818873,2
3.0273613349635347,-2.1907082125998008,1
3.10922529174611,-2.289691534681304,1
2.7751123919129355,-0.020612421964346372,2
2.380541630192725,1.1491785134149377,0
1.194943114315552,1.5662022203018755,0
3.10922529174611,-2.289691534681304,1
2.2502040832958152,1.4742302283495565,0
3.1566373040446627,-0.6752914522930427,2
2.6380976781030405,0.6256321090418399,2
2.7101884707250696,-1.8227390906785412,1
2.5122084711499806,-1.9995950266975968,1
2.012955453394031,2.483516527903838,0
2.391892764958659,1.3115278243781956,0
2.986591612513406,0.699583266547523,2
2.5538899211935933,1.3478796243424247,0
2.247139963320892,2.1251042665260256,0
3.094823190902595,-2.308749663641597,1
1.8956207053936613,-0.4447141287274222,2
2.703853513287245,-2.444120792735268,1
1.7251702554432564,1.1887763050823017,0
2.446444151049798,-1.1217212453998675,1
2.80678271554404,0.15708278057352928,2
2.424501704982987,2.18045885640002,0
1.6143580500272134,1.8962955336349774,0
2.769974243265977,0.8837304093312914,2
2.7794040439363847,-1.7317066347440313,1
2.853497624283957,0.2798553444868548,2
1.9929718203513966,-0.781501894254996,1
2.2770215704657115,-2.1017991792469637,1
2.7745638252194476,-2.3781969590257677,1
3.120958322442069,-2.4710920617353977,1
2.3259672272339738,1.8823194801890342,0
2.831595952457988,0.4109466552060392,2
3.110291930900288,-2.3061824916862217,1
2.439208006678048,2.2711074073873925,0
2.4789082513978427,-1.949585408517706,1
2.130329011745383,1.8594213191906528,0
1.7805883370329514,1.6504762240699262,0
2.7211342185973835,0.08169226469268015,2
2.3783521287890745,0.0652083860139801,0
2.203226125799957,-0.2118048283502286,2
2.226679629888338,1.5684708088400454,0
2.305296452938087,2.46924101537211,0
2.8108741878371357,-2.434868263743555,1
2.6574455837078816,0.7523344411800144,2
2.257657237743392,2.166269906167098,0
2.983484484805786,0.7289789105793841,2
2.314698576227314,1.6729508386700986,0
2.2787954271432023,2.0132910121659844,0
2.9070950106530336,0.3260988897599237,2
1.7733749914304517,1.8611758030812657,0
2.433136112985034,-1.9971280919927195,1
1.689685243407881,1.110411809484465,0
2.068360884155728,2.26071379186229,0
1.8457805488931986,1.8114750222634648,0
1.6570310156491306,0.4265262966604893,0
2.193323551664292,1.152157169092589,0
2.3699515073343673,2.0317250300841203,0
1.5510647202800483,-0.971806629358349,1
2.166549213602951,1.8499600719566205,0
1.969691444311518,0.7918503359233423,0
1.5824099398767757,1.5662610060369235,0
2.230783530043725,2.2195368587038615,0
2.827834622344217,-0.4428323290168838,2
2.771944880734182,-2.459446097012314,1
2.051961215485495,2.686695017248865,0
2.1023350423834244,1.8897485965326792,0
2.457657260732662,-0.5948058302467402,1
3.1177584049795346,-2.421619190720645,1
2.750831983443758,-2.3641355836091957,1
2.2153653496902326,2.348240163150472,0
2.8848649135068,-0.3172884292685339,2
1.8573426290896773,2.330509571201951,0
2.987892376926762,-2.0357689382638284,1
2.7666321681694113,0.7488737121691266,2
2.057510175446117,1.9584943302066102,0
3.0226779628343086,-0.06669372915552278,2
2.6190654533096596,0.27974321690372167,2
1.8941970682762939,1.8974226453292973,0
2.105709840079135,3.06629286077078,0
2.2775800813657052,2.02580918147455,0
2.707299108925344,0.6432513072893433,2
2.105021726683706,1.560937176061033,0
1.7941411931913795,1.8145404479601406,0
3.0557725855395774,0.09128558640495563,2
2.076880449377708,2.3020760312749546,0
3.0990897475193075,-2.3747134916612676,1
2.2888366376081093,1.9712731055162154,0
2.047057254600407,1.0978000806725023,0
2.7332767876712727,-2.4018487696817217,1
1.680932468799483,2.403357680923776,0
1.939970762337503,1.2852809195325872,0
2.319899448122693,2.070255060190493,0
2.815892770829845,-1.936873082659934,1
2.2593279590998154,2.091168924247351,0
2.2914569285338855,2.4972018193398666,3
3.118825044133713,-2.4381101477255624,1
1.7980148518887564,2.1916432678227666,0
2.7390854697078395,0.5590320635903734,2
2.7537246995344864,1.0364198549292303,0
2.0748602085928547,1.1087161106908043,0
2.9916873484250055,-0.5189139618782155,2
3.0547371874935085,0.07346534730447732,2
3.0446084435860263,0.4714139428382178,2
2.768026424482348,0.3474990454722112,2
2.178211945086861,1.266661571310539,0
2.411044322631973,1.9076502658664358,0
2.7687449632716477,-2.409973225997561,1
1.1566980363352286,0.7117821036143228,0
1.9471967938518686,0.5458012130296394,0
2.430323737980867,-2.5422359711959577,1
3.116691765825357,-2.4051282337157276,1
2.690539390273743,0.028342506468436224,2
3.1145584875170003,-2.3721463197058923,1
1.9894996819423425,0.9528456766005621,0
2.218396504548361,-0.25520192569092626,0
2.1535471156784785,2.1242247495114324,0
2.3571880292094525,1.6591375790554839,0
3.094823190902595,-2.308749663641597,1
2.812246193113526,0.30624050133493264,2
2.3629655010997888,-2.3386703590145195,1
2.159296763165034,-0.06708008288013029,2
1.9524644653193006,1.969425874043287,0
2.891247949282344,-0.43037534534118094,2
2.850297706821423,0.32932821550160774,2
3.0980231083651293,-2.35822253465635,1
2.8261669619009346,-1.9650888034127916,1
2.095293508304281,3.007430708100696,0
2.965394320811893,2.0415500297637434,4
2.2967724372330487,-0.6425058410301661,2
2.7027868741330674,-2.4276298357303503,1
2.358516769636174,1.8124347108316277,0
3.0980231083651293,-2.35822253465635,1
2.234478230053357,2.243260636010312,0
3.0037365848582414,-2.029289143442068,1
2.6890397180786074,-2.1240696006975393,1
2.771704980474907,-2.535844430563298,1
2.446246079263288,1.2583127825005849,2
2.7980727013966122,-1.7786123338034088,1
2.2387477506250724,0.9046631530343275,0
2.249220291422238,1.661170601294961,0
2.798383988618071,-2.010377923595887,1
2.8028719219186895,-2.552872134733353,1
2.179900046867418,2.4322485344025124,0
2.0983309271741697,0.346597148880077,0
2.1628363302844456,2.76361530244855,0
2.147855250209453,1.471436112106729,0
2.499085559548312,-1.9378622635732548,1
3.1113585700544664,-2.3226734486911393,1
2.458392993796833,0.7254544181880214,0
2.390402766593829,1.9592338707009658,0
2.5678429940387004,0.4681996528998398,2
2.01383178491384,1.8151135562663074,0
1.8564889401111162,1.8986978341653957,0
2.2234051831249624,1.5704138806844603,0
1.9774740654940253,2.209847205939559,0
3.0048032240124196,-2.0457801004469855,1
2.1179147226340236,2.133042149686715,0
1.4417260055440857,1.9841031090609174,0
1.9277944285162256,0.3208095332475533,0
1.7958522728564437,1.9076537626718095,0
1.7840094238417876,1.8267726814174414,0
2.8002059797049683,-1.811594247813244,1
2.7932721695310865,-2.4044535216890948,1
3.1012230258276636,-2.407695405671103,1
2.0745654145905035,2.204799322804815,0
2.7903736379351347,-2.582750129622675,1
2.7546299863386507,-1.2104306012664208,1
2.9230267352281323,0.39398975709795947,2
2.2595363387535494,1.46162985913008,0
2.282440420843485,1.0316352324780311,0
2.363871218767877,2.6599389513339737,0
1.5170072219529909,1.2092721223442473,0
1.94041596438562,1.5761067571247742,0
2.0619160734130424,1.35437588449081,0
2.9094687033435105,0.47795950784954977,2
2.7716465867162285,0.872158008886387,2
3.0284279741177125,-2.2071991696047184,1
2.766371784704017,-2.45338964553871,1
2.219901975407445,1.8980839630374677,0
2.6473787468717727,-0.21635691712788724,2
1.6606526352401276,0.41593246005685036,2
2.796626178243501,-1.9734833867196666,1
2.4095573268251522,1.6779919307323223,0
3.104422943290198,-2.457168276685856,1
2.388555710173568,2.257736372036269,0
2.383918298436135,2.6718802308388083,0
2.185772903938081,2.042510284874446,0
3.032694530734425,-2.273162997624389,1
1.882364566495837,2.0083695042510965,0
2.3287022409659897,2.4988503476394217,0
2.356591418406075,0.11467216301316943,2
1.982367982818212,-0.585990872737334,2
1.8917656093262332,1.4733782677764253,0
2.442227911210942,2.2307138517825007,0
3.005494395232811,-2.066183680318288,1
3.0262740877469994,0.31283060365810444,2
2.1570843602468996,1.4554910604568636,0
2.6783048046386044,0.2666191001510697,2
2.2113911918835556,0.9947870315163397,0
2.363660240488776,1.834088445989681,0
2.440826879631977,0.41906711974508426,2
2.6473387566029474,1.0473823015593557,3
2.7455456102064315,-2.349808726711594,1
2.078913647922179,2.5060683548615734,0
3.118825044133713,-2.4381101477255624,1
2.783280435963846,-2.4437030705877922,1
2.103535187880416,1.5215094347882896,0
1.6605374636098444,1.7531940962732055,0
3.0460299924237617,-2.237613911659178,1
1.9692267667360182,1.03333160428388,0
2.2932408542325162,-1.1592691761760534,1
2.153954910406162,1.993937734451297,0
2.140100302724964,1.4533962848775261,0
3.0433813378600223,-0.9168352591599115,2
2.8813804968618437,0.2526338423186203,2
2.271885147234374,2.1452405296190147,0
2.836431397817108,0.5437106565655367,2
2.9219600960739545,0.4104807141028772,2
2.069329149686675,2.258538244896233,0
2.8883832507000986,0.4583545275771528,2
2.176926945133431,0.9695936655102482,0
2.8308997657443533,1.1860892754365784,2
2.1414531962445573,1.6110732205344436,3
2.252172811636055,2.234456276663507,0
2.7188655431817894,0.33870276540957467,2
1.9369689239824415,1.8244706161844202,0
2.9033865275780597,0.7099160950510872,2
3.1001563866734854,-2.391204448666185,1
2.818340661916382,-2.550304962777978,1
1.6725541387755936,0.6273594938611938,0
2.3107468346595317,3.1953178675038645,0
1.7947368790364966,1.4328084822135325,0
2.1289714300392215,2.2235663324272803,0
3.1070920134377538,-2.2567096206714687,1
1.973770548407849,1.5720637465051583,0
3.091623273440061,-2.259276792626844,1
2.7555544525391795,0.8844129959881069,0
2.7673971373822637,-0.3338695819658146,1
2.0871039433538505,1.906833736518049,0
2.9110145509536185,-0.18496962468935482,2
3.091623273440061,-2.259276792626844,1
1.9801179725761366,1.872128944930128,0
1.8910720838863282,1.060275049168,0
1.933828019124157,2.088104860795716,0
2.411390610058066,1.9288400617806691,0
3.049229909886296,-2.287086782673931,1
2.1494823839973596,2.3141464629780057,0
2.2946664834208406,1.7595292542192518,0
3.067007865823766,0.12510384573494773,2
3.091623273440061,-2.259276792626844,1
3.120958322442069,-2.4710920617353977,1
2.115515155083985,2.6942229723590025,0
3.123906329658221,0.5780987482548444,2
2.3235502104043113,1.726428147610743,0
2.6705437509214485,0.2685905695295765,2
2.7830969384528723,-2.5101246150651084,1
2.3265446399334464,-2.3495585083658375,1
2.369217940890918,1.694807543571815,0
3.1156251266711785,-2.38863727671081,1
2.744598679734999,0.6895208470827938,2
2.0025483410882625,2.445035747091006,0
2.3473851761664117,0.2638011228165871,2
2.229762172874931,2.324207609092746,0
2.7868705180156312,-1.8471433337784546,1
2.4490195288893304,0.9669722087226165,0
2.450570557913045,-2.0680108894282445,1
2.6570603875605663,0.32317446579603604,2
2.115497801116003,2.1418407401133366,0
2.229206386151186,1.6236641160626624,0
2.7319887718331883,-1.9088274295590084,1
2.722218414949854,-2.4246073615755015,1
3.005494395232811,-2.066183680318288,1
2.2068233738295002,2.0728210918877883,0
1.742993226792166,1.858717302594918,0
1.7592370741873566,0.8182698127816809,0
2.443651160069792,-0.15416844065894458,0
2.183459558272242,2.258215640574167,0
3.1145584875170003,-2.3721463197058923,1
3.1022896649818414,-2.4241863626760205,1
2.9556084187582954,-0.8184074597123762,2
2.4922337812015978,0.3962783412394721,2
2.1175946915117265,1.6032774138447063,0
2.1168559737512593,1.131099882114732,0
2.7839882534848464,-2.542393935583323,1
2.214086462170551,-0.10227364606633024,2
2.585702888552283,-0.03133765828458118,2
3.111547956020171,-0.8363952161185476,1
2.4174909285947788,-0.35845058081606573,0
2.8018052827645112,-2.5363811777284355,1
2.7620463274140445,-2.5117318664031596,1
3.1134918483628224,-2.3556553627009746,1
2.4899842119785567,-0.6214978672909388,2
3.0428300749612274,-2.1881410406444255,1
2.789497752296351,0.5112997791434183,2
3.096956469210951,-2.3417315776514323,1
2.705008439142081,0.8068397920584147,2
3.1134918483628224,-2.3556553627009746,1
2.7409841767905974,0.7534912671038035,2
2.10958610674825,1.9526896175309765,0
2.2898312647887042,1.718353310701304,0
2.187163930986116,1.894087735166846,0
2.6583263425110046,-0.2763447640759204,2
2.872931499794614,0.6243384856344821,2
2.7657783046341256,0.4117540676564657,2
2.7300768702087383,-2.352375898666969,1
1.6435538622692976,1.6823505260772784,0
2.313167557383837,2.0802109642480455,0
3.032694530734425,-2.273162997624389,1
2.7080154552239684,-2.456508104871108,1
2.550636663953615,-2.1335906875791726,1
1.3619578463283335,1.9887615059781563,0
2.67878807897399,-2.2572492751209396,1
2.814924306085071,0.42381778584026997,2
2.077208702799966,1.7637847281159256,0
2.766371784704017,-2.45338964553871,1
3.1177584049795346,-2.421619190720645,1
2.6041996453673955,0.5041905137210189,2
1.9921147102255197,1.6235549677929475,0
3.0242133381425726,-0.2606006294650339,2
2.766386235178797,-2.5119791935288633,1
3.120958322442069,-2.4710920617353977,1
2.169747352522384,2.37740603373297,0
2.469782780035334,-2.006831950152591,1
1.7476761888314736,-0.5992136665798361,1
2.987892376926762,-2.0357689382638284,1
2.783973803010066,-2.4838043875931697,1
1.9325336899507297,2.2153388877292337,0
2.637491936944632,0.6953589798174347,2
2.4975883191792816,-1.8908071488558242,1
3.096956469210951,-2.3417315776514323,1
3.0273613349635347,-2.1907082125998008,1
2.875897046521697,-0.06645475261641524,2
2.0292975688467525,2.5006610871425554,0
2.783716250478421,-1.0528119822352002,2
2.4538475560988893,1.9018540167902342,0
2.8480039619412407,-1.042430029491604,2
2.7229742467251445,-0.6802750919960352,2
2.7189056780647007,0.5857649420001881,2
2.1624317729120146,1.5673814864548132,0
2.3651394367822967,1.9791103865299915,0
3.1177584049795346,-2.421619190720645,1
2.150889890406753,2.2482674914320526,0
2.753012084285678,-2.465245425746017,1
2.087071970272345,1.7541624427713658,0
1.7885411447387702,1.680619989819033,0
0.7982511936646638,0.6483624076079924,0
2.1467005087888484,2.1791413850084322,0
1.724271823418226,0.4880040106135539,2
1.6814275413186348,1.6717376486852036,0
1.6549733729357485,1.8541227540441958,0
3.1033563041360197,-2.440677319680938,1
1.4994356772671147,2.4576075206106838,0
2.32676981167359,-2.1674874547993332,1
2.1247738790582313,1.467631011090172,0
2.753170736009817,-2.3928764153233435,1
2.404920794688958,2.7222951072028168,0
2.0923864574007047,1.409076061944343,0
2.742345692743897,-2.300335855696841,1
2.777588418559778,-2.4434481935538175,1
2.1867470160512426,-1.6114935377704067,1
2.4260756079619723,-0.29394838337315754,2
2.10236216544585,2.254861314990943,0
2.0114029971991445,1.8362685520444955,0
2.1477115592614666,1.9809926769019732,0
2.8642501865020797,-0.9738782898839161,1
2.3304350769185556,1.3510049756581615,0
2.027321957986002,1.1611967367367975,0
2.136777544673137,2.0208255547431713,0
1.9049170132478106,2.1573184700775285,0
3.1156251266711785,-2.38863727671081,1
3.1070920134377538,-2.2567096206714687,1
2.261161985706452,2.3624269400519613,0
3.0783343661760445,-1.9337380816969771,1
2.028698281523249,2.043676520914342,0
2.0338734766947777,-0.8242169586978352,2
2.577160405342779,-0.043528671743264455,2
2.2415055077252886,-0.43327702534596346,2
2.838372787359485,-0.28766953034151044,2
2.26932927571983,1.4321001655370689,0
1.682543602166315,1.6179932035128655,0
2.491806930655479,1.0116013221747806,0
1.7881444807756477,0.7242036049947206,0
2.164228466470319,1.603269128767348,0
2.0291606370011754,-0.061579252553222774,0
2.432219055811445,1.607460179056468,0
2.8486913762202066,0.6164835892537248,2
1.932092402191746,3.9434993725839433,3
2.779130044212728,0.17398555936071627,2
2.7765073289308195,-2.368367688558746,1
2.798383988618071,-2.010377923595887,1
2.9238673414119325,0.5662873037847703,2
2.703145633573339,-2.3562320383005124,1
2.782907163855888,-2.467313430588252,1
2.23000715946916,1.9987482206458043,0
2.4711262854046008,-1.9112676800564936,1
2.164660717497751,1.7667308471650363,0
2.025921323786561,0.6659920379243301,0
2.343988761329994,-0.12008625176417391,2
2.047223473466527,1.5971131977650672,0
3.1145584875170003,-2.3721463197058923,1
2.1126883286854503,2.0211687962663496,0
2.6957244617772025,-2.344464871472314,1
3.1070920134377538,-2.2567096206714687,1
1.6657950797766838,2.3768460743501603,0
3.1022896649818414,-2.4241863626760205,1
3.1198916832878907,-2.45460110473048,1
2.033968702468515,2.3813176509867677,3
2.1667375320090017,1.4092960196777105,3
3.094823190902595,-2.308749663641597,1
3.0369610873511372,-2.339126825644059,1
1.8595674837556804,0.7194169512690302,0
2.759676058199023,-2.511486139982442,1
2.1116525306927203,1.5209379262190645,0
2.276540298380885,1.86595278721064,0
2.2033980259112393,2.322900376838174,0
2.779024159937452,-1.9430686446652068,1
3.1134918483628224,-2.3556553627009746,1
2.139646643068911,1.8653901964680717,0
2.4436591996702037,-2.506686885230747,1
2.8745169416957834,0.6727369686410819,2
2.6189635709275274,-1.265499275541053,1
2.4444881676675427,-0.7133778211279729,2
2.1372515815845725,2.5027382363142125,0
3.091623273440061,-2.259276792626844,1
2.4247770041089285,1.8983093870930412,0
2.7542373751639952,-2.4093673723282616,1
2.162275639685003,2.3312229717193245,0
2.58994384112584,-0.31670857011324105,2
2.5963286951287015,-0.14945601819547313,2
2.613866451172016,0.10969086912916376,2
2.874980661936775,0.351579584348126,2
2.211553538242973,1.8144728419846854,0
3.095889830056773,-2.3252406206465146,1
3.1012230258276636,-2.407695405671103,1
3.092689912594239,-2.2757677496317616,1
2.3550365863293825,-2.3909577291103514,1
2.3027875449555584,2.666724478251682,3
2.083964607834388,1.599748244152813,0
2.0715681904050975,2.1607373408632755,0
2.6101057710049598,0.5976357041386603,2
2.4967109033842743,1.0458857135826116,0
1.7113337358836747,2.540164471008072,0
2.635851076710877,0.626277509189154,2
2.749605259056238,0.5839391130162945,2
2.339148959722365,1.4187573885342222,0
3.1177584049795346,-2.421619190720645,1
2.8446430005027823,0.5294412426958163,2
2.1143781224353972,2.367135651846441,0
2.395373136758443,2.1125685114553168,0
1.9421930385534028,2.112171295645512,0
3.137426190369504,0.5277754669371573,2
1.9629683801402151,1.5193496086178724,0
2.7641970960542346,0.40485895742956307,2
2.37580112728845,1.962692440856879,0
3.094823190902595,-2.308749663641597,1
2.0664401108480766,1.167793493898555,0
2.296765010769727,0.34152318702882156,2
2.275415958200429,2.8280554475278197,0
2.236076543796716,1.6895988404438438,0
2.343680326803255,1.415487630330622,0
1.509083949278859,2.081258062536189,0
2.750878805977322,-2.4322635117361817,1
2.42160875763513,1.7412234309845587,0
3.118825044133713,-2.4381101477255624,1
2.2119258372555826,0.8605033083747738,0
2.2014331460293204,2.8524292745406408,0
2.135866587755754,2.228111358238258,0
2.6368569858560287,-2.039933464457605,1
2.0160510881085347,-0.0013242225620330172,0
2.4789082513978427,-1.949585408517706,1
2.547492152105162,-1.978676218400305,1
2.8641640158257378,0.11494577443767875,2
2.308988104776976,0.2659851796701088,2
1.7791392396523844,1.8901893353915098,0
1.619572201997009,1.8263254304312184,0
2.235902541385834,-0.8148750123494684,1
2.059057928099227,-1.275423113897016,1
3.10922529174611,-2.289691534681304,1
3.0524298273488304,-2.336559653688684,1
2.0515073119555867,2.346096805163147,0
1.4090647195020136,1.9004969190582028,0
3.0990897475193075,-2.3747134916612676,1
1.5599641066918666,1.3297751748327686,0
2.8342981195087518,0.576692570575372,2
3.0252280566551786,-2.157726298589966,1
3.1113585700544664,-2.3226734486911393,1
2.9249494455252627,0.546450142282704,2
2.9176094330026188,0.5379726795521891,2
3.115943152716686,0.4560512270758863,2
2.186868199392775,2.585045358010278,0
2.1966273931923816,1.6671494343824982,0
2.7476788885147876,-2.3827906407214288,1
1.4882632745487232,1.831338845080077,0
2.6568853517542164,-1.0884376314634454,1
2.6225158624608866,0.590674883951989,2
2.0650897839051807,1.8684891918951356,0
2.0494002660461734,1.8713318096683071,0
3.0980231083651293,-2.35822253465635,1
1.7314277249969734,1.9461750495464372,0
2.4822234712642937,1.9605718140747475,0
2.483174808014555,-2.0155492365373764,1
2.235424824130695,-0.0340589555790482,0
1.9876014243053484,1.6601032040145105,0
2.0609234074539615,1.9658857543773245,0
1.708181910443133,0.8980691839505758,0
2.7803842742989304,-2.4606493297921834,1
3.0990897475193075,-2.3747134916612676,1
3.0894899951317045,-2.2262948786170087,1
2.4535242670985515,-1.8808529380020338,1
2.499721597487638,-1.9237890628656595,1
1.8180749847072608,1.6334724330643424,0
2.2681119189718775,2.210940628090432,0
1.8394351764142505,1.1954175535714948,0
2.114061001571666,2.507562963721714,0
2.0544565935544257,1.2821886287826272,0
1.812430484350059,1.549307388331392,0
2.73581315153589,0.1216660153739868,2
3.118825044133713,-2.4381101477255624,1
2.9265747314035306,1.1234185202375366,0
2.0837665554422253,1.9893119849261693,0
2.386462272983677,1.606623933366895,0
2.0341455448460057,1.537047363765898,0
2.8946828695188547,0.7204421839207262,2
1.6828119693761985,2.475883870151237,0
1.7692859697063883,-0.8395042729778163,1
1.5769151632884586,2.0351607818117845,0
1.6589493017103973,2.94818554715687,0
2.8089547323506765,0.5894727154629217,2
2.7455456102064315,-2.349808726711594,1
2.149396343631135,2.3015035261563783,0
3.096956469210951,-2.3417315776514323,1
3.1198916832878907,-2.45460110473048,1
3.0894899951317045,-2.2262948786170087,1
2.3611859446148196,0.5483517634986563,0
2.402852306154724,2.0908939500403054,0
3.0369610873511372,-2.339126825644059,1
1.8258482480971494,-0.397097815842601,2
2.0548863527756462,2.9856532075833027,0
2.2332909330101605,1.1409650279687336,0
3.112425209208644,-2.3391644056960565,1
2.241701476832036,-0.0360079544293949,2
3.030678979857102,0.5254097353799716,2
3.1416927469862164,0.4618116389174869,2
2.2031346049336595,0.7221930525820253,2
2.9868257377725835,-2.019277981258911,1
2.175995002178831,2.1541862189154184,0
2.8545997531723075,-0.7639575423652859,1
1.706562429082511,2.377840895917505,0
2.4018935983648992,1.987522374348052,0
2.836455886563738,0.6282842035568962,2
3.1033563041360197,-2.440677319680938,1
2.1199627849811593,2.664080409862497,3
1.7264029562908814,2.162357489034472,0
2.2788837898695755,0.5251288892762687,2
1.3419660348224034,1.7319728201145075,0
2.4118781517241628,1.9230307866387393,0
1.9405351123347008,-0.5213382761955739,1
2.9728351117969707,0.3224773872119888,2
2.3218820593054463,1.6119322146335864,0
2.466441877688499,-0.04593594201333161,2
3.116691765825357,-2.4051282337157276,1
3.110291930900288,-2.3061824916862217,1
2.3514072294555293,1.8858756358861675,0
2.5313209792785503,0.15425057354107702,2
2.122205626071097,1.5864238641334198,0
3.110291930900288,-2.3061824916862217,1
3.1134918483628224,-2.3556553627009746,1
2.917482971446016,0.6618868413171278,2
1.644362259021208,1.8632031703590446,0
1.6371456230456396,1.7053689583773368,0
2.7014164791812703,-2.344719748506289,1
2.2169740626171732,0.5525641902976715,0
1.9035389731697427,1.121619070403876,0
2.282064174751328,2.233368469600268,0
1.9252514030456982,2.324981690022946,3
2.438075843704084,2.269057841215894,0
1.9845071134331322,2.3514164320444024,0
2.485928065223304,0.12861860542798456,2
2.2685127604768245,0.9824724843854847,0
1.2449881534608047,1.0914914583014401,0
3.091623273440061,-2.259276792626844,1
1.3583382601310137,2.492682949825006,0
2.2090142439360543,1.5071381470889764,0
2.1693370672625734,1.9015639410427179,0
1.8985531401329474,1.24827631485574,0
2.759278582732728,-2.3143425865038263,1
2.088569256379726,1.760691295047001,0
1.6897703520945695,2.153575967891065,0
2.43718179987442,2.073720045924442,0
2.237915975174364,0.6337415727781911,0
2.311707054654626,0.5633423675171502,2
2.4568239398003926,0.6061813465088525,2
2.2285631917450424,0.9821866693535689,0
2.3619586511984805,2.785467581628907,0
2.2547491467209797,0.25163997043679354,2
2.1406965764551575,1.5873163162801487,0
3.1113585700544664,-2.3226734486911393,1
3.091623273440061,-2.259276792626844,1
2.1668832217260894,3.251668366672466,0
3.001977350664244,-2.1219757420841288,1
2.232640124850279,1.86670564081012,0
2.3312336444868476,1.9557381906654,0
3.0894899951317045,-2.2262948786170087,1
2.4027244564502555,-2.363319670339796,1
2.7764240488409624,0.18339845954704118,2
2.0174529267197547,2.0847090041983587,0
2.0898094802121356,0.3832834932579617,0
2.796626178243501,-1.9734833867196666,1
2.4817275980019504,-2.0810424827541554,1
1.9558613450762468,1.314521162232493,0
2.763171867241483,-2.403916774523957,1
2.1828743565771465,2.000152390271501,0
3.094823190902595,-2.308749663641597,1
2.9889849536788984,0.4766564120978479,2
3.104422943290198,-2.457168276685856,1
2.320915385185529,1.7384562989075976,0
3.095889830056773,-2.3252406206465146,1
2.0889756462715363,0.5703768123316617,0
1.8805613971979902,0.6278704279370163,0
2.153923510889904,1.4430617579604759,0
2.814380388623422,0.4975115623754398,2
2.7847695276470947,0.35200256023231735,2
1.279061967624175,1.0846037973826208,0
1.9869233319786197,0.2055828126198834,0
3.1177584049795346,-2.421619190720645,1
3.116691765825357,-2.4051282337157276,1
2.908817963634039,-0.420092148669854,2
1.2813666473745038,1.279412168280257,0
1.8344042421787747,-0.7332511736629999,2
2.7689818818378127,0.5253615427041401,2
2.4148608776638754,2.337764988588705,0
2.2169351296924504,1.3450838922818356,0
2.649820133145873,-1.0412029501408038,1
2.0432555998788855,1.8677276149568414,0
2.554024557015875,0.5550126067560984,2
2.8356280674442504,-2.000269738724229,1
2.787938973760196,-2.3219987366645065,1
2.165059384870861,1.778362209190162,0
2.025771279191597,2.0469271646988925,0
2.1893225571104593,1.9159031701318199,0
1.9059898104958686,1.7189283430928266,0
2.7332767876712727,-2.4018487696817217,1
2.310354571805474,3.027112276418305,0
2.8374430163195847,-0.3014078129313602,3
1.9932530510524689,1.984212928697921,0
2.841591381149588,-0.4635639440689988,1
2.9889076873819866,1.445997219796001,3
2.025186796712774,2.093398601305203,0
2.83029487167336,-1.9178149536996412,1
2.927082723833619,0.513468228272869,2
2.8639627177404265,0.6362319551950774,2
2.8847646535090097,0.5563443421258644,2
2.290741315203479,1.3344056536753195,0
2.799672004456155,-2.5033992637186007,1
3.104422943290198,-2.457168276685856,1
2.770878621378086,0.7939638487172397,2
1.4670579414859135,1.6610812213815715,0
3.092689912594239,-2.2757677496317616,1
2.7900722520685526,-2.354980650674342,1
2.4286834706867144,1.595568928931642,0
2.2834662955077887,2.033150449408378,0
3.091623273440061,-2.259276792626844,1
3.104422943290198,-2.457168276685856,1
2.880571138816507,-1.6609670378028614,1
1.6899795479376813,1.7966526746019074,0
2.7322101485170944,-2.385357812676804,1
2.465973712174052,1.7649022654437,0
1.8656915765857691,2.5482078957673275,0
2.7850404421642443,-2.5002953445980873,1
1.984581320856254,1.5563855772218522,0
2.6095328411382854,0.4217357286964307,2
2.7882403596267786,-2.54976821561284,1
2.1504681120269153,1.0540725457734152,0
2.354496533967154,-2.4029056796490877,1
2.6559292729234536,-2.1168711669945055,1
1.651854648199915,1.2371253600568437,0
1.4735063727275615,2.251888538823673,0
2.8818801291875387,0.1936121949257889,2
1.5096746390755265,2.015657811923182,0
2.409374252397259,1.9655265773013149,0
3.110291930900288,-2.3061824916862217,1
2.1719021299820653,2.536272758280326,0
2.7706383413207294,-2.5193534735583802,1
3.0382086086609577,0.5703596848677235,2
2.8018052827645112,-2.5363811777284355,1
2.679127419694881,-0.4835959870810951,2
2.454756999488389,1.1984947785941031,0
1.778259411645047,1.7071660222732037,0
2.9452122121617883,0.7064280985643989,2
2.2760280900279883,0.68040536169377,2
2.069211914400683,1.9542756376633055,0
1.2768013737159865,1.8770779381525622,0
2.050182767970204,0.1373689320693168,0
1.7134798391840778,0.46112992531197894,0
3.035894448196959,-2.3226358686391415,1
2.7200851366414973,-2.391625447565666,1
3.014777020514381,-2.3198672261431397,1
1.8814978869926646,1.4385705342163988,0
2.1961466256022706,-2.1618640808271903,1
2.5453863014155544,-1.1216429305341842,2
2.0146595290590747,1.380949946838715,0
1.925373777746794,1.8953269423425754,0
1.7557246872159646,1.0649362033929597,2
2.1323285081103256,2.2392005766003904,0
3.0990897475193075,-2.3747134916612676,1
2.2767136307294535,2.030796207892991,0
1.9014212176341059,-0.6463284066766485,1
2.985232885264517,0.14651364637927317,2
3.095889830056773,-2.3252406206465146,1
2.1946530494531595,-0.10558826383547426,0
3.094823190902595,-2.308749663641597,1
2.7427780526843217,0.4074422686655501,2
2.823895036748292,-1.8188692116701355,1
3.1220249615962468,-2.4875830187403154,1
2.1655338084217326,0.22056370285421498,0
1.7394491672315198,1.799591028487829,0
2.4788894039909604,2.128178162991495,0
2.7871737204726004,-2.533277258607922,1
2.974037182234303,0.45834403422339,2
2.0392652823252893,1.324905826376906,0
3.1033563041360197,-2.440677319680938,1
3.1145584875170003,-2.3721463197058923,1
2.0840457303500504,-1.3050076663184984,1
2.8905705942275124,0.8500480274149986,2
1.5569247867150757,1.4453562634460557,0
2.223289245861264,2.299685319947349,0
2.1909910802654635,2.2447978387110377,0
2.79181354919727,-2.575630726627133,1
2.378530963288635,-2.546412411762244,1
2.1554048677225577,1.3768550707972365,0
2.0466754225125072,1.970560773293793,0
1.3555351855529483,0.8462233889436724,0
2.327203400399628,2.090553013110068,0
2.5805715860181833,0.7413370612910535,2
2.1246789498069787,2.5207376112971978,0
2.437374234913299,2.2580805501926764,0
3.090556634285883,-2.2427858356219263,1
3.0018382563368413,1.2346708604057912,0
2.0913463133068144,1.8966557751542172,0
2.037372260935533,2.2894631902245726,0
3.0049294159820965,0.6110713014845368,2
3.094823190902595,-2.308749663641597,1
2.713793406996151,0.3812562379439527,2
2.3727017441434235,-0.05363530040566319,0
2.7301252514407706,-0.17819496412573785,2
2.1474551420436123,1.3216034089313236,0
3.104422943290198,-2.457168276685856,1
1.9737231863522946,2.1436580534778225,0
3.0252280566551786,-2.157726298589966,1
2.373923461368852,1.7606157319532723,0
2.7765073289308195,-2.368367688558746,1
2.085748589312369,1.8715257922497768,0
3.1134918483628224,-2.3556553627009746,1
2.2108538088106906,0.6547246592350182,0
3.104422943290198,-2.457168276685856,1
2.1461257245105565,3.65416392195086,4
2.761216683493201,0.44504682792400907,2
2.498402180188238,0.8619424351537055,0
3.091623273440061,-2.259276792626844,1
1.0847647657744246,2.910902050437141,0
2.3152532536653405,1.8009932743875046,0
2.9436628543440544,-0.28709938351691355,2
2.3069481410568615,-0.10017335443917856,2
1.9525805597265216,4.28017856038753,0
2.8356280674442504,-2.000269738724229,1
1.8618650689889622,1.6614916614675574,0
2.7508464784164404,-2.4116904451440893,1
2.0484223324632347,-0.26492892701080034,2
2.7834803328353757,-1.9725599859276404,1
1.4768031157064028,1.9287266618430818,0
2.6235825016150645,0.5741839269470713,2
2.723461072738517,0.8635239062090498,2
3.1220249615962468,-2.4875830187403154,1
2.841284033220896,0.3924381081974252,2
2.3772930370053507,2.147130825515326,0
2.4645993866486022,-2.0725631204684114,1
2.4249511379275246,-0.5439087010169519,2
2.8092330924347704,-0.5719130948690542,1
1.6204505153337037,1.3479333653988543,0
2.622644501293725,-2.0225191066606607,1
2.2074259220549277,1.7048201632501145,0
2.589845836480767,-2.0293855551093096,1
1.506753573110704,1.1668165046033367,0
3.110291930900288,-2.3061824916862217,1
3.1113585700544664,-2.3226734486911393,1
2.327504686704165,1.2415372661325768,0
2.800029122974067,0.8340391626417032,2
1.9218694723685534,1.746272055441302,0
2.7165070210572906,0.6761677251810937,2
2.871629192937926,0.006628375716941803,2
2.9345939492714295,-0.3886122975017947,2
2.4471144290823688,-1.251722235240879,1
2.0135935246894374,1.5749323059812927,0
2.0224137290479973,-0.46640860421490127,1
2.6075331847022136,0.8209531478767984,2
2.369739227209192,1.9710739399667323,3
2.864532440773334,1.1649590223148794,3
2.105692177991966,3.4137404342498314,0
2.2304445104106065,1.7541240649540173,0
3.1012230258276636,-2.407695405671103,1
2.671501789851845,-0.3405554625266193,2
2.7871737204726004,-2.533277258607922,1
2.1577115597112098,3.4227653319232942,0
1.3997788777813012,1.7422309523115718,0
1.8812375970698583,1.2580257599078541,0
2.07739883473,-1.143649911155895,1
3.1022896649818414,-2.4241863626760205,1
1.9685628146831309,1.4696041451667867,0
2.0096806049533136,1.9710031335442149,0
1.9589432477120823,2.069678406083037,0
2.6296802092766405,-1.0507062807430925,2
1.8518914653375445,1.7655718807256011,0
2.623466203559619,-0.03872774391509498,2
2.9390991784479286,-1.9646331862814097,1
2.4380075181664567,-1.8363444451376083,1
2.064228537115295,0.9750146045146734,0
2.273186068866315,-1.2271344163140012,1
1.5335340320151074,1.7188549772147308,0
2.2586992559788,1.749002802104147,0
2.2346998548108017,1.5195611511964187,0
2.717810583385682,0.6084129152798593,2
2.839309804731892,0.6118960277204047,2
2.791568891102162,0.11786020915031536,2
2.280354568465227,-1.1198862140179797,1
1.4766520580432074,1.51212579488709,0
3.108158652591932,-2.2732005776763864,1
2.225306596796333,1.6387910206794216,0
2.730063141145506,0.5365703723563244,2
2.073567877200562,2.1472659587270937,0
2.252222484557329,2.427940462115614,0
3.104422943290198,-2.457168276685856,1
2.179768300712497,0.9291531720809165,0
2.3620990757171683,2.40448569075836,3
1.7488400533569257,1.36132455472867,0
3.1134918483628224,-2.3556553627009746,1
2.196312361996913,1.945953839828357,0
1.921795913326893,1.1511808843926685,0
2.5804530476076253,0.23383568208359135,2
2.2391662106990022,2.0398318786076377,0
2.406356047862764,1.8185465039248347,0
2.6231633724527805,0.6917578579570152,2
2.3954438875561497,-1.836614956987824,1
2.1449714025639546,0.5017843383529738,0
2.0624669955388013,2.175115319103096,0
3.0369610873511372,-2.339126825644059,1
2.3225282002706025,2.0199493968035354,0
3.0894899951317045,-2.2262948786170087,1
2.0835311470450346,2.063219338375377,0
2.207233561166606,2.301530938129858,0
2.272752090613105,1.0364295025429844,0
2.8377613457526065,-2.0332516527340645,1
2.6412975955655744,0.5761592380270868,2
3.112425209208644,-2.3391644056960565,1
3.004286420574369,0.6490912975101715,2
2.245425564726655,1.5543373552348736,0
2.056530568976128,2.3176208760410697,0
2.083966393572319,-0.6057323716718677,2
2.079142958014049,1.3017112086944218,0
2.102926357787641,-0.03610148651438602,2
2.086377736943867,2.2098588369743317,0
1.8864707818590156,2.1241621387547744,0
2.797176013959629,0.7048970542325729,2
2.0295386552586976,2.317889760370601,0
2.164183167588942,-2.0488228019635235,1
2.141932467159902,-0.9584694238674977,2
2.9017014013643623,0.24352684079651007,2
2.06719167767222,1.6726322011973305,0
2.8085649435948854,-1.9346740613583318,1
3.1145584875170003,-2.3721463197058923,1
2.031882679941712,1.6711789231071128,0
2.487772305648424,0.21776369190884515,2
2.1904683363886397,0.10100924980695168,2
2.853497624283957,0.2798553444868548,2
3.1177584049795346,-2.421619190720645,1
2.4723195906976723,-2.5143430353914273,1
2.7374448569134313,0.48989705369013836,2
2.1072888141444537,2.089705754182624,0
3.110291930900288,-2.3061824916862217,1
1.9047516548426588,1.1350401109059902,0
2.573688100070592,0.5313197781259668,2
1.7151806879269502,2.306177764703025,0
2.6910193083906626,-0.4995062215986175,2
2.408107398897844,-0.4460557651664758,2
3.10922529174611,-2.289691534681304,1
2.0725873221885727,1.0624101920071078,0
2.045990615446229,1.11429103767742,0
3.0417634358070496,-2.171650083639508,1
2.7342665758776623,0.642218481960201,2
3.1001563866734854,-2.391204448666185,1
2.863743398077454,0.35075321997278286,2
2.0680998781780255,0.8031195256021519,0
2.383535834948263,2.4830439466568617,0
2.998394197387857,-1.074417801321303,1
2.3240278987702294,1.7554129195399564,0
1.9874707678839674,1.8411775811026891,0
2.3046093663079747,1.888431984908761,0
3.0545631056571865,-2.369541567698519,1
2.7680515329688467,0.7312700241465465,2
3.0524298273488304,-2.336559653688684,1
2.9234168040355937,-0.9445235026187413,2
2.2153088697023,2.0980878889969703,0
2.3386158757717905,1.5900985931422118,0
3.118825044133713,-2.4381101477255624,1
2.891766519635097,0.7757122958769695,2
1.7331103326932638,1.5930655142346006,0
3.008377185589312,-2.220921484113634,1
2.6958997858994063,-2.3286865079590173,1
2.7922037137865217,-1.9295981188030427,1
2.3471448342627825,2.517514165381642,0
2.9070930826539847,0.6034756943594883,2
1.1818211154681997,1.5773894181099548,0
2.7797153311578433,-1.9634722245365095,1
2.488268194823281,0.22525198115194284,2
3.110291930900288,-2.3061824916862217,1
1.5241536141385672,1.8543839342509423,0
2.766848675869957,-2.344255124398608,1
1.5857667941154914,1.8173929367085881,0
2.924242690733211,1.102506148437625,0
2.198951268786898,1.691556602743719,0
3.1145584875170003,-2.3721463197058923,1
2.444972596683564,-1.2001086167455957,1
2.194062202847548,1.706632434197847,0
2.8204739402247383,-2.583286876787813,1
1.8968404660162899,-0.3137814539171659,2
2.023210327841175,1.903373275881596,0
2.431257005286362,-2.505938954650351,1
1.8262193013689778,1.9803496527515403,0
2.3275193237217358,-2.289243344584844,1
2.964821407457555,0.12076311387430211,2
3.0437590184757664,-0.3604697722865656,2
2.6486345910333244,0.41176034974199105,2
2.753068676300597,-2.338751564274717,1
2.4404592822076694,-2.4572140142159946,1
2.36119157138711,2.0181942784000775,0
2.022778927551791,1.031229044715801,0
2.4395075132216553,2.225098636182841,0
2.801082351141425,-2.0029747279821,1
3.0800842517997618,0.20484157987062118,2
2.2030378295479807,1.8015005829865145,0
1.9842036545850426,2.142476775556812,0
2.9612640563351817,0.44719259358428964,2
2.5972786215708226,0.774835037809095,2
2.171286301001654,2.201842773519996,0
2.2393631092905113,0.09920356642569134,2
1.948411609115324,1.4498498508996132,0
2.8148261316756673,-1.9203821256550166,1
2.410360356380104,1.1645569775249858,0
2.550462400558444,-1.494875364481784,1
2.174503170210581,3.09678130091122,0
2.3698802236400573,1.9444028447083546,0
2.0389538672201972,2.109476877885659,0
1.9542253024447742,1.7837930445944505,0
2.3173725184760356,-2.305838207507298,1
2.3822464111618835,2.134280652895143,0
2.0221691594386417,1.730039911123149,0
1.9780386469584552,2.5960645455270632,0
2.4116664289457,2.3697347420127346,0
1.9374430098351711,1.2272602576890954,0
3.1070920134377538,-2.2567096206714687,1
3.090556634285883,-2.2427858356219263,1
3.091623273440061,-2.259276792626844,1
1.9271759039334186,2.0631684215266968,0
3.092689912594239,-2.2757677496317616,1
2.381668790711849,-1.957088841381991,1
2.1327664185267268,2.203280853035576,0
2.01256790928623,0.7946160427719612,0
3.1177584049795346,-2.421619190720645,1
2.7157057606021664,0.6352378130149411,2
2.452307183071792,2.0272071521238293,0
2.2902999159292756,1.8461217703806825,0
1.7608580953770423,1.949511583298817,0
2.584604295962741,0.6560693049424395,2
2.4483177374665543,-2.384982551307462,1
1.3566246505574433,2.0712162910027443,0
2.1040773346712283,2.8435464841916676,3
3.00823809126191,1.1357251183762855,0
2.846722251425564,-1.5052711097237637,1
2.6412975955655744,0.5761592380270868,2
2.1029726735646928,3.064913819901496,0
2.9530883767615963,0.30216364092839587,2
2.0944615940967592,1.9241403291756116,0
3.110291930900288,-2.3061824916862217,1
2.7647866320361,0.21560352578573605,2
2.7835841917614648,-2.510122200806936,1
3.035894448196959,-2.3226358686391415,1
2.2319585094548473,3.118225488985857,0
2.2455842080014765,-0.16775735861615018,0
2.2334528263340965,2.4762054161376117,0
3.1022896649818414,-2.4241863626760205,1
2.7354100659796288,-2.434830683691557,1
2.4948190029316,-1.8718984355535844,1
2.184209023217908,2.070544625685089,0
2.2408741149091,0.9962805104446377,0
3.049229909886296,-2.287086782673931,1
2.370756229081321,1.3030976715708495,2
2.1129582829564613,-0.03660369067406441,2
2.343917140176761,2.4242796087979173,0
2.7225568723125164,0.2278282189115991,2
3.10922529174611,-2.289691534681304,1
2.0534678888884534,2.5212737107435834,0
2.7394746983642326,0.343198453162207,2
2.1690592006241243,2.017081012006168,0
2.0202589939745406,1.736269044105216,0
3.1134918483628224,-2.3556553627009746,1
3.0037365848582414,-2.029289143442068,1
2.3058600737708312,2.2415040885949153,0
3.093756551748417,-2.2922587066366793,1
2.046481274588689,-0.021590496736785147,0
1.949036984715012,1.7383470589417231,0
2.782603961398919,-1.7811795057587843,1
1.9582722503285668,0.40369269922320394,0
2.1751094079729416,2.2380139500096687,0
1.8076046003163588,2.1726583678891944,0
2.3304713391042866,1.832418719006828,0
2.800738643610333,-2.519890220723518,1
2.710026081680338,-2.3660982131758845,1
1.849880542141758,2.0856748461453076,0
2.0611203757329255,2.2845432688379166,0
2.725810313592026,-2.2864120706472986,1
3.0438967141154056,-2.204631997649343,1
1.7624774434952575,1.154358935706899,0
3.0137103813602026,-2.303376269138222,1
3.095889830056773,-2.3252406206465146,1
2.179348142114446,2.8186718251068665,0
2.7858038788614534,-1.8306523767735372,1
2.1431542457295816,0.18504950652915234,0
2.7563481597493387,0.387356140483591,2
2.6507835405234608,0.07889166328537026,2
2.9985202059472136,0.825239808454921,2
3.104422943290198,-2.457168276685856,1
2.4685590981497203,-0.3018718764414269,0
2.6504714230735678,-1.3500821341974765,1
2.2138131080605468,2.040093163628377,0
2.115576377182236,1.66371278814807,0
2.8712977864244666,0.523591668587157,2
3.1001563866734854,-2.391204448666185,1
2.7822137968096676,-2.4272121135828746,1
2.0161752229772594,1.1782334633964284,0
2.3619000532033914,1.6267628781111623,0
2.186152227717618,1.1708157560265509,0
2.0828079046560175,2.795479801218913,0
2.440805793365819,2.097979719853352,0
2.7685195134871536,-2.544961107538698,1
2.7624846316163274,-1.603151163842422,1
2.026076680287886,1.1633723425718274,0
2.7807819703120216,-1.9799631815414271,1
2.1103453692995857,-0.07133921036502104,2
2.3435535420259033,2.381762646807342,0
2.322416033010989,0.9128841174442863,2
1.4390168114307365,1.9092897211909265,0
2.203034490681718,1.6977604901340015,0
2.6790362791895106,0.18345412362851982,2
3.090556634285883,-2.2427858356219263,1
3.1033563041360197,-2.440677319680938,1
2.2514686609214563,1.4388709726432667,0
2.8723822807302812,0.14381025585603485,2
2.3774643241344573,-2.5299214547573263,1
1.9923267257038635,0.10750224689763754,0
2.18378932502106,1.5370547913356674,0
2.7536425371605393,0.6176195359464594,2
2.2336664775703285,-0.16584310441112918,0
1.9822007684544711,0.19947510680846267,0
1.987852392313471,1.5887994781203678,0
2.944369875002809,-0.03735057288663651,2
2.1957517970612064,1.4402632441991874,0
2.176668537425308,2.472734047334409,0
2.911409165043242,0.2612700929311432,2
1.8372708068353518,2.1930200762198053,0
2.846161648227498,0.5209453421800452,2
1.4771717580437398,1.8721091276760373,0
1.72040907942622,1.1786015961616618,0
3.069141144132122,0.09212193172511243,2
2.2401116633556972,1.768423083728712,0
2.182241138946151,2.138220175981739,0
1.7965902653583625,3.169128519077816,3
2.1160780779946116,1.9155142388548985,0
2.81407410529967,-2.4843411347583078,1
2.380977619491457,-1.9366852615106882,1
2.0514706958720046,1.790808957033219,0
3.1198916832878907,-2.45460110473048,1
2.5930613301648844,0.3206145286133473,2
2.9973858172531784,0.34329209302254826,2
2.414467455524807,-1.950222392933342,1
2.088103418297996,2.1995374411729776,0
2.8018052827645112,-2.5363811777284355,1
2.697980073398236,-1.5761017578062,1
2.1250351654336983,-0.7223070467075352,1
2.107987775514972,2.00077139587475,0
2.7882403596267786,-2.54976821561284,1
2.0901159379599994,-1.2971311905230007,1
2.4274632674278527,2.420849472542994,0
1.6124711999522532,2.830369854191648,0
3.108158652591932,-2.2732005776763864,1
2.2383467544127145,1.5499644087534659,0
1.5342951054695524,1.441237331585465,0
3.034827809042781,-2.306144911634224,1
2.197097400073743,1.853459312630433,0
1.6688587744301138,1.6036025399909695,0
2.7125208973387296,-1.7513664642563824,1
2.9452379239739575,-0.11599684985834033,2
2.1959928219497606,1.262669071575613,0
2.1607714961989615,1.4115396191485425,0
3.091623273440061,-2.259276792626844,1
2.2530467362554023,0.32623112599673004,0
2.785905042440339,0.651249971860844,2
3.1070920134377538,-2.2567096206714687,1
2.140727130751564,2.0381745854598026,0
2.1799645537486825,-0.4413222376110806,1
2.8906998804809185,0.7922032528818873,2
1.8765496588152244,2.1600591070295656,0
3.1145584875170003,-2.3721463197058923,1
1.3477484473757058,0.42941207115581836,0
2.7332767876712727,-2.4018487696817217,1
1.9706693042664416,-0.2572972052611703,2
2.686302126032829,-0.09874912591249349,2
3.1530614503703727,-0.788163262766485,1
1.069781452340374,0.6687919305099712,0
2.8793875416583705,0.7981786246835575,2
2.316888669664357,1.2539492059957305,0
2.6344502412797666,-2.031461518766185,1
1.5141453499197766,1.609738112785682,0
2.3156255168140807,1.8081672064305372,0
2.3354172458856217,0.7503062056526637,0
3.110291930900288,-2.3061824916862217,1
1.3823159782868129,-0.4601171261225224,0
3.0980231083651293,-2.35822253465635,1
2.7167723997563447,0.6187468560100234,2
2.476258183622561,0.2359239666244203,2
1.48903172073815,0.9280481567685511,0
2.5351436852269202,-2.1124645537766447,1
2.363780630850836,2.2039231242600956,0
2.86309737667156,0.1314367314425963,2
3.112425209208644,-2.3391644056960565,1
2.986134566552192,-1.998874401387608,1
2.2599082388913763,2.1570421228845325,0
2.900944816674299,-1.8910646921073262,1
2.4508662289461745,-2.5887983546843785,1
2.1025679115546665,1.983143490684613,0
2.990590739450116,-2.028365742650042,1
2.889326047207597,0.7944913558267565,2
2.694903824833583,0.7151254260841537,2
1.7197931780168345,1.7225019428459944,0
2.725810313592026,-2.2864120706472986,1
2.9755197733249035,1.0301826191850223,0
2.4809043137794564,-1.3375313813091074,1
2.223966108204501,1.5589756575187392,0
2.461977158635169,0.9891463769268594,0
2.450528058281421,0.4390291178445944,0
3.0990897475193075,-2.3747134916612676,1
3.1177584049795346,-2.421619190720645,1
3.1033563041360197,-2.440677319680938,1
2.1273822698096714,1.8706216112950922,0
3.1134918483628224,-2.3556553627009746,1
3.0990897475193075,-2.3747134916612676,1
2.1970091680781074,1.8450172739284252,0
2.715916328613392,0.4497955138203609,2
2.7377254782379477,0.865254275379753,2
2.741279053589719,-2.2838448986919233,1
2.929216002141975,0.48048631426303373,2
2.898823366766599,-2.0523473617463552,1
1.849254360800138,2.2014186138537117,0
2.223841750388833,-1.0668071336548894,1
2.7642385063956607,-2.420407731528875,1
2.3222336121642897,1.6384336070910357,0
2.818340661916382,-2.550304962777978,1
1.3857036673234515,1.1521362676084568,0
2.851416180716962,0.7176517174973462,2
1.7886247980709504,1.3514470053518726,0
2.336128770818096,1.992389927747083,0
2.0348448382800166,2.5594919103246787,3
2.4128253387328,-2.426297068001856,1
2.273691559429813,1.7602414776829955,0
2.6884464152959016,-0.001436976172975557,2
2.4341515825105375,1.4766388101242316,0
2.4456430682018553,0.8893847977539775,0
1.8332799418919912,2.1425203639958834,0
2.698924379239737,-2.3939377424870667,1
3.108158652591932,-2.2732005776763864,1
2.06378562306235,-0.4703783831851922,2
2.367185101134629,1.1944244287902102,0
2.4831862183357667,-1.9098652778161171,1
2.1656168431500036,2.633175065984956,0
2.2212205301487935,1.6085071237947193,0
2.620424827737244,-0.03411719633901894,2
2.080444761273006,2.853626939051685,0
3.0305612524260686,-2.2401810836145537,1
2.421460038247921,1.6501175631647835,0
2.1547897840995356,2.3647006912255235,0
1.6254592759655708,0.23917366095583256,0
2.920565776797905,0.33045645674419377,2
3.1001563866734854,-2.391204448666185,1
1.8304712181741596,1.16094837799158,0
2.03386541860373,2.2939212432218063,0
2.411138809260404,2.0436317525046293,0
2.218267898146692,1.4180598087902663,0
2.72901023105456,-2.3358849416620515,1
2.163019354518831,1.9003763429993308,0
2.1342553102660333,0.4391110828151868,0
3.1145584875170003,-2.3721463197058923,1
2.2492082064568395,1.9778298026355525,0
3.090517288783391,0.490010662319601,2
2.9307013210247073,0.4154784137241573,2
2.310545351411057,1.6604322920752943,0
1.827022499211672,2.4099316676273865,0
2.8092037376267194,0.18870823803679396,2
2.725810313592026,-2.2864120706472986,1
2.571854596852552,0.19573890300195734,0
3.108158652591932,-2.2732005776763864,1
2.52248266222107,-2.027810747450454,1
2.9868257377725835,-2.019277981258911,1
1.8468476035123655,0.6672094927215657,0
3.093756551748417,-2.2922587066366793,1
2.4948498050973003,-1.8576042542572144,1
2.7880856199414237,0.3881661694801247,2
2.316963180815576,1.3315489334167763,0
2.7813255120342624,0.7064625112860742,2
2.7166981679524134,0.6348086375963368,2
3.095889830056773,-2.3252406206465146,1
2.813007466145492,-2.46785017775339,1
1.50561180247218,2.2282213504481025,0
3.120958322442069,-2.4710920617353977,1
2.807359657596421,-1.8049454266205933,1
3.0990897475193075,-2.3747134916612676,1
3.116691765825357,-2.4051282337157276,1
2.126680252911573,1.3331412010612758,0
2.4224984422684432,-2.508999180152148,1
2.3779762428712234,-0.36142260261529185,2
3.091623273440061,-2.259276792626844,1
3.112425209208644,-2.3391644056960565,1
2.392099612291413,-1.6304047576165879,1
2.05395672689059,-2.0239159323129474,1
2.0139205802873206,1.143725901369008,0
2.7143786687626497,-2.332781022541538,1
2.048919404270792,2.174419073829491,0
2.2605523963224665,1.578772099868465,0
1.8053734269533448,1.840842024001859,0
1.9621768546022602,1.177146025838521,0
2.785413714272202,-2.4766849845976275,1
3.1156251266711785,-2.38863727671081,1
1.822901139620808,1.0341714913971691,2
2.9553969222350167,0.46147925660185196,2
2.856234215714586,-0.5762383037677198,1
2.787546992580558,-2.5096668986074624,1
2.774211530891221,-2.545215984572673,1
2.7014929684469133,-2.2341705571365438,1
2.400337448172076,-2.003994540441368,1
2.740212414435541,-2.2673539416870057,1
2.1313149800979097,0.172202139969756,2
1.6997597914168594,-1.0968472845228248,2
2.749779839262262,-2.3951994881391716,1
2.5123731151657056,0.23614508250258942,0
2.1470059017347265,1.9434497604011711,0
2.119387084521605,1.8254206795048473,0
2.010151559729865,1.3257991340269424,0
2.0808577549711265,-2.4820654912040157,1
2.947382010221613,0.31972591158087676,2
2.774211530891221,-2.545215984572673,1
2.7667450568119745,-2.42977928553825,1
1.8765149437035369,0.8618701603273311,0
2.242659255999105,2.278695463957934,0
2.67370308341862,0.265908908653108,2
3.116691765825357,-2.4051282337157276,1
1.7487042959995187,1.2841270041958195,0
2.988267844860548,-2.031856315397443,1
1.7074456263082123,2.108475661267703,0
1.996266519105806,0.5699836034980551,2
2.782907163855888,-2.467313430588252,1
2.2048586631917924,1.9426126534582155,0
1.8800707942867942,1.4605769350775704,0
2.6999457161108045,-2.3067591672857595,1
2.0465323551869115,2.914003738036201,0
2.8707798497369033,-0.07313935716326986,2
2.333051128378563,0.8120519826670693,0
1.9129842226754223,1.1823015112050612,0
3.0101854871033153,0.14540060896353682,2
2.339028585406477,1.849873435671943,0
2.0289218244901703,1.7824950562396422,0
2.7230594423942875,-0.935977998404639,3
2.45008012315749,2.1888895676356794,0
2.7311435093629166,-2.368866855671887,1
2.8142491896232866,0.041646081539105956,2
3.096956469210951,-2.3417315776514323,1
3.095889830056773,-2.3252406206465146,1
2.756377246037025,-1.7921725820435586,1
2.2726897239784662,1.375605812843722,0
3.094823190902595,-2.308749663641597,1
2.8396065713449983,0.4995917127462217,2
2.5884357930525472,0.5439659269187824,2
2.0590992360375093,1.4510307049673885,0
2.4995313297699164,-2.098678586029598,1
2.7907469100430924,-2.5591397696222153,1
2.484252857489945,-1.926356234821035,1
2.4090478645057916,0.0876523884030529,2
2.2924108722167573,0.3199434770294443,2
2.1157643775282824,1.7641959818827706,0
2.1214679782927917,2.2967796940042247,0
2.371939908560317,2.108923639700784,0
2.028875200325275,1.1023960337952272,0
2.203849650948621,1.8574588551326197,0
1.7532085395025319,2.291540123678515,0
2.708438619889993,-2.3919455736562827,1
2.2942538632402227,1.9228000979072186,0
2.260934924898873,-0.28649145482890215,0
3.1070920134377538,-2.2567096206714687,1
2.6879481008184096,-0.6918924855858581,2
1.8431751817373385,0.746924813282221,0
3.094823190902595,-2.308749663641597,1
2.567259489711384,0.5676496200494393,2
2.8503269202728156,0.45625300773305105,2
2.263772738794153,0.7998047114607111,0
2.0214556715271885,1.8619829110433566,0
2.0684485410796767,1.6292446866323518,0
2.8076742703746014,-2.385395392728802,1
2.7748338366748753,-2.4934960676931612,1
2.75976749565946,0.6437893440402633,2
2.1290577598317406,1.4554603594925586,0
3.1113585700544664,-2.3226734486911393,1
2.5951248760292027,0.008756395823540446,2
3.004293369771178,0.24969563689538654,2
2.2727662089444567,2.161453436788927,0
2.5556976839643517,0.11221324537079386,2
2.58178599707822,1.418721777364445,2
2.1711061616142135,1.415913175892758,0
1.8101445090705452,0.5706582131814361,3
3.093756551748417,-2.2922587066366793,1
2.2404602633164172,2.309329668041813,0
2.7279435919003823,-2.319393984657134,1
2.1911002550786702,-0.24520324648088707,2
2.1256764182048062,-2.502942797089061,1
2.1789827448865404,2.2498562852632564,0
2.1159269463314936,0.8987423321241544,0
2.1533776234339244,3.498146829837974,0
3.10922529174611,-2.289691534681304,1
3.0778916390087896,0.4329635129092112,2
1.8243204177204537,-0.023847366422438496,2
3.093756551748417,-2.2922587066366793,1
2.301017986542308,1.8648925238493022,0
1.7000525541072746,1.6319452590620518,0
2.798383988618071,-2.010377923595887,1
1.8111162601211364,1.619795551140803,0
2.311839863032675,-0.534856858708125,2
3.0332229087325815,0.036052303548602144,2
2.1458495027391136,2.99704605682151,0
2.7642385063956607,-2.420407731528875,1
2.2051364302665197,-0.47340041262998045,1
2.990590739450116,-2.028365742650042,1
2.4449913165800656,2.1783338269952477,0
3.023094778346822,-2.1247443845801306,1
2.717810830825029,0.6083593760079048,2
2.8265928292092934,-0.10031179807193522,2
2.265117299646386,3.0099233648384303,0
2.704793366849827,-2.242951957487433,1
3.10922529174611,-2.289691534681304,1
1.9996386623473497,1.5482080959256268,0
1.9372588912481326,-0.8802478036420122,2
2.755483858517099,0.5773512796297597,2
2.1952354760778663,1.9656561154862215,0
1.8109079511110115,1.7417205471665076,0
2.1852255389119004,2.1652755454970376,0
2.7197118645335396,-2.415235807566126,1
2.0971327717315424,1.8481868346913752,0
3.093756551748417,-2.2922587066366793,1
2.4015705872133966,1.7410747623185028,0
1.9790653071914193,2.606674314156897,0
2.9507720392866736,0.4540655199812852,2
2.3235349370990552,1.3549361489868115,0
2.907766106947768,0.5283479408032054,2
2.0266963382399523,1.8143681855081084,0
2.164670074783689,1.683993968201357,0
2.226706962961407,-1.68706627934815,1
1.743849284464515,-0.31329246497444374,0
2.17029646890252,1.5803364618221436,0
1.9144447509779385,1.6010028116411932,3
1.8010822283692514,2.016028388031736,0
2.990939009730911,1.0192431104874864,0
2.0292765977504197,1.1138994715570745,0
2.111633100580355,2.0423124431328743,0
2.30173125707294,0.5755330616007054,2
2.050763061816935,2.4570544623677093,0
2.0487555370404062,-0.06992274556483158,0
2.252200889679793,1.1741587120476131,0
2.6815277460688396,0.17132209318650782,2
2.7738706120691803,-2.4186391773439295,1
2.4433408541936674,-2.597667704534075,1
2.1548529953501285,2.268595866000135,0
2.708168608434565,-2.276646464988889,1
2.5138704048779643,-0.0204046986778324,2
1.7267840768163756,1.0977338001567791,0
2.8108741878371357,-2.434868263743555,1
2.040441383457868,1.6134506577677106,0
2.235667172818885,1.5684965545761766,0
2.0736591453841595,1.6287374035230104,0
2.003045018411042,1.9853573347182976,0
2.7882403596267786,-2.54976821561284,1
2.45425314094588,-1.2032702072297328,1
2.0143767185264445,2.4013954681289156,0
2.2695105986317774,1.5566774872093332,0
2.301434526687878,2.2616114913021397,0
3.118825044133713,-2.4381101477255624,1
2.35777775137337,2.4001593633940423,0
2.044911282127987,2.1383949939397717,0
2.067859281208104,1.9131559765023778,0
2.1424404290165096,2.76124904864958,0
2.1632964394483105,1.4430104782179582,0
2.372708064856841,1.805293516294776,0
2.0510066555532966,0.8637847819666452,0
2.2353657732860133,-0.08998773156840587,2
1.7546737378629227,2.0665269589352677,0
1.3020143212283288,1.5079577425901585,0
2.188887890658672,1.3961440928854216,0
2.8055409920662453,-2.3524134787189666,1
1.8862303470203001,2.2287440860116683,0
2.488966871142781,-0.47181659824165345,2
1.9513329409095133,2.092013474866652,0
2.1840381064646763,2.0527982872420494,0
1.5133622250214867,2.1191164744882953,0
3.0894899951317045,-2.2262948786170087,1
2.8345614282900726,-1.9837787817193115,1
3.090556634285883,-2.2427858356219263,1
3.118825044133713,-2.4381101477255624,1
3.110291930900288,-2.3061824916862217,1
2.0155532008749786,1.5393361491603212,0
2.7476788885147876,-2.3827906407214288,1
2.099523591869387,1.4487454324098143,0
2.1779573010477558,2.360411238378952,0
2.00738620338536,2.57765033780729,0
2.3616453843481366,1.6209167023162716,0
2.4104510638597016,2.0793400829420094,0
2.777573968084998,-2.3848586455636642,1
2.663294821203327,-0.2296494281333574,2
2.2948268996851033,1.8748451473949914,0
2.0857509265878558,1.8312485250411992,0
1.86773732407173,1.0086443863840193,0
3.034439802456016,0.42110472650330827,2
3.096956469210951,-2.3417315776514323,1
1.5810480147816977,1.476734035191127,0
2.148573126392571,1.8606964135400172,0
3.096956469210951,-2.3417315776514323,1
2.684148373822124,0.9408081793124088,2
1.9819165326747281,1.6031786990961532,0
2.278861684648409,2.097684256012803,0
1.9721855558382846,1.9260755799106501,0
2.9842036350072774,0.1453499861874297,2
2.432197571485947,-2.5418926556250008,1
2.4928517798043233,0.7314419680420821,3
2.3679410115658577,2.365244460992046,3
3.091623273440061,-2.259276792626844,1
1.8338560861021633,-0.08885581501338286,0
2.0643525946227945,1.6074754833192861,0
2.708176131798311,0.590287863527189,2
2.1689539467922567,1.6955606097923472,0
2.3658760031410733,2.227395921232928,0
1.9704961497144244,1.7331231351212963,0
2.2246625209015263,2.017118679803345,0
2.01348224364287,1.8949705265567554,0
2.4480705270206053,2.0488546193980763,0
1.6988333569936422,0.38085191276231095,0
1.2741919936348476,0.7799890122118577,0
1.6917791591070712,0.9788615594760034,0
2.6727764324175207,-2.1448598341957306,1
1.8877233027459606,0.9349340141604182,0
1.8564658996112007,0.7528950606767537,0
2.0415799511215185,-0.4974856585403338,2
1.9584620344295873,1.3650190609633552,0
3.095889830056773,-2.3252406206465146,1
2.1305539816610253,-0.02460082067453699,2
2.8951835259749465,0.8436988318453946,2
3.1134918483628224,-2.3556553627009746,1
2.9446438151537877,1.0909447790656253,2
3.092689912594239,-2.2757677496317616,1
2.0249361549347658,2.167339113932126,0
2.4221445494743303,1.9746640010087808,0
2.122424979302458,0.5291623144854213,0
2.1296748254009796,-0.3371536223401629,0
1.5216165646299236,0.9133066759545106,0
2.127172629485611,1.4163755876110826,0
2.7027868741330674,-2.4276298357303503,1
2.7300768702087383,-2.352375898666969,1
2.6896677982434967,0.8667215097444034,2
1.9745760798161571,1.9102699173597082,0
2.7807819703120216,-1.9799631815414271,1
2.1017888053444937,2.3494171558806385,0
2.3760179350687265,1.6230222864217163,0
3.044963353269584,-2.221122954654261,1
3.0135712870328,1.0532703333516975,0
2.123739339277591,1.5788928209213329,0
2.717085116050493,-1.8710094918907618,1
2.445474132502024,-2.6306496185439103,1
2.49131055870425,-0.7321778870697394,2
3.093756551748417,-2.2922587066366793,1
2.85810808397389,-0.35106618640580556,2
3.0355395385134014,0.36990102885333664,2
2.7567864827911945,-2.3635605804846045,1
2.812661083597973,0.26817555003827753,2
2.1765617849918657,2.2313529982362326,0
2.1772672760096765,3.39023311246595,4
3.101290573326721,-0.001063398462792714,2
3.1033563041360197,-2.440677319680938,1
2.6633639134822378,1.829080035417822,2
2.2222504168103003,2.3514645147432027,0
2.947644095808823,-1.0598668138132858,1
2.712186489781033,-2.424105157415823,1
2.0949152552048953,-0.4010843185989074,1
2.092130684985209,-0.09404798290640823,0
3.093756551748417,-2.2922587066366793,1
2.7610385889331264,-2.370934860514122,1
2.5737849831529522,0.7318118126853679,2
2.059685593569409,1.4804442023556756,0
2.822528616809782,0.45619711413315556,2
2.914867215552767,0.9440610188506617,2
2.076058023480873,0.17296354212444362,2
3.0894899951317045,-2.2262948786170087,1
2.408219478508763,1.9651339371797438,0
2.482119579181589,-1.8933743208111997,1
2.752519741515681,0.4683873566279466,2
2.6908366015839436,-2.3615308316018226,1
2.7736363818700114,-1.1482998146177426,1
3.0502965490404743,-2.3035777396788486,1
2.932415919604509,0.4310134432482808,2
3.0406967966528713,-2.15515912663459,1
2.1084695637527124,2.327023704994737,0
3.0284279741177125,-2.2071991696047184,1
2.7220293671238043,0.09350088605827173,2
2.701720234978889,-2.4111388787254326,1
2.673525944465666,-2.266615723981241,1
2.7188933060973786,0.5884419055979072,2
2.2988649390957523,0.12904528893842251,2
3.104422943290198,-2.457168276685856,1
2.254250151427631,2.1412836123194747,0
3.118825044133713,-2.4381101477255624,1
1.9242342362605909,2.2974377738104192,0
1.9106700374861387,1.781173094010032,0
2.7158950692904282,-2.215112428176251,1
2.18396245841018,2.667857185013631,3
2.8082981001190563,0.6847207841937236,2
1.794074144415543,0.8869399986395422,0
3.1177584049795346,-2.421619190720645,1
2.3322027220335104,-0.680168772377384,1
2.703032552308632,0.7092151353090138,2
2.014665454731635,1.9080684461734303,0
2.3180893952376587,1.881603024231854,0
2.1422460785610387,1.769730492617759,0
2.0609833524483303,1.6120343439358162,0
2.903716922439491,0.002636510986658208,2
1.8951748365134549,1.0074720418123255,0
1.933535138309073,1.7552594038813158,0
2.3375834011385286,2.3686927993665265,0
2.7046928859094477,-2.2836434281512967,1
2.783857570803258,0.09793687485079064,2
1.7409997052018762,0.5755224265089331,0
2.0318377191775,2.3878633681029995,0
2.7834803328353757,-1.9725599859276404,1
2.1714849736921074,2.168715031872579,0
2.403175517604916,0.2886506964513774,2
2.8428851901282126,0.5663357795720366,2
2.7705798477278947,0.38165818455600825,2
2.254286845328669,2.123633384001045,0
2.660175645086531,0.13319324947079675,2
2.6441541588199873,0.49735806272134514,2
2.371396194708473,1.7747077270332516,0
3.01390427360181,0.6275169821018776,2
3.104422943290198,-2.457168276685856,1
2.6934794415095693,-2.283747334068833,1
2.562830376097472,0.4920111536136206,2
3.110291930900288,-2.3061824916862217,1
2.0472682431324385,1.1289541387354352,0
2.1964824185331597,1.7154118200341246,0
3.080927489082388,0.39335423821893944,2
1.9148245405921651,1.8388622387700533,0
1.875847649011544,-0.024129019837238252,0
2.0779230946480736,2.0147195981342803,0
2.3835506361869623,2.299321089494616,0
3.0980231083651293,-2.35822253465635,1
2.0073716690859826,1.8236122383346831,0
2.3776684527276286,1.7596873774198172,0
2.4122434269851274,2.214913379670737,0
2.019665852405102,1.4300517982240177,0
3.120958322442069,-2.4710920617353977,1
2.359082443942465,0.6399463337767587,2
1.7717301808853092,1.330849531749967,0
2.3152270222018094,3.180356006118998,0
2.062957489789891,2.0267576082421552,0
3.090556634285883,-2.2427858356219263,1
2.0132928711987335,1.3596149610066512,0
2.8360512254158357,0.3713741622107096,2
1.8025814133682603,1.649571175039389,0
3.128742822566823,0.2581597430168747,2
1.6999636037510188,1.2596336100501087,0
2.7954054478394426,-2.43743543569893,1
2.4877841822951092,-0.013197653912521222,0
2.364860431479017,2.0390368346450063,0
1.9307749354837218,0.928847408997543,0
2.5355618837247733,1.0663830852496905,0
2.3340643537638464,2.0667362563971317,0
2.1293211612279044,1.1474056307727334,0
1.7747663546863672,1.8174179317946413,0
1.9807632721103332,1.8629936949393726,0
1.7706304930799612,0.510852738016409,0
2.723398330883971,-1.006233569110698,1
2.247506913390935,2.599494631407817,0
2.194493177669227,2.171241743638392,0
2.0801807823586587,2.106848970071815,0
2.7974366634572863,-1.7926855345110042,1
1.9062518154939005,2.5474031818001643,3
3.091623273440061,-2.259276792626844,1
2.3516577564877776,1.8749558687617527,0
2.210103773014395,1.7304232811241769,0
1.919557044489026,-0.6062443674937238,2
2.7871737204726004,-2.533277258607922,1
2.747980225214467,-0.5959355560905323,2
3.090556634285883,-2.2427858356219263,1
2.260642770602379,1.4079866917018198,0
2.183737997179329,1.7318982317503946,0
2.6991498290242313,-2.2589498609459295,1
2.9180388973715843,0.7577123677307506,2
2.3690624662332294,2.8189807923255357,3
2.088115146491441,2.139925100446398,0
2.7678909356075376,0.31532611558638207,2
2.7177683608221677,-2.4250650780331475,1
2.1008234048215195,1.6831833801805283,0
1.7478884932503045,2.2048910563766957,3
2.056989472404392,1.8046329511976655,0
1.5229148808286999,1.8824092254805516,0
2.5809952383875263,0.31246326030826416,2
3.1033563041360197,-2.440677319680938,1
2.2281325250149875,1.1918948566951122,0
3.1145584875170003,-2.3721463197058923,1
2.7578386714705925,-2.321461989499369,1
2.751436539485227,-1.1912391578332866,1
2.8201593274465577,-2.0028369106796045,1
1.0742236739948925,0.3240623001898087,0
1.685034688342702,2.020445791304436,0
3.1220249615962468,-2.4875830187403154,1
1.9974963862924362,1.5842301908873488,0
2.224809926522092,1.4027651360991595,0
3.091623273440061,-2.259276792626844,1
3.0225565171908007,0.20096187359777837,2
2.032045650675432,1.2510221041795564,0
2.773606298988586,0.6428842020292744,2
1.332750008138325,1.4656157355503863,0
1.8447325539431392,2.660016094198676,0
2.8678886500114578,-0.5526039689176884,1
2.718645225379362,-2.398744850561209,1
2.0239310300122075,1.1990312201793816,0
3.0096659272540234,-0.19783004133158816,2
1.8119818707339297,2.1014249225617103,0
2.090143585918643,2.184974367245986,0
2.6376977573740894,1.1367704625534008,0
1.9110419906969693,1.189935569766067,0
3.1001563866734854,-2.391204448666185,1
2.691903240738122,-2.3780217886067403,1
2.665763578806494,-2.308221261420056,1
1.6136577953956275,1.6773787744660948,0
1.751750322032187,0.04635042561330116,0
1.5767282777535272,2.121363790086488,0
3.0549864670386677,0.5437484813601046,2
3.0406967966528713,-2.15515912663459,1
2.4563391340364715,1.7524625551170165,0
2.7322101485170944,-2.385357812676804,1
1.967380763156056,1.4576584579263234,0
2.292588649226291,2.04814652247452,0
1.5716061472890657,1.0781407993815388,0
2.448514360327999,1.9843088018148225,0
2.818340661916382,-2.550304962777978,1
2.428593550753362,0.8494740957779858,0
2.490291116390992,1.8948845845674716,0
1.2262168625693826,1.0523371563558452,0
2.335463029907422,-0.24087584911120793,2
1.0831649257628264,1.703600452033153,0
1.417640796199402,0.9518826874628467,0
1.7552177054870084,2.0177635142633563,0
3.023094778346822,-2.1247443845801306,1
2.72901023105456,-2.3358849416620515,1
2.255935470272405,2.4358805813527358,0
2.827492990767271,0.5678510412394226,2
3.0510082785110946,0.372468200808712,2
1.8587175406828778,1.5896788767961536,0
3.1198916832878907,-2.45460110473048,1
2.0456103363734934,1.3311661775205519,0
2.3793635558427586,1.2279422253421148,0
2.1202924969657264,2.261591055904049,0
1.9937678351165282,-0.08022147923739717,2
2.7785817065659155,-2.5256556514527015,1
3.1198916832878907,-2.45460110473048,1
3.1202097093333987,0.3900873990562157,2
2.8058427654191647,0.4569907068351581,2
2.3366459598480382,2.7240932513425387,0
2.7221577071150467,0.7614587063252304,2
1.863252981316744,1.201393273634436,0
2.280374688963145,2.8463871957138154,3
1.975302846778414,1.8928079631028014,0
3.0980231083651293,-2.35822253465635,1
3.1001563866734854,-2.391204448666185,1
3.0241614175010003,-2.1412353415850482,1
1.903223266167235,2.2517975180415872,3
1.9339418696023138,1.028620335456772,0
2.1515926932932414,1.010609310191181,0
2.81407410529967,-2.4843411347583078,1
2.2004324287514683,0.918777377292842,0
3.1001563866734854,-2.391204448666185,1
2.5164750277666927,-2.065558854717267,1
2.983289437681854,-0.09290913569166534,2
2.7699690595525315,0.2692204113484734,2
1.9224685121300804,1.5552829907338486,0
2.5729973234233356,-0.29724992023552166,2
2.7498121668231437,-2.415772554731264,1
2.0302637628167117,1.9469384525551603,0
2.483656941831776,1.8920420963829585,0
2.9874054938303987,1.6903692300525637,0
2.841416534613489,-1.45964621118705,1
2.1706756852589426,0.31075017796644333,0
1.7785664860031902,1.3777351969757978,0
2.706504817632655,0.5357710897488301,2
3.114693162090044,0.10571154476623423,2
2.5271794963937353,0.10223344857990682,2
2.2782975747829015,2.1355839184454184,0
2.222401321676551,1.728556824984257,2
2.5571539617967205,0.6380080663328415,2
3.095889830056773,-2.3252406206465146,1
1.5123983155616731,1.9279828638277414,0
2.3230570779624484,2.178466008745881,0
2.0421329674069475,1.8164703722239706,0
2.81011291480517,0.3392224153447678,2
1.4489480107008965,0.777689574227392,0
2.0029410130255125,1.429213247833969,0
2.1500740816909523,2.3600027417560714,0
3.108158652591932,-2.2732005776763864,1
2.707954693776051,0.8239484396939029,2
2.801082351141425,-2.0029747279821,1
1.7459155755773161,1.6865135207932882,0
2.044170579330968,0.22803009012161454,0
1.3313162797124785,1.7683970476670239,0
2.780270446994249,-2.517584919373435,1
1.4035449064937087,1.7891490428330747,0
2.763561600991248,0.3073904094451557,2
1.8988011397652969,1.5307610355361216,0
1.9972637372760933,1.5270198725474722,0
2.1495388235388564,0.09480855933498791,0
2.1629621895429834,1.955120136989164,0
1.9313846640197587,2.177433843319463,0
1.0226511950897088,1.6090771015057388,0
2.165055343175952,1.4711674831663017,0
2.5055006960679576,0.15580083417718052,2
2.8018728302635685,-0.12974917052012575,2
2.9868257377725835,-2.019277981258911,1
2.771704980474907,-2.535844430563298,1
2.0051671476762625,1.0174691278322536,0
2.1225581840315253,2.067508917196733,0
3.1198916832878907,-2.45460110473048,1
2.987892376926762,-2.0357689382638284,1
2.4720853604985034,-1.2440036726652404,1
3.116691765825357,-2.4051282337157276,1
2.2020144866975233,1.8815460464067668,0
2.8339546264101396,1.1957159236068882,2
2.079536581159076,1.7998966378186265,0
2.0625442422481335,1.4879983572199815,0
2.990590739450116,-2.028365742650042,1
2.723172234681413,0.5198011139805175,2
2.6580511840894134,-1.305826659871409,1
2.742345692743897,-2.300335855696841,1
2.233534799273615,1.2392738298230614,0
2.768505063012373,-2.486371559548545,1
2.78184052470171,-2.450822473583335,1
2.915848472456994,-1.9288826297755726,1
2.999460589102689,-1.0908552190542662,1
2.2491742526309872,2.1784145191120956,3
2.0332022625778703,1.693661390966953,0
3.0598315053380145,0.12234150639924549,2
3.1177584049795346,-2.421619190720645,1
2.2345545145374195,0.5918247667014181,0
1.4532849976062066,0.9840064180861072,0
3.0157045653411565,1.0202884193418622,0
3.1198916832878907,-2.45460110473048,1
1.641883484694986,1.0834526943836778,0
2.20940458208814,1.4574547334821242,0
3.0191961331564405,-1.1543054143905158,1
2.3982816134745892,0.6629841482762688,2
1.693059274371481,0.08616546520230361,0
2.1649282767112314,2.5037578582867144,0
3.041391660550286,-0.3301519923466407,2
2.0231630575547657,-1.9832778681424323,1
2.394268613042976,2.1215252430775045,0
3.043541804431848,0.48790489984313534,2
2.0727646937487303,2.3174489255546082,0
3.1145584875170003,-2.3721463197058923,1
2.170046990141994,1.3615023596519946,0
2.7476788885147876,-2.3827906407214288,1
1.8374275979884227,1.488780649507175,0
2.7068261642178038,-2.316625342161132,1
2.170450941918669,1.9968559207398326,0
2.7601617243759327,-2.3972550879860606,1
2.86919370595899,0.5502559485063757,2
3.110291930900288,-2.3061824916862217,1
2.555558495952226,0.6064147279034741,2
1.6681189228990614,1.9605175819517109,0
2.1554136930633816,-0.022870275670795415,2
2.482550180396441,-1.9239384785237128,1
2.254757061223132,1.99096417127408,0
3.1113585700544664,-2.3226734486911393,1
3.10922529174611,-2.289691534681304,1
1.682145689253252,0.3186025017882566,0
1.7837278295660846,2.0157318554472,0
2.067044548662809,1.594677056695175,0
1.7564775619513284,1.5706282614983165,0
2.2640226642151298,-0.20434433429448004,0
1.6844609773993016,1.859441867534688,0
2.7546532044828385,-2.330578666474769,1
3.1156251266711785,-2.38863727671081,1
2.684871029899581,0.044123271975392175,2
2.176582484687039,0.8636111520876731,0
2.3216290884918123,1.7083497700999435,3
3.0894899951317045,-2.2262948786170087,1
1.9470001951013547,0.35711003255362134,0
2.331910119037091,1.191463506975467,0
3.031627891580247,-2.2566720406194714,1
2.4124014786640036,1.8411789739939053,0
2.8016229040644536,0.3858001326262572,2
2.367875110214846,2.0152349034999117,0
2.1578799114010456,2.2240519165033588,0
3.1012230258276636,-2.407695405671103,1
2.699706173289495,0.8826021680887055,2
1.3202466783335318,2.77083647401223,3
3.0417634358070496,-2.171650083639508,1
1.4807844667316363,1.8081867544876289,0
2.718645225379362,-2.398744850561209,1
2.986354152654115,-0.43645917685362745,2
1.9227682542361482,1.7456588390423238,0
2.7727716196290855,-2.5523353875682155,1
1.8604514337726026,1.7649648139168188,0
1.5448209424367916,1.4962647485215215,0
2.726876952746204,-2.302903027652216,1
2.9820615004689346,-0.6792034845884041,2
2.449384045924882,1.993305497539981,0
2.254510017686413,1.7324999409229944,0
3.116691765825357,-2.4051282337157276,1
1.532711887473271,0.516782509334845,0
2.1479162806381007,2.193616478530867,0
2.3271004947767273,2.2191337148866057,0
3.120958322442069,-2.4710920617353977,1
2.5552382442228017,0.969572391908825,2
2.3432805431017494,1.7870684246975805,0
2.19007904535238,1.0908332113770762,0
3.1001563866734854,-2.391204448666185,1
1.9700439402024668,2.4683224845990863,0
2.721038956373057,0.5527830279903527,2
2.828429131898661,0.42570678557573804,2
2.3706012940805206,0.04362037446865391,2
2.6276649807704664,0.3847824562155361,2
2.211236801888443,2.5900171538707166,0
2.67657523577277,0.6313180194509026,2
2.909287599026653,0.6012356134062118,2
2.970848071613531,-0.04307514252731098,2
2.2688627386579157,1.7380246195943991,0
1.945490366544292,0.7408375182941881,0
2.8829125314416966,-0.11319539873189052,2
2.7685364450921432,0.980530274267776,2
2.409833504344144,2.0815817573899307,0
2.368054537442176,3.1262044061898666,0
2.7727716196290855,-2.5523353875682155,1
2.119972322616782,-0.03850611711137382,3
1.5988839989192336,0.8053777708296112,0
2.5678798002666445,0.4617703667662514,2
2.3436150054012423,1.1974073554215652,0
2.482122619335157,-2.057647827522612,1
2.7875762615720263,0.8533156672768316,2
3.0990897475193075,-2.3747134916612676,1
2.0779813303284587,1.83311570424488,0
2.8133721667503204,0.0946095253012603,2
1.5592553824393705,1.7986679695210173,0
2.351529815030175,1.8727833232516384,0
2.10165969073971,-2.561953104273228,1
2.218530454146683,2.5840793422858632,0
3.092689912594239,-2.2757677496317616,1
2.8418950916107857,0.5869091701997158,2
1.9707562498628095,1.921187000156216,0
2.446049637383471,1.9337943375397786,0
3.1220249615962468,-2.4875830187403154,1
2.067808450292992,2.0321483231658815,0
1.9532166297922506,2.096078923126295,0
2.051109766013709,0.9149752383927122,0
2.62019850669122,0.5002191552499595,2
3.056181007710159,-1.1147267432189232,1
2.210214906602719,3.5688447575296953,0
1.811514198829298,1.4451363221507383,0
2.0757856061116224,1.868400874100726,0
1.9357489819583675,0.6500282320118125,0
2.789362029659169,-0.8987943070550665,2
2.2522067429170134,-1.1550223044570573,1
2.4414181174700547,1.8686923720845687,0
2.3235546336459336,1.8120245577052534,0
2.4172673062067727,-2.4806692461761863,1
2.7610385889331264,-2.370934860514122,1
1.8441267084230502,2.172821812088257,0
2.0172603298507106,1.443984937146721,0
3.090556634285883,-2.2427858356219263,1
2.032682382062042,1.6447304221944818,0
2.3399882987767358,1.6734029328691133,0
3.1134918483628224,-2.3556553627009746,1
2.449439735241287,-1.9167400448206786,1
2.0945188699669113,0.05319120956401993,2
2.299934988971165,1.8557145517750122,0
2.0094309788070746,1.9629268930210608,0
1.5660283407821742,2.049814028534635,0
2.0895902759776614,0.9726981232241885,0
3.0044277560786328,-2.049692723313371,1
2.0656810363449924,-2.500338045081688,1
2.2295017277950477,1.749665349993209,0
2.571146107687654,-0.11268573964916011,2
1.4995139568353442,-0.3869855459150437,2
2.7688783351203305,-2.462761199548085,1
2.179439728089004,0.18803877422370183,0
2.7617156168387034,-2.413743630732806,1
2.001866405454476,1.5417503401216326,0
2.7476788885147876,-2.3827906407214288,1
1.92855918150457,2.061860214884651,0
2.2073976264915203,1.9286984195538257,0
2.8674944313110595,0.1911262020816929,2
2.149577214523274,1.8229340706841595,0
1.7570398025446514,1.9433230827090329,0
2.843248969764918,0.5421744349371119,2
2.2847926219819383,1.591185602469586,2
2.683681089026538,-2.261517032901305,1
2.800738643610333,-2.519890220723518,1
2.2521728981328017,2.0869084424944706,0
2.197766608985391,2.41650877334934,0
2.4166094523383066,2.440711832885975,0
2.7875587945425058,0.7589052070390987,2
1.8515859530756564,1.9880040039237323,0
2.5532512769139735,0.41266903718230996,2
2.758669521866508,0.9810545923120371,0
3.1177584049795346,-2.421619190720645,1
2.321144118140256,1.670098063350144,0
2.2984582394585367,1.0812115664094748,0
2.7973173494638925,-1.9938869665909693,1
3.1220249615962468,-2.4875830187403154,1
2.1555602810994854,0.08631399763684487,2
2.1447524401271947,1.6025060327039085,0
2.676713384599943,0.17996355088111832,2
2.9853383199817256,0.11413572939505814,2
1.917115963721913,0.22680140926226197,2
2.0974354297683893,0.7073546797839902,2
3.0545631056571865,-2.369541567698519,1
2.798392544032507,0.6077117241021528,2
2.191660102350556,2.42351564341966,0
3.1012230258276636,-2.407695405671103,1
3.0980231083651293,-2.35822253465635,1
3.1198916832878907,-2.45460110473048,1
2.1362261736695416,1.5515616220621902,0
2.693834437296061,0.7621922598737604,2
2.850297706821423,0.32932821550160774,2
3.0284279741177125,-2.2071991696047184,1
2.990677701736277,0.03034246257161058,2
1.8755237384393293,1.1281068834241879,0
3.094823190902595,-2.308749663641597,1
2.832510318797989,0.5694972842644369,2
2.816207383608026,-2.5173230487681426,1
2.3897806790876004,1.83502373011796,0
3.116691765825357,-2.4051282337157276,1
3.093756551748417,-2.2922587066366793,1
2.7319227295580806,0.8606426951646162,2
2.8079760437275207,0.4240087928253228,2
2.9700083897834553,-0.3860629050468485,2
2.872345396882579,0.040530913871601404,2
2.6497201643525887,0.9237999883146946,2
2.93987828863974,-1.2001392154963104,1
2.7822137968096676,-2.4272121135828746,1
2.340099942753895,1.8717009040809178,0
2.713861182752458,0.35796871367669736,2
3.120958322442069,-2.4710920617353977,1
2.2017228694368383,2.280508704444584,0
2.8620307375173817,0.14792768844751383,2
2.160355698043566,0.6919868938097746,2
1.8373218059956398,2.153014292754186,0
2.209228569175619,0.9338287723664369,0
2.907077005742922,-0.07400782716374116,2
2.0732933952659054,1.9746761597313005,0
2.2533757657253664,-0.9750054593211829,2
1.3197598247752687,1.1150102918940246,0
3.1070920134377538,-2.2567096206714687,1
2.1703899205801465,2.318170075496972,0
3.1177584049795346,-2.421619190720645,1
3.0169338913632093,0.6712129971351539,2
2.9541513840541924,1.351386160837078,0
2.3704731289213163,2.0367740660321143,0
2.782413693681198,-1.956069028922723,1
2.1906472973472972,2.567492527631306,0
1.8602119841383147,2.8650868476458142,0
2.4255018449809533,-2.599989150068733,1
1.436810011008142,1.7401733285834822,0
3.04709663157794,-2.254104868664096,1
3.096956469210951,-2.3417315776514323,1
2.4001654916113417,1.1480546122729023,0
2.23565977291663,1.4024044028701692,0
3.0776742573655467,-0.03980572431422845,2
1.5036045433242853,-0.30322178195384325,0
3.096956469210951,-2.3417315776514323,1
1.779680269592976,2.2987253918354815,0
3.104422943290198,-2.457168276685856,1
2.920430520987701,-1.9177274872220325,1
3.004684116402155,-0.8789042973003305,1
2.187584583330887,2.414717704111078,0
3.118825044133713,-2.4381101477255624,1
2.824051632745425,0.423886556570449,2
3.120958322442069,-2.4710920617353977,1
1.1351601817515742,1.759081760988342,0
2.248022996993673,2.00325177103313,0
3.1113585700544664,-2.3226734486911393,1
3.0417634358070496,-2.171650083639508,1
1.9168898102952894,1.5637381927589344,0
1.8015469223539993,1.4179280552021882,0
3.0894899951317045,-2.2262948786170087,1
2.1112060374021597,2.4978902801333227,0
2.840450515087383,0.5312861005002442,2
2.699944938364982,0.7114389929201995,2
2.234699086387828,1.822281582385378,0
1.9305942232536062,1.0248509305960913,0
2.776967114983232,-2.526477981702996,1
3.116691765825357,-2.4051282337157276,1
2.4221070232305517,1.8291567770178019,0
2.1524147548368284,2.0473822451342842,0
1.8294028260796134,0.4296517640870418,0
2.9291049701502074,-1.0872352455336265,1
3.0757686836837945,-1.688847832849018,1
2.4277645525696063,2.332899031811728,0
2.2182174876123186,2.475423618409717,0
2.706328880737922,0.6165906201395298,2
3.01386293738555,-1.0718506293659276,1
2.952902969443921,0.903723479064853,0
3.0990897475193075,-2.3747134916612676,1
1.8856447495604773,2.235052754653927,0
2.9598080811632475,-1.6912660643459045,1
1.8161401766182401,2.0883703625408656,0
1.9221209682399538,2.1286651619154564,0
1.7960016308926876,1.859561127347007,0
2.407384628689731,2.1871432732978167,0
1.9203892413677737,2.0040944224526,0
2.7765073289308195,-2.368367688558746,1
1.6654931710990708,1.7667170135074506,0
3.0241614175010003,-2.1412353415850482,1
2.103454704477991,1.9179386189247434,0
2.72910196398891,0.6673706718769917,2
2.244505287661638,2.036548528713668,0
2.017113107985109,1.1573246880419548,0
2.025750596757194,2.3547404393121494,0
2.40413330491941,-0.20316279064549156,2
2.762918990353263,0.6113932498151544,2
2.7851749204426617,0.610727155092418,2
2.23416145641295,1.8155678791838183,0
2.1277703227404863,2.0760535107990377,0
2.9172664620178836,0.7087337042772084,2
1.8726145885057892,1.92902310112183,0
2.001235955102139,1.6951685838203803,0
1.6394422499666446,1.278836329760305,0
3.1001563866734854,-2.391204448666185,1
2.4554693768414335,1.794455039905381,0
2.434174317450765,2.307553421207429,0
2.75351321418062,-2.379804210363819,1
3.0284279741177125,-2.2071991696047184,1
2.9868257377725835,-2.019277981258911,1
2.180730428377406,1.7041120048951073,0
3.022779286432827,-2.201863355153341,1
2.7249959568615454,0.5368456580888966,2
2.8724835828354056,0.46378765348387807,2
3.10922529174611,-2.289691534681304,1
2.7658689347240233,-0.7783512201628792,1
2.232615695213566,2.09345863127166,0
2.17836809533954,2.0374998827464004,0
2.8201593274465577,-2.0028369106796045,1
2.208927303273832,1.6510981606062005,0
2.230273846688061,0.4389202731272953,0
2.766848675869957,-2.344255124398608,1
3.116691765825357,-2.4051282337157276,1
2.1785665857703482,2.358219351519432,0
2.8716304899049843,-0.0004909245967445741,2
2.804709589821139,0.3805639485215334,2
1.8509804000399777,2.0083722157891435,0
1.9412438662208098,3.8683421321623768,4
2.2341902380706147,1.654624855787194,0
1.840555716951057,0.9709769310178498,0
2.5782364144730363,0.08409904074984204,2
2.0558001009712417,1.772386067638801,0
1.7371215415844803,2.065497713366948,0
2.3365807668740484,1.9525744620310084,0
3.1156251266711785,-2.38863727671081,1
2.1109996172229617,2.965360034538732,3
1.7365430744463575,0.8217155872210413,0
2.143081314624116,2.1100771988899845,0
2.1231101902670324,1.3719247070603882,0
3.0528334696068553,-1.5759783057699701,1
2.2414372802357745,1.78781282777978,0
1.7906084338228867,0.9924671047551687,0
2.1676838647338146,2.0835501260194733,0
2.9564625241941913,-0.48499086757592513,2
2.807359657596421,-1.8049454266205933,1
1.9497354284350092,0.9844815396103056,0
2.863538566912754,0.6992664479970568,2
2.360620152447207,3.137267262396773,0
2.130671735972287,-0.3595058812369225,2
2.796472086993621,-2.4539263927038477,1
1.2733971290454527,2.112682591575839,3
2.4339555472008447,2.550701335937331,0
2.3245631822171933,-2.200222041683465,1
2.7455456102064315,-2.349808726711594,1
1.681376650415978,0.8730029027592471,0
2.0587008625911203,2.154596212271764,0
2.052092914991899,1.7849045869265527,0
2.319911447597214,2.013459432713895,0
2.1343840954638815,1.4961521705464178,0
2.798605365301977,-2.486908306713683,1
2.5583495403977867,-0.7816211143727724,3
2.0341773312319713,1.4290426155569182,0
2.780837200285778,0.3558976654245669,2
2.741685809486988,0.20452614186147872,2
2.9341748143794972,0.6915698717771022,2
3.116691765825357,-2.4051282337157276,1
1.9417429463273694,1.879911236008763,0
2.184062451057634,-0.06831973152153341,2
1.9918598269439338,1.3447549144681548,0
2.4319150502987688,2.28581591525854,0
2.5231805193368704,-0.25693308077865096,2
3.095889830056773,-2.3252406206465146,1
3.104422943290198,-2.457168276685856,1
1.4969438958205712,1.8964174235251257,0
2.9023219686403534,0.5430186688028338,2
2.148127062573381,2.25752124807458,0
2.3406182119351655,2.0669761041300116,0
2.8087409095287796,-2.4018863497337195,1
2.4263447925228965,2.450030054094353,0
3.0428300749612274,-2.1881410406444255,1
2.41348150369984,2.593525325982579,0
2.9330379102531396,0.5107325579453802,2
1.9266499062699716,2.0678610208187655,0
2.1407937582957675,1.8252738584994117,0
2.3046578874880757,0.5760872730579166,3
2.9101639106533863,0.4314945926347956,2
2.6641033310310176,0.41432752169736653,2
1.7239743411740436,1.883609370244515,0
1.6651456396124125,1.0730483124873833,0
1.9288833361491757,0.9987812493697092,0
3.051386898567299,0.45187686688938444,2
1.9586634873344322,1.929220225394801,0
3.0574081134361633,0.27352245877920633,2
2.2275091865733154,-0.3144261800083891,2
3.0097568473406637,0.3988533576567899,2
2.2194337162681013,-0.3411171167272185,2
2.0534397726131086,2.178239143467152,0
3.1177584049795346,-2.421619190720645,1
2.225091372487858,1.6154477241189422,0
2.6387920993308893,0.14674658354993725,2
2.724743674437848,-2.269921113642381,1
2.646473388345559,-0.7531629631123384,2
2.104384859594968,0.894360428216225,0
2.1114460608437224,2.7983757222104564,0
1.6651424316404633,1.9228779864665158,0
2.044557743175618,1.136778551856534,0
2.1559420144960475,1.592857133679887,0
1.9778705860731378,1.5658159225822903,0
3.0048032240124196,-2.0457801004469855,1
2.74826594569986,-1.6578325839634733,1
3.110291930900288,-2.3061824916862217,1
3.108158652591932,-2.2732005776763864,1
2.6879280453091807,-2.247557595020948,1
2.300845061188789,-0.7046093097394279,2
2.009075656964693,1.8105816504735455,0
1.8277171447333216,-0.648683978968957,1
2.7932721695310865,-2.4044535216890948,1
2.7269646452537217,0.9452802960983511,2
2.711470512406583,0.3777656651965512,2
2.6031957486448842,-2.0524260171342523,1
1.9030019137870524,2.4138908650361683,0
2.9305331558631997,-0.008094034176658688,2
3.116691765825357,-2.4051282337157276,1
2.7354100659796288,-2.434830683691557,1
2.1671561836999125,1.8686498300799061,0
3.1267597988277234,0.6926850369863337,2
1.5984249204959915,1.909930737301514,0
2.8051479823204697,0.6565564549527203,2
2.1741494536282313,1.7739262873088788,0
2.1746808655119194,1.1283789789998364,0
1.3534525734486662,1.6781633464587515,0
2.722862502758347,-1.587958161693333,1
2.756179674187331,-2.494145230168677,1
2.329631602202988,2.217786514284912,0
2.308489285250313,1.8809570821068715,0
3.0387063590727283,0.3551408984836376,2
2.8932977667424344,0.42441668608652344,2
2.7519454451314997,-2.4487544687410994,1
2.6999765679191343,-2.351839151501831,1
2.635650696914295,0.4594574194106098,2
2.365212155426543,2.4866046270547755,0
2.1669260971062063,2.0526733049305377,0
2.2252149413682076,1.7265104449747763,0
2.154849766710581,2.140690804074617,0
2.714386753527139,-1.8784126875045486,1
2.189049323509265,2.6732477493675417,0
2.7976928173976794,-1.9899743437245843,1
2.0900059185256077,1.8669900047108843,0
3.0787408965197245,-0.056296681319146155,2
3.0980231083651293,-2.35822253465635,1
1.752515324075986,0.6803243780480401,0
1.8120096603057194,0.7927861515944532,0
2.354910421919665,1.4583811942295928,0
2.0409738922069467,1.6871288261244564,0
2.194254536358289,2.220915489261158,0
2.363537181110398,1.4830426117174331,3
3.096956469210951,-2.3417315776514323,1
2.6769030008811545,0.216436037638355,2
2.2001979265090688,2.030533462227697,0
3.0980231083651293,-2.35822253465635,1
2.439033821420314,-2.52292296520169,1
3.0406967966528713,-2.15515912663459,1
2.236253708020662,1.4343395687136467,0
3.1113585700544664,-2.3226734486911393,1
2.143337626580033,1.9799087869447263,0
2.249455054163148,2.133268531691658,0
2.616734652842138,0.43914049394200627,2
2.0853931980567317,0.804553276803215,0
1.222401949852389,1.2588582409879663,0
2.7922037137865217,-1.9295981188030427,1
3.1012230258276636,-2.407695405671103,1
1.9994945675463005,1.9932015406068269,0
2.190530110383035,1.854425719874212,0
2.752002037146419,-2.3222606072697993,1
2.6914579051604903,-2.2785010434526436,1
3.092689912594239,-2.2757677496317616,1
1.7027058741226695,1.3849484189052712,0
3.044963353269584,-2.221122954654261,1
2.78339660082944,0.10802173134104578,2
3.118825044133713,-2.4381101477255624,1
1.926042714559602,2.195517808175453,0
2.1392719174058468,2.4104522248431643,0
2.297606130462402,1.8137451504818816,0
2.187445641186707,1.3221602234210297,0
1.984681894061745,0.4284332184852848,0
3.1134918483628224,-2.3556553627009746,1
2.8715072409586337,0.33839029611637167,2
3.0027190130240684,0.2608373079979601,2
2.113734646428919,-0.06488330323576079,2
3.096956469210951,-2.3417315776514323,1
2.3921272120949886,2.231435796378874,0
2.8495048145209467,0.624090861964663,2
0.8986667753346571,0.47415619033892203,0
2.3424172714365468,1.34458569169158,0
2.0411600024181484,1.2649579244635507,0
2.798605365301977,-2.486908306713683,1
2.4024616731458237,1.7093030061177592,0
2.27573902656506,2.1986585227496978,0
3.1012230258276636,-2.407695405671103,1
2.4844905004633677,1.3227160107227662,0
2.714639121447988,0.6517287700198587,2
2.451714277790533,1.9348359308000695,0
3.1070920134377538,-2.2567096206714687,1
1.8116664782650302,0.9725769896248948,0
1.968518620365431,2.808100409602536,0
1.2734944505836616,2.0357230174991905,0
2.475312482690214,1.3118962850465918,0
2.5483168319063516,-0.1375749088459942,2
3.10922529174611,-2.289691534681304,1
1.6395687890905613,1.3596131554901303,0
2.7261135579520883,0.07107486036963473,0
2.3502685663126184,-0.5069611984305423,2
2.9506752144934545,0.9549902964492127,2
1.9070175750524925,-0.9907463843806962,1
2.9473712022823135,-0.14897876386817563,2
2.022571361729063,2.096400035713645,0
2.621765122818577,0.4064278323699572,2
2.6078211268947737,-2.03618993716331,1
2.4533738222259704,2.0107161951189116,0
2.423069762739989,-0.8760107110751861,2
2.0266342740830083,2.0118392294992495,0
2.0702172212242984,2.4501764366345973,0
3.120958322442069,-2.4710920617353977,1
2.1906354905201435,1.469982710593621,0
2.333903936165622,-2.1803206659718404,1
2.235228380799514,1.3465060853734412,0
1.6824013315781028,1.2538448762170862,0
3.0980231083651293,-2.35822253465635,1
2.874413655108292,0.3090488939602123,2
1.9509880816104126,-0.2542031739199234,0
2.0524084809440972,1.3780141670371575,0
1.923055963768666,-0.20226328752968192,0
2.671369177874336,0.1321242721563533,2
2.2032126133844905,2.7718426826944516,0
2.7674528743329754,-2.5284701505337805,1
2.761411861041084,-2.3473245005136616,1
2.521303591642949,0.09382181634889677,2
2.3826688594265444,2.167072945448724,0
2.7871737204726004,-2.533277258607922,1
2.1910987566475475,2.1403178501419684,0
2.2403590944663874,1.358344386433952,0
2.02989012337246,2.0396312117819795,0
3.084291473933858,0.3340177708797054,2
2.4448570322913996,0.14327108449972614,0
2.7984392185918274,0.3254829233701071,2
3.1113585700544664,-2.3226734486911393,1
1.480632735009233,0.5839275399439426,0
3.00823809126191,1.1357251183762855,0
2.826028315056648,-1.8518511256799708,1
2.471523090989372,-0.38773025953026563,2
2.1404196641698907,2.141713660159504,0
1.7162836252980735,2.3962676650725085,0
2.6707882511676972,-1.0134632263356675,1
2.304741511600464,-0.13290794132331035,2
2.7311435093629166,-2.368866855671887,1
1.8183967337339384,1.5730606016179476,0
2.04619087190535,0.9348148180470179,0
3.110291930900288,-2.3061824916862217,1
2.7674528743329754,-2.5284701505337805,1
2.7900704354781656,-1.8966162047932074,1
3.1001563866734854,-2.391204448666185,1
2.28924371450553,1.9142113712270696,0
2.595028532742444,0.39915637807202436,2
2.1135737951416074,1.8236647861884498,0
2.097704456133765,-0.011385683706941901,2
2.055591072183938,2.063932467252218,0
2.208724841623694,0.07071727925430984,0
1.3142128803244355,1.1719134846678574,0
2.706035330126209,-2.243664550979054,1
2.7780337541374096,-2.5429689387079137,1
1.9372595177582275,-0.0888614607475979,0
2.0246564261031907,1.7650206883876098,0
3.108158652591932,-2.2732005776763864,1
1.7976085647045041,-2.1893018210827986,1
2.4730638597732773,1.8964843332962702,0
3.090556634285883,-2.2427858356219263,1
2.7886429007262046,0.8368247102719141,2
2.6784711949745126,0.14306901400489785,2
3.1022896649818414,-2.4241863626760205,1
2.025792509639414,1.0352924999839992,0
1.8490753898803578,1.7789809628075832,0
1.884908386033963,1.7751397511911164,0
1.983414231238828,1.8753814511683047,0
2.434767264803602,-2.45695913718202,1
2.7135983562226618,0.02555469555594922,2
2.884811979700934,-0.13335219179573807,2
3.1022896649818414,-2.4241863626760205,1
2.724238873835591,0.5033101569756,2
2.683681089026538,-2.261517032901305,1
2.2501650174866716,2.4998546079112685,0
2.084654767080864,2.6494440743609085,0
1.8323372718206725,2.441286007171045,0
2.4968329672465623,-2.1060817816433843,1
2.98668440226832,0.6795060395646313,2
3.091623273440061,-2.259276792626844,1
2.2420370711506257,2.0344181851621355,0
2.767438423858195,-2.4698806025436277,1
2.3547140710799876,2.2273108635153434,0
3.0894899951317045,-2.2262948786170087,1
2.7610385889331264,-2.370934860514122,1
2.485331138651075,-2.0932767196123008,1
3.0284279741177125,-2.2071991696047184,1
2.114462541250345,1.412541320319311,0
2.059511015247313,1.9907559766680905,0
1.5671607698149264,2.2115487921702215,0
1.8076178948780253,1.6194214395482514,0
2.7926343150013744,-1.9601622765155557,1
1.604119826374255,1.0454375447885071,0
2.0854185454392504,2.2724805430136925,0
1.6016659231242194,1.619052792487994,0
2.388650528307755,1.8923408504028676,0
2.183922046198185,0.6775697319321323,0
3.104422943290198,-2.457168276685856,1
2.7215437569753136,-2.220448242627628,1
3.1134918483628224,-2.3556553627009746,1
2.218105711211553,0.2364028657879175,0
2.7186755260001134,0.28836166338851543,2
2.0247000529518004,1.458425727762833,0
2.076390302877747,2.2584915549955964,0
2.3250425288560486,1.9376631279441399,0
3.1156251266711785,-2.38863727671081,1
1.9828616717601906,0.314318809685508,0
2.8621096155868595,0.44788468368428597,2
2.0646284328731754,-1.1172870630285514,2
2.715965168685016,0.5180422600674623,2
2.54092960091354,-0.6529430400551661,2
3.120958322442069,-2.4710920617353977,1
2.61671504115761,0.2158427936829101,0
1.430282898367987,1.4712937301339872,0
2.587317992603795,-1.003607497662717,1
2.4483819179715773,1.7582622794332439,0
2.5055060908183973,0.4158443845439526,2
2.7208752140206967,-0.12635449023571083,2
2.3239215139166816,0.06132733066472956,2
1.4226818355965085,2.1225204450206863,0
3.1022896649818414,-2.4241863626760205,1
2.436900543111958,-2.489941051191855,1
2.504935687701683,0.14092857634597236,2
2.0249034202958094,1.9334487595514045,0
2.1963912014536007,2.422003669299198,0
2.251357177718764,1.6864135606118213,0
2.707892803371982,-2.3331162991660497,1
2.499721597487638,-1.9237890628656595,1
1.259061631590198,1.4521608140137023,0
2.623817103882309,0.4022293407012477,2
3.0214898780366224,0.21745283060269593,2
2.397410157854949,1.3014581955003857,0
2.2042896259123483,0.6090782367791272,2
2.359082443942465,0.6399463337767587,2
3.118825044133713,-2.4381101477255624,1
2.5625796448252,0.4240752848766728,2
2.1705817381624257,0.32091806507460324,2
2.0542174751583544,0.1162539635594713,2
2.790310381966546,0.8629047986449747,2
2.117789541274152,1.520746372266747,0
2.4983773122463977,-0.017155228273225156,2
2.3776168907227646,0.1887096413030789,2
2.118733786439295,2.93038983263649,0
2.479565565673654,-0.86893472022114,2
2.3487761726424288,1.4524886877820034,0
1.7572367162755709,0.7322606376227503,0
2.9651703714659297,-1.8007788335604886,1
2.5641069386175235,1.5921650710557056,3
2.6329581965611033,1.031812694353625,2
2.162992431423251,2.438124736827276,0
2.2436226854664167,-0.7449830503253512,2
2.8272336010551125,-1.9815797604177092,1
2.731486823787208,-0.16387247965545876,2
2.282061602110943,2.04821138499805,0
2.3986453809267934,2.0475654681758817,0
2.7764484282575594,-2.4926737374428667,1
3.0524298273488304,-2.336559653688684,1
2.1738059410586326,1.2020677116362053,0
2.4895860532608354,-2.0088110198456226,1
2.100799165252661,2.2387667463050276,0
3.1012230258276636,-2.407695405671103,1
3.1134918483628224,-2.3556553627009746,1
1.525453798261628,1.442976230866106,0
2.026282819546556,0.866766806890684,0
3.104422943290198,-2.457168276685856,1
2.182228020607479,1.5357363830416741,0
2.157961934297878,0.617912727018105,0
1.733518075429127,2.0308716871356216,0
2.83950277133528,0.8250869625800095,2
1.5645823738373883,0.9687286887750682,0
3.093756551748417,-2.2922587066366793,1
2.016097244859265,2.2902918887686536,0
2.4411766419775316,1.909190815968635,0
3.0980231083651293,-2.35822253465635,1
1.8967433722532188,1.9728730273381707,0
2.0505214391834086,1.8679388826685854,0
2.8689636364895184,0.9192690019427394,2
2.3768471611413435,1.1988105269647664,0
2.7429423446984864,-2.3132614157895977,1
2.4452497612674917,-0.7080547353783461,2
2.182618744188389,2.2352110131849425,0
2.6603840246963193,0.24693195880409427,2
2.9868257377725835,-2.019277981258911,1
2.501565131936364,-1.8794310257135094,1
2.551316265480005,0.5517234152388713,2
2.159704679768269,1.795899331909006,0
2.76424386610948,0.9705373789291329,2
2.1144390346248927,-0.5513167981972023,1
2.725462342578964,-0.22454110273228559,2
2.361428519511563,1.3464788771814828,0
1.9955816373236257,2.1001247928532907,0
2.2578908530252915,2.005169427788358,0
3.0464336346817866,-1.4770325637404644,1
2.2433080400155574,0.5752376374061876,2
2.296833138160575,2.196905166296376,0
2.0036768516631454,-1.6467276901232109,1
1.8442260793266827,0.8860620789370839,0
2.364095139862073,1.7332422909480054,0
3.1220249615962468,-2.4875830187403154,1
2.794712159883269,0.2111152016501272,2
1.8560110166446262,1.9134757908022997,0
2.1398397800184,1.956066685356065,0
2.443811901354799,-2.051265055389352,1
2.301983160462199,1.8447197273644083,0
2.7009130572396445,-0.05784305013486918,2
2.769571702166551,-2.5028625165534626,1
3.0310896304242254,0.06903421755843744,2
2.1258930059694094,2.1425975322624122,0
2.0671704687568013,2.681623858435933,3
3.0980231083651293,-2.35822253465635,1
2.1617649470187694,1.9640443062185988,0
3.1145584875170003,-2.3721463197058923,1
2.7697614767635352,-2.545673701030319,1
1.863564983411943,2.563930887095154,0
2.228132988453789,-0.7850634572445341,2
2.3534707452977517,-1.0903749691783693,2
2.5942360017857076,-0.1632653143239224,2
3.110291930900288,-2.3061824916862217,1
1.633047199167513,0.8546367735333679,0
2.0507933336051174,4.063604292245648,4
2.776880601038777,-2.3447573285582863,1
2.495280891527418,-1.8489773923517359,1
2.126496207474552,0.9706987642587459,0
2.007755723547632,1.4534703762502024,0
2.187469963593913,0.726415925212289,0
2.480466844296135,1.2916235146889175,0
3.1145584875170003,-2.3721463197058923,1
2.9797863299416156,0.9642187911653519,0
1.9943159035728615,1.787152369306674,0
2.7646117785036184,-2.3967973715284145,1
3.0048032240124196,-2.0457801004469855,1
2.4077143042990077,2.1429502475486797,0
1.264790592859015,0.5869633425952814,0
2.7523490873895247,-1.6881731208223854,1
1.9842290406077452,2.0058083192986653,0
2.375389589705529,2.2701704316474225,0
3.0302457605120736,-2.3173000541877644,1
3.1022896649818414,-2.4241863626760205,1
2.18105036477378,2.2138198865705654,0
3.091623273440061,-2.259276792626844,1
2.9944257849763867,0.018840502677209964,2
2.533010406918564,-2.0794826397668094,1
2.300582778239656,2.0266346154042707,0
1.4348888353352407,1.8547331546708061,0
2.0507170824499097,-0.6401869036916209,2
1.9629768560085499,1.252121822385236,0
2.724238873835591,0.5033101569756,2
2.2338638725475555,2.261216661272542,0
1.5923077579002716,2.8950311951941705,0
2.6021284843685466,0.756530613840281,2
2.322549032195429,2.041660564431723,0
2.4844813474280074,-1.9556418599913101,1
2.39640949259147,0.014223030351096705,2
2.274379978873796,1.6436598705049463,0
2.2205555839489866,1.038013643882115,0
2.244037866521288,0.7840317734223952,0
3.096956469210951,-2.3417315776514323,1
2.7476209544502184,-0.24925424088645906,2
2.3280784866040487,-2.331828500157689,1
3.1001563866734854,-2.391204448666185,1
2.926049227138052,0.6495450516792294,2
3.0980231083651293,-2.35822253465635,1
3.110291930900288,-2.3061824916862217,1
2.2376398125450443,-1.0745806516156071,1
2.207202808511277,1.009798824846111,0
1.5008555979444027,1.2246180391938468,0
2.4440762868613795,1.7936455752962401,0
2.451775852192548,1.9888408875364547,0
3.095889830056773,-2.3252406206465146,1
2.216813829665816,2.0932447983617797,0
2.2502895267105236,1.8324045748086744,0
2.3579199527039507,-1.6466702050177735,1
2.2037532032997533,0.5883448726960806,2
2.9110903450206105,3.47568537290564,2
2.9239830663688746,-0.31069167210677634,2
2.7817334182575264,-0.8566599812657544,1
2.53573737055636,-0.5778476806486876,2
3.093756551748417,-2.2922587066366793,1
2.344735405332715,2.4846772493186373,3
3.0238459255870054,-2.218354312158259,1
2.1154910584769318,2.8728325809533954,0
2.0211025202844635,1.7465308681280667,0
3.035894448196959,-2.3226358686391415,1
1.9788973162474779,1.8291422011680087,0
3.116691765825357,-2.4051282337157276,1
2.05526336300942,1.8489476765774517,0
1.728833769179026,1.3123286249597939,0
2.1766392353018205,2.0517139998244516,0
2.9319953018562255,0.6668208887833851,2
1.6593671120558628,1.968499120674588,0
2.762914314709838,-0.9729243691659875,1
2.7800805185013115,-2.3942301995730393,1
2.167239525058282,2.77631266847652,3
3.1198916832878907,-2.45460110473048,1
1.6150656881566063,1.0349439923178332,0
2.2562282741133926,2.1354754128390994,0
3.1220249615962468,-2.4875830187403154,1
2.1824807032644284,2.142196633100509,0
2.4395445857813995,-1.2246878655503157,1
3.0241614175010003,-2.1412353415850482,1
1.9668922976426984,1.6385246776154376,0
1.8399886939531673,1.7751311082970314,0
2.7904456032665563,0.2770790296697977,2
2.3108220716841226,1.856558345292831,0
1.7547962957213044,2.046842388249475,0
2.9407493209996782,1.320931451654051,0
2.860214760300247,0.41174761051374975,2
1.5515952193470424,1.5426753243314075,0
2.287379729776215,2.0191301563463906,0
2.037625050686942,1.2060091887606068,2
2.7943388086852647,-2.420944478694013,1
3.024912564741183,-2.234845269163176,1
2.989554070116649,-0.4859320478683802,2
2.311626099030102,1.9125988335635065,0
1.808328743673985,1.5514218853938502,0
3.094823190902595,-2.308749663641597,1
3.1220249615962468,-2.4875830187403154,1
3.084827265773058,0.5674583409039277,2
3.023094778346822,-2.1247443845801306,1
3.10922529174611,-2.289691534681304,1
3.048511199409725,0.4846762699444641,2
1.9998630403011244,2.0309486085163577,0
2.3661654185623227,-2.3881432300292724,1
1.7498005598868756,1.6180874166872592,0
2.2229558617348655,2.2768572388435864,0
2.3095964018817785,2.0028767531144194,0
2.714639121447988,0.6517287700198587,2
2.7766971035278036,-2.411178873035603,1
2.0702872258691034,2.409503846300518,0
3.092689912594239,-2.2757677496317616,1
2.385503263880078,-0.40436287875256416,2
2.509749364287124,0.9908219337740849,0
2.2355833622565457,0.8510872543213907,0
2.202082945282036,1.0831025517684063,0
2.3305885527937975,-0.2994899346243335,0
2.2509988856092655,2.2214679850087524,0
2.724238873835591,0.5033101569756,2
2.374661209252925,2.0646444238172124,0
2.915848472456994,-1.9288826297755726,1
1.659561314241082,1.3496755263082298,0
2.1583671750857163,1.9542217564466564,0
2.1804650581288048,0.17829669297183506,2
2.17848426206088,-0.2004638248401689,0
2.2899914814101656,2.1894291931789525,0
2.136968499899577,2.00380754183941,0
2.9241955226652334,-1.9268152486131633,1
2.084930129764366,1.1065724436692899,0
1.8265595315032719,1.5929604165017923,0
3.0894899951317045,-2.2262948786170087,1
2.7025867373934305,-2.2756865443715646,1
3.1198916832878907,-2.45460110473048,1
2.900116157676384,0.2769807701590361,2
3.120958322442069,-2.4710920617353977,1
2.1372768543154135,1.8752176477335685,0
2.1732185200078424,2.3105423476546214,0
2.2947511245858316,1.6692752403252258,0
2.2256067398982124,2.649250569309554,0
2.7542322137612034,-1.8090362077830122,1
1.059101942090043,2.9505653473156244,4
2.4247031107313175,1.9385700567656823,0
2.1994923691488713,0.5233208067595445,2
2.251596267926203,2.072859675133417,0
1.8832260271083452,3.1132559209021506,0
3.014473081697594,0.7595482133001885,2
3.1022896649818414,-2.4241863626760205,1
2.818340661916382,-2.550304962777978,1
2.2392027835277926,1.9319740299530777,0
1.1730282430984513,1.4419804563302872,0
2.9648533817831226,1.1950921892341988,0
2.0658036658789123,1.8374158765503983,0
2.798383988618071,-2.010377923595887,1
2.1130885669757666,1.9484449782921525,0
2.4137206533006754,0.7728293384832579,0
2.259492123300477,2.222994497959296,0
2.798605365301977,-2.486908306713683,1
3.090556634285883,-2.2427858356219263,1
2.3805317539284943,2.074472719350447,0
3.118825044133713,-2.4381101477255624,1
2.7765073289308195,-2.368367688558746,1
3.1113585700544664,-2.3226734486911393,1
1.991810914674862,1.8776380925410296,0
3.035894448196959,-2.3226358686391415,1
2.0764473488491078,1.9283010131668314,0
2.306162992235361,1.5209601792159562,0
3.0990897475193075,-2.3747134916612676,1
2.348723413380822,-0.7913311092644284,1
1.6245879839985429,1.1732900177317886,0
2.655721111157807,1.1604835577261141,2
3.008192757756165,-2.0587804847045015,1
1.3131565890884491,1.8872960251660387,3
2.743230172482127,0.3444580885647475,2
1.9799363865050237,1.6548333579225396,0
2.8028719219186895,-2.552872134733353,1
2.080668791062889,0.283796785088002,0
3.096956469210951,-2.3417315776514323,1
3.0071261186019873,-2.042289527699584,1
0.9585335075341141,-0.34822410481373106,0
3.1177584049795346,-2.421619190720645,1
3.110291930900288,-2.3061824916862217,1
3.0294946132718907,-2.223690126609636,1
3.094823190902595,-2.308749663641597,1
1.105181259025253,1.6501132066988449,0
2.117786163000655,-2.1056466326164727,1
2.2028131663019037,1.866186366580524,0
3.093756551748417,-2.2922587066366793,1
2.763186317716263,-2.4625063225141104,1
1.2579900961754757,0.18361870588618923,0
1.8854814172190342,1.9501704549404901,0
1.6038172264391002,1.9875136056155238,0
2.0608570094077274,1.2003976946911725,0
2.3536185128309866,1.9693323835249865,0
2.8484630642295863,0.5153458473767967,2
3.049229909886296,-2.287086782673931,1
2.0011431693198447,0.008396669535722545,0
2.417165246497553,-2.42654439512756,1
2.1690593754145624,2.019691390920703,0
3.1022896649818414,-2.4241863626760205,1
2.0478678347257477,2.211243514398231,0
2.180826584286052,2.2880842273126882,0
2.289473046557825,2.7048788008534883,0
2.1328341997845333,2.3935238260723612,0
2.8028719219186895,-2.552872134733353,1
3.023094778346822,-2.1247443845801306,1
2.186834717781828,2.0807602955937208,0
2.0812672748432854,0.21808966899246007,2
1.6546360509510447,1.4086583385495994,0
2.9214971601418793,-1.9342184442269499,1
2.3329659012349038,-0.0805782227336331,2
2.0611236640685067,1.7795910436566835,0
2.0051637385163135,1.886523420772035,0
2.4965608970848043,0.4924968316938957,0
2.027965793093987,1.6954873494822154,0
1.867922685884523,1.7463906149180937,0
2.693576732994066,-2.2528934094723256,1
2.6669757528268714,-1.5549963348549694,1
3.0241614175010003,-2.1412353415850482,1
2.4565190534159775,0.3360867480262488,0
1.843472841096182,1.8511993494577341,0
2.758663942609851,-1.786663931443042,1
2.182618744188389,2.2352110131849425,0
2.645406749191381,-0.7366720061074208,2
2.3451838406894776,1.8782286817717544,0
3.039275247815136,0.5538687278628057,2
3.10922529174611,-2.289691534681304,1
2.0702035901910754,2.033716214989949,0
1.8648858278858822,1.6868221738501443,0
2.7943388086852647,-2.420944478694013,1
2.633762727728419,0.40966876246355877,2
2.128147479159619,2.2644713760329176,0
3.1022896649818414,-2.4241863626760205,1
2.1459187702845703,1.9311236563014487,0
2.1841212933406164,2.419287081059638,0
1.5525192033560675,1.4112688232694688,0
2.2818590846174707,2.1867023597249355,0
2.7963700243031084,-1.7761945775060866,1
2.8020065855392984,0.21809886723051364,2
2.774211530891221,-2.545215984572673,1
3.1156251266711785,-2.38863727671081,1
1.4996401305617317,2.1519162206094937,0
2.019499383028503,1.0893953474552263,0
3.1012230258276636,-2.407695405671103,1
2.7769781005296696,0.12916518317950457,2
2.78184052470171,-2.450822473583335,1
2.219963404092999,0.9876261036699632,0
2.2670256726589444,2.4961087064867526,0
2.1208158264017842,-1.0896856498067446,1
2.389979321047476,1.8017800335181426,0
2.1837420694403993,2.395918500206463,0
2.4605027921940783,1.2476870805521776,2
3.108158652591932,-2.2732005776763864,1
1.2171913050777923,2.02113885426436,0
2.3853713930992964,2.401112084417349,0
2.195206377272316,1.0115817035631922,0
2.783973803010066,-2.4838043875931697,1
2.7784576432530486,0.26899342261930664,2
3.0990897475193075,-2.3747134916612676,1
1.6050961679409823,1.5671587073386841,0
2.763171867241483,-2.403916774523957,1
3.033761169888603,-2.289653954629306,1
2.4201364920401356,1.524598383357969,2
2.2194665176203032,1.8225709394810319,0
1.8050116042354427,1.7245124837505288,0
2.5522905059856695,-0.380806216433633,2
1.9872496960105517,2.093445605720989,0
1.9261417627057968,0.05726656068223691,0
2.6657932427886126,-0.19885332205537118,2
3.0894899951317045,-2.2262948786170087,1
2.1648547926487485,2.40450725835746,0
3.1001563866734854,-2.391204448666185,1
2.04048163755485,1.3402971061221916,0
2.1888174074077558,2.3420037724354397,0
2.3541643027490835,1.8384945031718067,0
2.8808134900333604,0.21010315193070656,2
3.112425209208644,-2.3391644056960565,1
2.7052622415837444,0.6330815771444475,2
2.9683685975067644,-1.8855364586655337,1
2.450075773180613,-1.902666844113083,1
1.4190783314875965,2.0459566509142753,0
2.1116450282027976,1.3848353447684483,0
2.789680270888914,-2.5426488126172977,1
1.304678096306238,0.6381865342566817,0
2.1119437237723915,2.654221325755444,0
2.9313492804503314,0.44750440025319843,2
2.77505107852804,-2.378194544767595,1
2.9394137649391383,-0.7567838565597089,2
2.3105327307316155,2.338911040470448,0
2.1166319598390313,3.0407479391204,0
1.2432195086399496,1.2640165565093018,0
2.112810471118939,2.2290559304907087,0
1.5157184854680452,2.2294961536809463,0
1.819741931679143,0.7633075658711028,0
2.2005964437916026,1.0809421643356143,0
2.6963416890853678,0.5018999665428283,2
3.1220249615962468,-2.4875830187403154,1
2.401052052399778,1.763891824078653,0
2.40563316623831,1.8456992933373626,0
2.0555369047545016,0.0465693614933214,3
3.116691765825357,-2.4051282337157276,1
3.116691765825357,-2.4051282337157276,1
2.2407785937520055,1.6449007940049536,0
2.23228430675182,1.5606605034919812,0
2.0203028849902536,-0.746722397490909,2
1.8928130329598651,1.2999438684250568,0
2.243881054781963,1.7351874360898627,0
3.0575339517790905,0.9800510391158821,2
2.8055409920662453,-2.3524134787189666,1
2.048976459339384,3.1364506510278507,3
2.6228800910819356,0.39083142775359986,2
1.620697743621652,0.5342579716042449,0
2.193770896080128,2.313305331345028,0
1.9656150439519033,2.494283983841459,0
2.3191171553065444,0.1482506717502217,0
1.9401390966546397,1.745568833896405,0
2.1535161307621653,1.8262446715280614,0
1.9833607967197444,1.389633596169442,0
1.9709589590905083,2.301879581781458,0
3.092689912594239,-2.2757677496317616,1
1.8237711604163354,1.9170051187771207,0
3.1012230258276636,-2.407695405671103,1
2.820708167922799,0.35106593792979446,2
3.010484729122277,0.36749284460495946,2
2.5192511698760804,-0.9593005324403833,2
2.076816873634,1.5440279178191207,0
3.096956469210951,-2.3417315776514323,1
3.0724913161639127,0.4441924406699832,2
2.270114196269629,2.040023761880774,0
3.1001563866734854,-2.391204448666185,1
1.5601872543940467,1.7011272450946002,0
1.9057503841470524,1.1118504309966046,0
2.2277083586107804,1.9061451675342207,0
2.7985411225221726,0.12726237125609427,2
1.7717353187877232,1.922684136051536,0
2.182838447114236,2.5825197361171117,0
3.1220249615962468,-2.4875830187403154,1
2.2326732053820253,0.9780134647422492,2
2.726876952746204,-2.302903027652216,1
3.1022896649818414,-2.4241863626760205,1
1.8318651795880905,2.3004251245590472,0
2.385433792389381,-1.9661766027731218,1
1.6782132098316191,1.6442598255262855,0
1.4464082036289354,1.3009793104307037,0
1.3652859419719405,1.6318202240327864,0
2.55974198698287,-0.6066768976803487,2
3.0990897475193075,-2.3747134916612676,1
1.7032707798137412,1.651032886578538,0
2.3804321360757337,2.113601278288647,0
2.879344387734292,0.35475705496411725,2
1.7535294240803885,1.6172118475537176,0
2.3739797337348048,2.0491443885919067,0
2.1964112711055486,1.132250644946002,0
1.1428678786360993,1.6348075835630524,0
2.4037911258672398,2.1416959012346184,0
2.3649428845844818,1.0080830086963277,0
2.001400648704191,2.0126863876730634,0
1.7834851678495167,1.9551613117098239,0
1.77800774088024,1.53995014218622,0
2.063836506635136,1.8981335479472885,0
1.9579792242081056,0.6823871206426867,0
3.1113585700544664,-2.3226734486911393,1
2.1110856267905604,3.3353293294877853,0
2.5788091367186077,-0.8223158815038121,2
1.7036339464940702,1.8380804021139312,0
3.112425209208644,-2.3391644056960565,1
2.7834144456499916,-0.8447452301505752,2
1.901102075141502,1.665976616852534,0
2.2857008651650252,2.790577950608837,0
2.3232550043455613,1.5626847030330673,0
2.394041581045469,1.9415662085206589,0
2.9762087261028154,-1.840834960920846,1
1.9773428898254448,0.40910537682456,0
1.5845661041108197,-0.19134775561423806,0
2.2194836662515547,0.9277943378201405,0
2.1787932950625373,1.410862634800477,0
2.200019088971025,2.193176246553698,0
2.6911450594541035,0.021936405953773885,2
3.0262946958093564,-2.1742172555948835,1
2.0895590175549232,2.2440281086432425,0
2.759873223561202,0.22564339817199036,2
2.995252538944822,0.37627400703238345,2
2.7084087908990044,-0.1838911620016809,2
2.43583390395778,-2.473450094186937,1
3.1001563866734854,-2.391204448666185,1
1.6830806976121624,2.0704347529190885,0
3.0627413092070537,0.19106767375461822,2
1.7552224205228344,2.14414964080847,0
2.4435006141333404,-1.8194994655968741,1
1.984313531721235,1.681841452786276,0
2.4398932510889564,2.2987110510704434,0
2.800738643610333,-2.519890220723518,1
2.692753844369342,0.7517212409509095,2
2.8440283699191418,0.5539272561898805,2
2.5079419145332684,-1.9336311986779264,1
2.7088110469842235,0.8412620989532027,2
2.8076135990153928,0.5499615311689847,2
2.78648035342638,-2.493175941602545,1
1.916901837369051,1.7135137979860513,0
3.1177584049795346,-2.421619190720645,1
2.78184052470171,-2.450822473583335,1
2.7133120296084714,-2.3162900655366205,1
3.1156251266711785,-2.38863727671081,1
3.0252280566551786,-2.157726298589966,1
2.208146881310482,2.159326012053976,0
2.0195144979532405,1.9113586032519905,0
1.9017135148963642,2.273178063200681,0
2.8606769379480523,0.3417018257067832,2
1.8903076872496767,1.466546571151963,0
2.0768664026809214,0.6708750614222689,2
1.759992125037789,-0.1766298024352176,2
2.6001204846982207,-0.19320101048935742,2
2.303033981306905,1.9770240244103543,0
2.3608359677452384,2.1067664436605704,0
3.0117598438504243,0.13425893786096318,2
1.2756431303475466,1.092475802094983,0
1.6053299994455117,1.724154224971738,0
2.7786406072391756,-2.401349602568582,1
1.9753771359733572,2.385867699574498,0
2.242507605960099,2.246850479793842,0
2.8911644884340784,0.45739860009635874,2
2.2302635713393886,2.2551309810627327,0
3.091623273440061,-2.259276792626844,1
3.120958322442069,-2.4710920617353977,1
1.9570692891035293,2.54029325717572,3
2.0711151518713597,2.2672768742595,0
2.098804510687236,1.781392594778147,0
1.263023973747029,1.682658646791304,0
2.0780906801541086,-1.2993977693160936,1
2.791929714062865,-0.023905924698294972,2
2.338995579906823,1.7049126198821396,0
3.0270458430495397,-2.2678271831730115,1
2.0456522250785913,0.01313179201257314,2
2.0982812930057992,0.014881480344034831,2
2.725805544003501,0.7682471066761983,2
2.9341285801645816,0.63383897477355,2
1.9397897067698964,1.0402662527129383,0
1.348746745513565,1.9234464326568683,0
2.144273537638779,1.9022470025547236,0
2.469424462043922,-0.55369492615084,1
2.3415761384374694,2.6331922578218703,0
2.6078476036180143,0.5720748655872929,2
3.104422943290198,-2.457168276685856,1
3.1012230258276636,-2.407695405671103,1
2.043054775833938,1.6441555023328929,0
2.4704733600426865,2.009570448698667,0
1.7990474118675317,1.5248628626859693,0
2.157555128526476,1.0184930258193519,0
2.8866786121543937,0.2378836928937349,2
2.15930911371955,1.2707800973765562,0
2.7355842467892577,-1.6520872876920372,1
2.810540257600763,0.09288896696520138,2
3.1198916832878907,-2.45460110473048,1
2.840681723865223,0.15647218592602918,2
1.0747729137829172,2.3350725536197374,0
2.0001706363371765,2.031697517012905,0
2.6927710895981134,0.6176034854750222,2
2.9536340246698125,-1.1602105154204994,1
3.032694530734425,-2.273162997624389,1
1.9571515842394922,1.1510128145713652,0
2.2885144179503367,2.2907656075028506,0
2.171532221986724,2.353624349701877,0
3.031627891580247,-2.2566720406194714,1
1.728486814436801,1.8852594786317245,0
2.1598652867998736,1.7199380440261314,0
3.090556634285883,-2.2427858356219263,1
1.8947215154677748,-0.3380374455241901,2
2.340526605904857,-2.2740473997248007,1
2.92386815344711,0.7370074474582442,2
1.7627209326421938,1.6437909642751571,0
2.5044198305096574,1.2985654412512724,3
2.839228697541842,0.494659123475041,2
3.024490680803906,0.5362344638373827,2
2.0679014613624416,0.838409787826901,0
2.8721621546959883,1.3317447311626216,2
3.1070920134377538,-2.2567096206714687,1
2.854781645081378,0.736133624705377,2
2.876583900567278,-0.6112292517119181,1
2.1178009953061854,2.1319976037087716,0
2.241210328389052,0.7432868309253063,0
1.7850756793914424,1.3129035546433294,0
2.1311491673944416,2.3733817029404,0
2.2303768706506535,2.550138123169942,0
2.8087409095287796,-2.4018863497337195,1
2.714326291364028,0.23593594145461658,2
2.5372540888573334,0.07117681097659961,2
2.1019133015422162,1.823507093917255,0
2.7169829677675703,0.43330455681544316,2
2.471901563371008,-1.9922590026275329,1
1.914126505640891,0.1298529836552348,0
2.913970223899521,0.29556688376663853,2
1.8354283853030724,-0.39419495848820774,0
3.120958322442069,-2.4710920617353977,1
3.1001563866734854,-2.391204448666185,1
2.1935198998371273,1.3013936239713895,0
2.207857399533201,2.1499362507365745,0
2.7090454729917592,-2.25032623751695,1
1.9564692768962821,1.9189072036029482,0
1.891850295534974,1.8560743040854963,0
2.1204543363878305,2.265312083461335,0
1.949010343129725,1.4406678451573702,0
2.5506597162817792,-2.1783362566442617,1
3.0305612524260686,-2.2401810836145537,1
1.8733123242489762,2.7875227748481137,0
3.095889830056773,-2.3252406206465146,1
2.6056032993467886,0.538513669368549,2
2.9354220193198937,0.3221156383031491,2
2.437967182266136,-2.5064320081967724,1
2.18094455332119,2.906301390425088,0
2.1063058562749224,1.7902798050023008,0
2.2359822727832506,0.01882877926793214,0
2.362107978118481,-1.093176868789665,1
1.3003355342070886,0.6810950344113298,0
3.049229909886296,-2.287086782673931,1
2.0848319805531106,-0.4496332506437001,1
2.5090855842269977,-0.06714220422423249,2
2.2569088621052873,3.472566090098306,3
2.8492850250532813,0.467390037542531,2
1.819485217500217,2.0511371179001476,0
2.880854074998723,0.1633119417924221,2
1.754864003596412,-0.3693616951636981,0
3.110291930900288,-2.3061824916862217,1
2.288982352680255,1.8427408090174415,0
2.3393689361131544,-1.681549332013033,1
2.0691538702046195,1.639566651752465,0
2.6151727381410117,1.133589315078879,0
1.7967889211995753,2.1783806177817024,0
2.579028945429773,0.6465207331457887,2
2.1143607765365355,-0.27663895536333155,2
2.331249383309328,1.9079343717678856,0
2.3349128617439847,1.6406266247921097,0
2.8463678724275585,0.6815326219944372,2
1.930252977051649,1.0614593281753204,0
3.079957790243159,0.32875574163555965,2
2.29901850653003,-1.2152762914997361,1
2.4007978978578777,1.761144536257012,0
2.6789319217550824,0.23750008181075175,2
2.780470683090563,-1.748197591748949,1
2.6785589014431297,-0.2668221647658736,2
3.1134918483628224,-2.3556553627009746,1
2.051706672554315,2.137973990316788,0
2.0181331846183728,3.456721935663773,4
2.2335256990251753,1.5444798159953097,3
1.8774607267046215,1.7316444217504814,0
2.1506820792300445,1.5211698967868053,0
3.118825044133713,-2.4381101477255624,1
2.3213359156254483,2.185951917017105,0
2.839383875933205,0.5477770575051618,2
1.642790230967838,1.1057275943381562,0
2.1746095368252245,2.2272251710118036,0
2.228127233807442,0.6619082680943781,0
2.663149938498428,0.5895707482238596,2
2.840319268423076,0.5752539255905327,2
2.837289303994688,-0.20118151445896745,2
2.1610144150065054,2.175184788402676,0
2.5526470502985874,0.494316155428992,0
2.0999058482422646,1.9779226609475395,0
1.684926456678381,1.1398254933089917,0
2.534077046072742,-2.095973596771727,1
2.182888361493708,2.6947893985090423,0
2.265096489294245,-0.47786087324388,2
2.3815621981535027,-0.014686049195885231,2
2.798383988618071,-2.010377923595887,1
2.2315382260168,0.9503402405168585,0
2.848942509236446,0.43350230033797293,2
2.3621663545420026,1.1986935075225933,0
2.2122990265286377,1.0524041537150826,0
1.7246298395231874,1.888647216611321,0
3.0524298273488304,-2.336559653688684,1
2.025792704403103,2.2302535353587114,3
3.118825044133713,-2.4381101477255624,1
2.3681513017367397,1.7112985005767327,0
1.9323579665768238,2.0373918617061806,0
3.108158652591932,-2.2732005776763864,1
2.1929590859235164,0.021909427757772992,2
3.035894448196959,-2.3226358686391415,1
1.8063270702065306,1.648917857626779,0
3.0172826559025263,0.08827663959361184,2
2.749909343385425,0.30353665330615986,2
2.065672687438417,2.0406908628059983,0
2.798605365301977,-2.486908306713683,1
2.35067048106319,1.6858388562920372,0
2.5132981626323225,-2.060831552767603,1
2.359633203752575,1.7747109784597717,0
2.19735052064118,2.210076116396099,0
1.4919452942433673,1.7221795006485272,0
2.7769561809390093,0.25375868350883585,2
2.7444789710522532,-2.333317769706676,1
1.7629550159750578,2.036997823581113,0
1.618469811882355,1.4728670504164163,0
2.3457767206355338,-0.8660539501585032,1
2.6738430715716985,-2.161350791200648,1
2.1847437798901006,1.5853009804799834,0
2.3700529167424853,1.200771503481517,0
2.969087964074267,0.05479928585463151,2
2.150926334754502,1.3590817894184284,0
2.011262667270547,2.1179084992924624,0
2.239545461822688,2.507302801923107,0
2.3486425440087055,1.7937421986925437,0
2.068452744316727,1.06279773457208,0
2.8087409095287796,-2.4018863497337195,1
2.7586293007590283,0.35765295904166233,2
2.2162546627332613,2.0308388143179603,0
2.3665824251779375,2.0618066990515773,0
1.4254806935131092,1.6332652191993513,0
2.7967902786271415,0.42915161087135967,2
2.0287339628640493,2.1574995078823345,0
2.1875246624735154,1.7487129089976499,0
2.532611588762335,0.6594336326124272,0
3.116691765825357,-2.4051282337157276,1
2.44877115570553,1.5018174204969093,0
2.286287469978664,1.0269324746236816,0
2.1389643900109947,2.0434169292570616,0
2.3118735068856195,1.121756033080832,0
1.6784987623800374,1.5253891642160744,0
2.3977761053409705,-1.0916237654638543,1
3.1113585700544664,-2.3226734486911393,1
1.7761796881181982,1.0012564522058476,0
3.092689912594239,-2.2757677496317616,1
3.093756551748417,-2.2922587066366793,1
2.8603631218350847,0.3732369206337485,2
2.3458200299421503,2.199616768562634,0
1.7376206498921933,1.8348584692977041,0
2.1620511037334094,1.4836493843975023,0
2.9673019583525866,-1.869045501660616,1
2.6692213936586353,-0.12955501650679163,2
3.0305612524260686,-2.2401810836145537,1
2.0019648912714176,0.9738274095228491,0
1.7625216200667113,1.0043220203939736,0
2.12038450292632,-1.1531526101237568,1
2.515408388612515,-2.0490678977123493,1
1.8080969510240927,1.0802686520516471,0
1.7624699973627274,1.613463506244402,0
2.7311435093629166,-2.368866855671887,1
2.711092720834516,-2.382589170180802,1
2.6251844726410365,-0.5565476184578249,2
3.095889830056773,-2.3252406206465146,1
2.2913952022093316,1.7861012757976027,0
2.799672004456155,-2.5033992637186007,1
2.1215463769484124,1.6996921806949028,0
2.4638417391099647,2.1941241422589637,0
2.256748574132911,0.8508870690249414,0
2.144755674989484,1.8172674087627816,0
2.0591043891804377,1.647736932380622,0
1.4978734489948005,1.6909343598544027,0
2.4312245990025816,-0.017632408587630877,2
1.2430960365642778,0.8535750028029851,0
3.0284279741177125,-2.2071991696047184,1
2.359408627011219,1.5269200991294907,0
2.0233709915668294,2.174281886398869,0
1.8397403936213192,2.6327308112115704,0
1.872319787014954,2.4911927304621844,0
1.7267390425657492,2.071324231451609,0
2.063802982809377,1.2065151115557466,0
2.450677755549559,-1.157709959081365,1
2.7337399828680153,0.24919485969433933,2
1.8518070989651538,1.03732450975772,0
1.548275085797026,1.6441891688310182,0
2.0320533395902705,1.2774273821959923,0
2.8357249144287393,0.030528228930036205,2
2.493324802716138,-1.9891168275475666,1
2.394245877664188,1.735816205498472,0
3.0980231083651293,-2.35822253465635,1
1.9602358600454777,1.4780275688165405,0
2.2722505106694517,1.3699568632459618,0
1.3230580831095502,1.9888546028354783,0
2.114045559420539,1.3184531189332083,0
2.8461696803777428,0.2496645221036866,2
2.0171979307493713,1.5362446163450179,0
2.70143570142725,-0.1628559734747503,2
2.3087714712925576,-0.8655486366747119,2
1.4500703869578095,1.144398177050079,0
2.203176815998251,1.8018087631881352,0
3.094823190902595,-2.308749663641597,1
2.7973173494638925,-1.9938869665909693,1
1.8952495307657828,1.9244888786276357,0
2.318077076224679,1.1982448636122751,0
2.481929311463867,-2.068263843975138,1
2.0967955835748113,2.0743283917766333,0
2.9116417832450376,1.3542919183063833,0
2.0388073271938096,1.2020080332488745,0
2.76354513934944,-2.3803064145234973,1
3.108158652591932,-2.2732005776763864,1
2.3733588525190195,2.112165307724225,0
2.724743674437848,-2.269921113642381,1
2.1218061796925056,1.8708928110510283,0
2.6742046383578,0.20903284202456834,2
3.118825044133713,-2.4381101477255624,1
1.8730658847527557,2.267376227577734,0
2.7954284641768203,-0.15676602544841428,2
2.963144770178703,-1.1736908292856842,1
3.116691765825357,-2.4051282337157276,1
2.0296786642738986,2.5914698378345356,0
2.197681813644637,2.043503799413585,0
3.1001563866734854,-2.391204448666185,1
2.406772920209989,2.0412336830288713,0
2.7736363818700114,-1.1482998146177426,1
3.1033563041360197,-2.440677319680938,1
1.8935232677273799,1.3096234214900067,0
2.2150236240090018,2.4249782735049625,0
2.9299226584497973,0.33569715981582526,2
1.4760034517629586,1.24046304601906,0
3.0252280566551786,-2.157726298589966,1
2.72901023105456,-2.3358849416620515,1
3.0374894653492936,-0.029911524471068235,2
3.020646008124471,-2.168881441143506,1
2.5672645433903933,1.361781767887819,0
2.6663361378078507,0.9743519002390304,2
2.0316492690048444,0.19818227707001504,0
1.3585996391652333,0.8134669807655605,0
2.3597252257633743,0.8701316526938379,2
3.10922529174611,-2.289691534681304,1
1.9870239972942567,0.7807999506930673,2
1.7311332105684212,1.9252043926982625,0
3.095889830056773,-2.3252406206465146,1
1.560033492394722,1.8451275526571393,0
3.096956469210951,-2.3417315776514323,1
1.7072140192580465,1.758051062863235,0
2.7839882534848464,-2.542393935583323,1
2.9670260608345314,0.4332979706455816,2
3.095889830056773,-2.3252406206465146,1
2.0663681326279697,1.9657433008900576,3
3.090556634285883,-2.2427858356219263,1
3.1156251266711785,-2.38863727671081,1
2.2891295540453402,1.6047822904314633,0
2.0788897815353375,1.6761236843449834,0
3.068852776042983,0.3293660402961755,2
3.091623273440061,-2.259276792626844,1
2.632422503948035,1.259522997247646,2
3.0424751652776703,0.504395856848053,2
3.1033563041360197,-2.440677319680938,1
1.8009444135704529,1.5819409829523086,0
2.1348412476278655,0.6390319875176836,0
2.3834179086074143,0.8995468251177812,2
2.3969178507204516,1.8130321761664816,0
3.1033563041360197,-2.440677319680938,1
2.3691174653084137,1.2583570975693323,0
1.6195630502119023,1.0022575585144067,0
2.2548250900164475,1.211170276619301,0
2.8028719219186895,-2.552872134733353,1
2.938167795103954,0.30004171468973395,2
3.10922529174611,-2.289691534681304,1
3.1134918483628224,-2.3556553627009746,1
2.0450988960201797,1.449275939503048,0
3.091623273440061,-2.259276792626844,1
2.0489162304510535,1.971761731132831,0
2.089939606969666,1.4488636023308012,0
2.0726306009973157,1.1784020660906358,0
2.040928242447883,0.006695853662194122,2
2.3729042923104444,-1.9628678986155972,1
2.703567059364763,0.6223639543423015,2
3.071977260801643,0.12187521583627636,2
2.79913934055079,-1.7951032908083264,1
2.7932703529407,-1.9460890758079603,1
1.9224777930401586,1.7815792685427692,0
2.421518207660668,-2.5826506545131407,1
2.2175438165695973,0.055415754946262163,0
1.9786490849559148,1.1915942677445779,0
3.092689912594239,-2.2757677496317616,1
3.0438967141154056,-2.204631997649343,1
2.3207031559441615,-0.25681681328596345,2
2.154747561352241,1.9413130525498694,0
2.8169594099840234,-1.9533640396648517,1
2.2640931866190344,1.7735046974755593,0
1.967069684890747,-0.5483183499295272,1
2.4248006852073325,2.2732343250273424,0
2.7143786687626497,-2.332781022541538,1
2.6899753583389545,0.2541871253773766,2
2.6182493058441745,0.6566387119716595,2
2.264878291896811,1.9685800714372939,0
3.1070920134377538,-2.2567096206714687,1
3.092689912594239,-2.2757677496317616,1
3.1001563866734854,-2.391204448666185,1
2.81407410529967,-2.4843411347583078,1
2.9264768116980826,0.4568328826613639,2
2.0988703473605703,-0.4740758087911926,2
2.059806156298888,1.4867689393471508,0
3.0894899951317045,-2.2262948786170087,1
2.390389844936135,0.24112087517008207,2
3.016566764077401,0.05047031233060942,2
2.797538726147799,-2.4704173497087654,1
3.116691765825357,-2.4051282337157276,1
2.2295068392164374,2.047373950700981,0
2.040762238094117,1.1938859728959652,0
1.4861651245561172,0.775840896113044,0
2.074042935357659,0.4042468090675388,0
2.6742046383578,0.20903284202456834,2
3.10922529174611,-2.289691534681304,1
2.190830039803874,0.6493508681212001,0
2.534645970472982,-0.013203250454516507,2
3.1220249615962468,-2.4875830187403154,1
2.33298313692051,1.106246568206815,0
2.1721245414420745,1.8221460852210556,0
2.780773885547532,-2.4343315165784167,1
1.437234486622418,1.0577559128149912,0
1.4714660658166991,1.396788969404431,0
2.0232930992219824,1.9058098277683762,0
2.393385677073918,0.18513865037005883,2
2.8438898301175954,0.43001398386963074,2
1.9982972242876023,1.6558957596262596,0
3.0273613349635347,-2.1907082125998008,1
2.7616516980437784,0.8302157661760524,2
2.646582259280165,0.4812559663692772,2
1.9058962091561826,2.0603163311251076,0
2.6929081900394487,-0.1587996570804085,2
2.964821407457555,0.12076311387430211,2
2.9813512064974295,0.7619608245892194,2
2.378324886750604,1.7781456986681112,0
1.9596234366268221,2.0450233927800676,0
1.8384656170524996,0.06856436382908454,0
2.7071139855152193,0.4771707325298341,2
1.6351224181180999,1.9951078546143108,0
3.091623273440061,-2.259276792626844,1
1.7276163883825335,-0.5583692098391824,2
2.780773885547532,-2.4343315165784167,1
2.2489592197789032,2.134109520633706,0
2.836026104000695,0.4359233852000818,2
2.350892709968407,-1.9302076347258506,1
1.7353013387101033,1.0787239566254179,0
2.3953293975993226,2.948281523872599,0
1.719847839680988,1.1232886145594458,0
2.8944079200584447,-0.37845040129886254,2
2.2681173103998273,0.9104096655008681,0
1.844236961229424,1.3545795832212326,0
2.0539598598871684,2.297071928570666,3
1.9135894161906026,0.5570163353610756,0
2.0662103034666037,1.9522544327947322,0
2.6865700449672314,-2.295567003582152,1
3.1145584875170003,-2.3721463197058923,1
1.7052115447591205,0.8921122224423668,0
2.2418706771956733,1.5147497078410002,0
3.095889830056773,-2.3252406206465146,1
1.4437722652301224,1.8410119685102173,0
2.4220102203644194,-0.9226621318478412,1
2.8881750152630965,0.32145594155250873,2
1.970005083320277,2.3133273858998127,0
2.086344857101572,2.1548943108126757,0
2.2688900074228955,0.2244583910427807,2
2.3454665167328352,1.802272871222728,0
2.3754015840642637,1.8898289428841681,0
2.409330421595686,1.9032837917540215,0
3.096956469210951,-2.3417315776514323,1
3.104422943290198,-2.457168276685856,1
2.146554163026085,-1.9543612942953779,1
2.165366446849591,2.0194249041350294,0
2.750878805977322,-2.4322635117361817,1
2.2007041110628154,2.0657711191917203,0
1.8811595605483793,0.9652271792204483,0
1.540240378742705,2.846778800800051,0
2.2905428101377745,0.06345453848022414,2
3.149170829965416,-0.5598547532586193,2
2.430297632677235,-1.0754100039714083,1
2.1726530025543527,2.3989697088239477,0
1.4485243619798054,2.2283591817992097,0
2.087873876876575,2.175156430674618,0
1.8230580704293287,1.9073524558458534,0
2.2610541925586976,2.282415160844976,0
2.4291721890927978,2.092154233586677,0
3.118825044133713,-2.4381101477255624,1
2.9582726470256664,1.0552052833673295,3
1.7117605158130096,1.7083558800931766,0
2.39446864299509,0.7692673347501114,2
1.994192437528431,1.6962731504770554,0
3.0428300749612274,-2.1881410406444255,1
2.7686831575724473,0.3296101288895858,2
2.128946795061185,2.2167427597896543,0
2.4452039807902755,-1.836482035504638,1
1.494326386433088,1.5184877430857067,0
2.7886136317347363,-2.52615785561238,1
1.992851027117843,0.643818131206731,0
2.43043775046168,-2.004531287606506,1
2.202684119204696,2.06323070400055,0
2.4343453002690834,-2.6334641176249893,1
2.2150088191503228,1.6047357602773304,0
1.7409006449337785,1.9201299806579644,0
2.439919101823371,2.1970110505677374,0
3.0842243468598713,0.26279191361588927,2
1.5159242210985262,2.0526102875546397,0
2.3648364761773406,1.6126476336296183,0
2.7197118645335396,-2.415235807566126,1
2.0030403999954975,1.1266052329801535,0
2.0514376044743585,2.216031544700907,0
1.6005781831889598,1.5933920940658775,0
2.20389065151663,0.006176677205162498,0
2.8280653311056483,0.5049329407016548,2
3.112425209208644,-2.3391644056960565,1
3.110291930900288,-2.3061824916862217,1
2.1507317456257065,2.359728886553642,0
1.6793357155696347,1.533884503919512,0
2.8454525064338507,0.6207474965355626,2
2.782631153990146,0.22829247495769683,2
2.148071554870972,1.2794155974578458,0
2.647204501478942,-2.0822617959018657,1
2.815576608598848,0.382420928978947,2
2.1176307692085317,2.1886624799141345,0
1.761940843026052,2.2389778002712077,0
2.2225386246307357,2.3991616339905635,0
1.7796354874764118,0.777813785737141,0
2.4196748462423336,1.7830949180383646,0
2.1644281427749466,1.0061403674953382,0
1.3006148832332174,0.9843570691720881,0
1.6922484257822137,1.9283342123227545,0
1.9799620424586344,1.965924404107867,0
2.9289031720580145,0.06469348569779193,2
2.357364220211618,1.7890216321570538,0
3.068366489744909,-0.35690724015454056,2
2.0723596246220777,2.014002604886054,0
2.3968211275664015,0.24724121937819152,2
2.1796051407037833,1.6518477833934213,0
3.1001563866734854,-2.391204448666185,1
2.326620111598729,1.084755065389221,0
1.4631924205913953,1.8178674240551516,0
2.0435556836387057,1.1154186660306193,0
2.146670133422709,3.413262448050546,0
2.448815713769325,1.4507665705543604,0
2.9692620387136346,1.2347212083760681,2
2.5235763254784755,0.07360859822991175,2
2.3480906333625597,1.8909800239728187,0
1.7854452786403097,0.885055374735249,0
2.752272902591432,-1.6273935289863632,1
1.6986431035967355,1.8284585380675558,0
3.110291930900288,-2.3061824916862217,1
2.832182890541185,1.1642249204625033,3
2.7731510231581082,-1.7680607338915981,1
2.0870607832331216,1.8107905541083371,0
2.79913934055079,-1.7951032908083264,1
2.211697141694126,1.5773459891290442,0
3.0385005934279232,0.10483955598315303,2
2.549615470474946,-0.5424980126033995,1
1.8930555740406576,1.080613044209867,0
2.2170006794779167,-0.023232891706808312,0
2.6971499225645577,-2.2787559204866183,1
2.082030482004768,1.3197720762757637,0
2.346365553654474,2.3758708812631113,0
3.0990897475193075,-2.3747134916612676,1
3.1683587258406685,0.049537713794546356,2
2.3966124943714484,1.8347845736162998,0
2.0271576489008543,1.9820136308009055,0
2.986489356241926,0.8772147165080881,2
2.0150608473713985,1.5847592674986477,0
3.007310546435134,-2.2044305271087166,1
1.6487059481733413,1.7343530091522315,0
2.20478147136451,1.300418754483178,0
3.025678253338524,-1.0360571537761736,1
2.6590287229786584,1.4110114762033799,3
2.4412075758853113,-2.5646857905242397,1
2.2269135442759236,1.4093773664287954,0
2.2145096556831945,1.4541459622306878,0
2.7893392695070474,0.5412421054086343,2
2.421621213309904,0.4240972559330199,2
2.4416245164553514,2.1137942682102993,0
2.1650770614696353,1.6837145771107158,0
2.7713548528828484,-2.508123600295132,1
2.72370863024493,-1.6242459162911835,1
2.328168848255719,2.5640455779223896,3
1.7898779547304609,0.3824492708883084,0
2.755529209679526,-0.05929053385012466,2
2.139313758339732,2.080380424278673,0
2.0214928870023,-0.5276353694482759,1
3.091623273440061,-2.259276792626844,1
3.1022896649818414,-2.4241863626760205,1
2.154645684312721,1.644992111399273,0
2.81011291480517,0.3392224153447678,2
2.0952022149731304,2.273939473938559,0
2.8018052827645112,-2.5363811777284355,1
3.0241614175010003,-2.1412353415850482,1
1.7738376447099404,0.41445513885632607,0
2.6958725860446333,-0.054112278556151916,2
1.5285757357716112,0.6803509709360906,0
2.0095273677668186,1.8781233981233219,0
3.1220249615962468,-2.4875830187403154,1
3.1113585700544664,-2.3226734486911393,1
2.8924235318415303,-1.9534016197168493,1
3.0179512032015237,0.2520561455705363,2
2.0710344660354174,-2.4875719695188794,1
2.5351436852269202,-2.1124645537766447,1
2.0813094720203305,2.5108991037377058,0
1.5403845612085503,1.7963433460335403,0
3.0990897475193075,-2.3747134916612676,1
1.2376591228189378,0.9228462063514634,0
3.1001563866734854,-2.391204448666185,1
2.18901116896409,2.060261971580818,0
2.209303262202183,0.5974576713465574,0
2.869497211596628,0.032490989413090615,2
1.7594291205177999,2.1477096660557877,0
2.017058867280138,2.2696836660750246,0
3.1156251266711785,-2.38863727671081,1
2.4142417966188434,-0.7890131769569962,1
3.0406967966528713,-2.15515912663459,1
2.81694138949289,-0.013176075377990676,2
2.811669294748657,0.8110642904349712,2
2.024519598680757,0.12693720901914818,0
3.1156251266711785,-2.38863727671081,1
1.4239316135563962,1.6716384383191492,0
1.4073984264396295,1.938634127694547,0
2.2682898666482627,0.21108894802375408,2
2.8348469844769646,0.7908236540322455,2
1.4405721544251877,0.8766225537276366,0
2.979516341257608,0.07052079817759829,2
2.331506348927026,1.9954213761495883,0
2.95887821356199,-1.1077270012660136,1
2.1419120685940443,2.5047423067450736,0
2.368020856724946,2.04829534450133,0
2.0711456550384297,1.532548339353512,0
2.5255439328393177,-1.9640459407323863,1
3.091623273440061,-2.259276792626844,1
2.239079430048709,0.9630331538666761,3
2.833729230766344,0.3779647411962039,2
2.096150683527005,2.2464240432215683,0
2.770686844036728,0.47835772419710876,2
1.3426713278664688,1.5565702536509278,0
2.6511757935209483,-0.7646624246328919,2
2.2611163951411144,1.2752754693513801,0
2.1640714632485456,1.3032577340989497,0
2.7546532044828385,-2.330578666474769,1
2.7396200175906227,0.3703536168454197,2
2.287579519116654,-1.2776762646431976,1
3.0460299924237617,-2.237613911659178,1
1.894407342718578,1.3157264034441951,0
2.2246567535612867,1.1232560473373525,0
2.5049930077915485,0.24110051692001194,0
1.9941259371369735,1.3806549581945515,0
1.9602374654504724,1.9319162686484448,0
1.9948660217201377,2.133990668480869,0
3.120958322442069,-2.4710920617353977,1
3.094823190902595,-2.308749663641597,1
3.023094778346822,-2.1247443845801306,1
1.8116043700928828,2.0580320255898883,0
2.6667734985794556,-1.231879395756183,1
2.2947046455635496,0.13996920420289896,0
2.8999542796318782,0.7987098210308928,2
2.233494164871224,1.536609934353443,0
2.495766328092384,-2.089590824638467,1
2.09090517483258,0.4556908209096528,0
2.0898821001279346,0.8899251343464418,2
2.8599217662851224,0.4074359865800249,2
2.72901023105456,-2.3358849416620515,1
2.197036106489726,2.393798639406293,0
3.0305612524260686,-2.2401810836145537,1
1.9806583651409824,2.318150050242311,3
2.8151407444538483,-2.5008320917632254,1
2.1462495207505103,2.010137182966254,0
2.970668263072325,0.24418368419487724,2
2.014586112230849,2.088113135837778,0
2.7871737204726004,-2.533277258607922,1
2.053517182090154,2.1083066867495557,0
2.1014127365718043,2.009146977110914,0
1.9413508746003918,1.8687779203981405,0
1.0191297040885483,1.145144782352632,0
2.3688174976290686,1.9513735552508154,0
2.140604059643447,1.8006905827812902,0
2.6142484422758594,0.39633313441603923,2
2.3490451282322944,1.7348897850700045,0
1.4486334563900498,2.1008380469402868,0
2.3425236223124206,1.2192522396219205,0
2.8018146647123925,0.1967458748594007,2
2.307284587025112,2.693765811323394,0
3.14472092187624,-0.8607215645535188,2
3.0894899951317045,-2.2262948786170087,1
1.9159827284907218,1.257236862553188,0
2.988267844860548,-2.031856315397443,1
2.47691799777589,0.6256412287537073,2
3.0428300749612274,-2.1881410406444255,1
1.9085518509749755,2.962672160114115,0
2.6353353364303667,1.0669431643420035,0
3.0262946958093564,-2.1742172555948835,1
2.8716304899049843,-0.0004909245967445741,2
2.826028315056648,-1.8518511256799708,1
2.605278530029199,0.5258712842657449,2
3.095889830056773,-2.3252406206465146,1
2.856234215714586,-0.5762383037677198,1
3.1134918483628224,-2.3556553627009746,1
2.2148886090667648,2.1060067027183154,0
1.5334956207850992,1.5175710224041077,0
2.081362590770398,1.2718781976226772,0
2.496648916548178,-2.0932378283049866,1
2.116744006826958,1.3897893791655385,3
2.3880414693136975,2.295345717399667,0
1.837209293760038,0.6953377606909955,0
2.0824641177687626,1.5333637634225497,0
1.6021388837538213,1.8466683479951151,0
2.062930349208258,2.3429773538505683,0
2.1720329538125167,0.08094883433157243,2
2.355887764928629,2.1101032996725335,0
1.7720188981479448,1.1979465352368994,0
2.004521646481795,1.7503750720708093,0
2.1319696173186182,1.7869306842822543,0
2.3655227507741716,1.3498059898362733,0
2.9573549333783085,0.23619981290872546,2
2.14586687581165,1.5279075396715653,0
2.390199151394282,1.921886382136556,0
2.931238248458564,-1.1202171595434618,1
3.1177584049795346,-2.421619190720645,1
2.710026081680338,-2.3660982131758845,1
2.7907469100430924,-2.5591397696222153,1
3.095889830056773,-2.3252406206465146,1
2.3130998186408966,0.21857513527450512,0
2.092461200645481,2.039898535018561,0
2.7073864757084976,-2.423009478186258,1
2.3120356442080157,1.195058406325943,0
2.8106982219032415,-1.967655975368167,1
2.88655454423144,-2.1043874047164834,1
3.052074917665273,0.35597724380379436,2
2.0645464278018593,0.4975873858941749,0
3.096956469210951,-2.3417315776514323,1
1.9074523245931856,0.9082550454473731,0
2.188539862070975,1.6110771821384318,0
2.40214959126886,-0.19058236981002624,2
1.8478311575505084,2.3758705144325587,0
3.118825044133713,-2.4381101477255624,1
3.1113585700544664,-2.3226734486911393,1
2.757542779890667,-2.478504225972607,1
3.0990897475193075,-2.3747134916612676,1
2.751311165917746,0.27551461262620924,2
2.8900978492799,0.4738895571012764,2
1.8201091123634563,2.4485220203727684,0
2.7807883360223125,-2.4929210645685704,1
2.052137604811239,0.8452794018770292,0
2.6893872775902286,0.4307495717941721,2
2.204883761334153,-1.140425589803034,1
2.007467802034184,0.08823398216487446,0
2.9560124595145925,-1.7673534483662958,1
2.4668406399569536,1.720211731689596,0
3.096956469210951,-2.3417315776514323,1
2.9872012057063704,-2.0153653583925255,1
3.1156251266711785,-2.38863727671081,1
1.9968804791670278,1.242318064183886,3
3.093756551748417,-2.2922587066366793,1
2.386072603005353,-0.13612983651983482,2
3.03857898940411,-1.0843120011644634,1
3.091623273440061,-2.259276792626844,1
3.108158652591932,-2.2732005776763864,1
2.5506597162817792,-2.1783362566442617,1
1.969691210040275,-0.28058211283663514,0
1.9231138970353385,2.51105266913215,0
2.3108679529320106,0.8006040635171823,0
2.5039881541043503,-1.98975289088533,1
2.512882909833467,-1.8793921344061957,1
2.040323070849868,1.3027817153945151,0
2.4923968104062464,-2.0858635482754697,1
2.748745527668966,-2.3992815977263464,1
1.953335075895984,1.3368866824479315,0
1.326266683000343,1.6121277755747232,0
1.44041123047431,2.2737750407057806,0
2.026106255106848,1.9265108492772247,0
1.5160926016147855,1.7697830360259315,0
2.8190926882923795,-1.986345953674687,1
1.8254719739018601,2.0735851773560197,0
1.4117734712664112,2.3923748448439137,3
2.876954791843837,-1.9559687916722246,1
1.9437587974376378,2.2235608670535973,0
1.9100602172175223,1.9001917472077077,0
3.093756551748417,-2.2922587066366793,1
2.143943344196087,1.7548966777850192,0
3.0044277560786328,-2.049692723313371,1
2.242593541624773,2.2763477540319776,0
1.9851949511385498,1.2441683385384017,0
2.015667509242321,2.70197121968259,0
2.3123198718077385,1.849873005611969,0
2.274551451889269,2.1673287597291275,0
2.4035515213410683,2.012463643756273,0
2.1550609308264823,1.9723389966764344,0
2.284832679910328,2.1346976348077917,0
2.07393234752623,2.2564779093509073,0
2.109744386684833,-0.4027476413231645,0
2.1855709390082123,1.3825140861988123,0
2.567002296719869,0.13195922820256983,2
2.3003182509931763,2.784957602887071,0
1.4893992765067021,2.0194282301855075,0
1.6722540708217255,2.036740548265624,0
3.0952382342441664,-0.5188798227769964,2
2.2494238651600256,2.5049354447108794,0
2.380641335615148,1.8491502924063037,0
2.7890056129143743,-2.338489693669424,1
1.8131522112892526,1.300171365418619,0
3.0990897475193075,-2.3747134916612676,1
2.0095464800602856,2.0403501248605673,0
2.860048521415407,-0.5973054666623759,1
3.1134918483628224,-2.3556553627009746,1
1.6100547946065196,2.073679942068842,0
2.520459319000003,1.3122799740031892,0
1.5986315737165717,1.7034327282451358,0
2.2000042290725492,1.9399550141709234,0
1.8762146069717638,1.9484940707938132,0
2.740212414435541,-2.2673539416870057,1
2.9217495280627284,0.5959230132974572,2
2.2660201582047597,1.3955298014772133,0
2.454175305281935,1.9505452177708587,0
2.481929311463867,-2.068263843975138,1
2.7049762143357765,0.6397607345419418,2
2.3214312852936674,1.9186066031402955,0
2.2504219896020228,1.5296114092524398,0
2.7476788885147876,-2.3827906407214288,1
2.1835892354214352,1.5868814656250039,0
2.2050850491666245,-0.25205292422574044,0
2.6110825829030544,-0.3535305533483927,2
2.2961776534968203,1.8844568605918874,0
2.7932721695310865,-2.4044535216890948,1
2.2448899945742617,0.6972003301095908,0
2.4829621951478202,1.2317747903073708,2
2.3236678379738978,2.0028129922043947,0
2.4481981465887896,1.7170491881328123,0
2.202481328990808,2.065645693827112,0
2.657706321940037,-1.1209106589593405,1
2.438513510473515,2.1567882321138696,0
3.094823190902595,-2.308749663641597,1
1.8100957014733403,1.6147560004177175,0
2.134214764312004,1.0212251907705012,0
2.117444938482018,1.7335895735613087,0
2.75358656532866,-2.3140877094698515,1
2.476981829715152,2.0183911149382427,0
2.073366391419875,1.0324879501257438,0
2.731297600612797,-1.8884238496877057,1
2.7354100659796288,-2.434830683691557,1
2.1368903925829783,1.6015792085285034,0
2.2486109882334455,1.9825959442569068,0
2.35008251925258,2.185191074919924,0
2.0808757554088606,1.8812455404898842,0
2.78009079909163,-1.9595596016701244,1
3.041756021966006,-0.0958753524907388,2
2.259372620828366,0.724507961800812,0
3.1134918483628224,-2.3556553627009746,1
1.2914389915767348,0.7923406440009068,0
2.2286601035371723,2.1347204924556595,0
2.7943388086852647,-2.420944478694013,1
2.342833249321538,1.8924550798276765,0
2.6509387176821195,1.2701391029813656,3
2.1749212062627903,1.5051788033643432,0
3.014941084315198,0.42200548560901896,2
3.095889830056773,-2.3252406206465146,1
2.1893465581081726,2.7521975555953926,3
2.9150368630536994,0.2790759267617209,2
2.926016084679441,0.5299591852777866,2
2.116333547851088,0.42085806946245746,2
1.8589343312845759,1.727955006545419,0
2.0851087683083036,1.1208877948391776,0
2.4301570981593428,2.4666995676103896,0
2.2538305808381227,0.5152634180537624,0
2.4446180349325886,1.8192195010698162,0
2.691703907371049,0.7645982970989067,2
2.1505402574156287,2.0192540545425786,0
3.0510082785110946,0.372468200808712,2
1.8354329590123117,-0.7598982555772316,1
2.476758263610776,1.2631300850494183,0
2.8631066465974744,0.46728061300541474,2
1.2977037550115982,1.8402755909653508,0
3.093756551748417,-2.2922587066366793,1
2.0901292410393193,1.909582260910957,0
2.169170745180191,0.977045451924491,0
3.0545631056571865,-2.369541567698519,1
2.0817702045990134,0.6883568568412385,0
2.371616680761645,2.1271100984821776,0
2.503562989225234,0.9020433064280916,0
2.0562716908307936,1.07139144546973,0
2.7926420648389105,-1.901122526154097,1
2.449953853523991,1.5050857985181718,0
3.104422943290198,-2.457168276685856,1
2.090634517866415,2.0731980599230746,0
2.2745646201155445,2.1394619408468847,0
2.7531166342752607,-1.5211897799417518,1
2.7764447241155112,-0.3633727845445547,2
3.1134918483628224,-2.3556553627009746,1
2.5733601991271873,0.7695160669907501,2
2.0316429430309237,2.033152313104194,0
3.0305612524260686,-2.2401810836145537,1
1.8459065646104977,1.780808298837588,0
3.1033563041360197,-2.440677319680938,1
1.9393757017937245,0.07984709072550714,0
2.4652403229649,0.2660883288819748,2
2.4473567674470793,-0.34691730701096635,2
2.042487439653798,0.681973810707558,0
2.3827012520923985,0.27538561973177883,2
2.9804951353544773,0.5930094823995569,2
1.5594722958014602,0.677561422487453,0
2.193510516033421,2.2341365265500968,0
2.2455392448578477,1.5025680836065418,0
2.17479293111175,2.0134739308678453,0
2.1906724001960862,1.5053619348418454,0
2.276151703851087,2.0792767015993445,0
2.4621958110850386,-1.8646975875923777,1
2.8493211510919756,0.5286927299503484,2
3.0980231083651293,-2.35822253465635,1
1.8330971827246962,0.574116246882388,0
2.7778477635247043,-1.7834868058180715,1
2.3597833890802256,-1.0827598553053586,2
2.9462612409679134,0.5051546929216377,2
2.9359438867291066,0.9584620246391042,2
2.113905648955561,2.033190835482582,0
2.692699868436872,-2.2792136369442644,1
3.10922529174611,-2.289691534681304,1
2.113304990984497,2.4769857436288354,0
2.763044196613705,0.09411408557211537,2
1.9904208084516948,0.30275483927986624,0
2.170820502698859,2.286036604537682,0
2.3882913277989215,1.7784134553668427,0
1.8932240017659225,1.0573818381189148,0
3.0451061939977966,0.25619515645413193,2
3.109823686560145,-0.13299105450213372,2
2.222347167100043,1.7973287638272302,0
2.7335360629468757,-0.1686999115319552,2
2.7954054478394426,-2.43743543569893,1
2.880258399495593,0.34844543758681,2
2.4385686119008656,0.7698358150199445,0
3.051363188194652,-2.3200686966837663,1
1.868585341443813,2.0214785613414046,0
3.1001563866734854,-2.391204448666185,1
2.217494565142587,1.1604536405659531,0
2.7829216143306685,-2.5259029785784053,1
2.693576732994066,-2.2528934094723256,1
2.197465035032021,2.0469068550876637,0
1.4998389383099744,1.3426027338867177,0
2.0655448113310513,1.925521234942499,0
2.082859420298758,1.5404542792248117,0
3.150225860219641,0.32988398287814563,2
2.2896661046557503,0.39346473172946617,2
2.2526250900715055,1.0308927187354842,0
1.739543292380157,2.1555193688821475,0
2.795175587553063,0.41033679064052275,2
2.20700711367106,1.1284714439137904,2
3.118293645068961,-0.42530535906364997,2
2.86309737667156,0.1314367314425963,2
2.247010209645745,1.7229975693719002,0
2.192885576283373,0.9677907969737315,0
2.179799877002944,2.235379529350135,0
3.112425209208644,-2.3391644056960565,1
3.0417634358070496,-2.171650083639508,1
2.0733287288240456,2.270420605484946,0
1.957088962333999,1.9469040653466254,0
3.112425209208644,-2.3391644056960565,1
2.3160169020485575,0.14877665780672758,0
3.108158652591932,-2.2732005776763864,1
2.313315717273393,1.9746050391080652,0
1.2012632702493051,2.0421173652243234,0
2.860964098363204,0.16441864545243148,2
2.2218982677597543,0.6902892523177035,0
3.108158652591932,-2.2732005776763864,1
2.424465500233588,2.397726807271873,0
3.1033563041360197,-2.440677319680938,1
2.363065162903833,1.1623268592152847,0
1.853500928623641,1.7916733803862332,0
1.3758503749818711,1.3023432501416579,0
3.1012230258276636,-2.407695405671103,1
2.6650294526186284,-2.3573608923009757,1
1.9625376989598042,1.990734765847943,0
2.84271057982833,0.6247605742284916,2
1.9574414495036094,2.620155517115627,0
2.4234350658288086,2.1969498134049377,0
2.720275297638559,-0.7437607151707418,2
2.2421228691128627,1.8206262256244228,0
2.395041786387268,2.0869071671022064,0
3.1156251266711785,-2.38863727671081,1
3.092689912594239,-2.2757677496317616,1
2.1464515050478608,1.939399388028559,0
2.536210324381098,-2.1289555107815623,1
1.7173691310853378,1.8727664527333883,0
2.2641784571388364,1.8360977436664863,0
2.46405116020787,-1.2456163562272653,1
2.084343514736191,1.3056116219402627,0
2.3764710356860475,1.5802198404986127,0
2.9424343517206664,0.23407788667006357,2
3.0683512211038027,0.38624210692471506,2
2.064966944614712,1.3180738890517516,0
2.842300956251915,1.3196743344985664,3
2.769571702166551,-2.5028625165534626,1
2.1724750211659463,1.5054956710581957,0
2.2111829831421117,2.3292372586930594,0
2.2579946080688993,1.333340667518153,0
2.4522907546422017,2.3461153458221986,0
2.4387705417793364,-2.4652847462952607,1
3.1145584875170003,-2.3721463197058923,1
2.3169498738365024,2.893193050596977,0
3.031627891580247,-2.2566720406194714,1
1.8984073435265505,1.3592113558607841,0
2.0604184403861683,2.3462642298863594,0
2.332159341020933,2.256446010898429,0
2.3623162700332943,-2.3382070178686005,1
1.931441057329545,2.5031086932539504,0
2.8438978718963543,0.4282739575311134,2
1.8488966077991729,1.6654411003622234,0
2.3367802950811054,1.8794871834564288,0
3.104422943290198,-2.457168276685856,1
2.724743674437848,-2.269921113642381,1
2.8194073010705605,-2.5667959197828956,1
2.4416721384586753,2.2831627158697168,0
1.9339101737918671,2.893633115583725,0
2.1325068358764034,2.039093778435135,0
2.79181354919727,-2.575630726627133,1
1.7846164998374245,1.7352835873099397,0
2.006043360474065,3.137470532760567,0
2.760010650712208,0.09824197363336168,2
1.9584294923246055,1.6153845783060339,0
2.045005238852129,1.4220143018212625,0
2.123486146497268,1.005968520983637,3
3.0629586908502966,0.6638369109780579,2
2.319127985521629,0.019909319414264694,0
2.372238066325491,1.3548441872869177,0
2.7578386714705925,-2.321461989499369,1
3.146219687113857,-0.8390654863224271,1
2.3532748512717534,2.0753677799815766,0
2.008752111055644,1.92612513917681,0
1.993347934037823,2.571353339779927,0
2.198607682594643,0.9264654740786482,0
3.090556634285883,-2.2427858356219263,1
2.051935055379213,0.8628183354914502,0
2.389517639254877,1.9489371719725295,0
2.1405862394102098,2.373259723375863,0
2.096251527529583,1.481353917567761,0
2.7834803328353757,-1.9725599859276404,1
2.1706134596414675,1.9528078147475245,0
2.9651565720608266,0.1874371333919343,2
2.714630461070863,0.653602644538262,2
2.01325550816107,1.960230907846841,0
2.094773763048954,1.94201942985731,0
1.8265511034577437,2.782196328826686,0
2.7753074390368675,0.8012756243067033,2
2.1759934593756447,2.509975395774168,0
2.2270228074249374,1.771431662417206,0
2.7706383413207294,-2.5193534735583802,1
3.0574081134361633,0.27352245877920633,2
2.2000985741582118,1.0550712251615932,0
2.0418048240145055,2.014542037505158,0
1.5539767481652456,2.31311370351084,0
3.014777020514381,-2.3198672261431397,1
2.219167568830089,2.4522391334751696,0
2.0765724069785025,2.019970844647926,0
2.712333401249942,-0.6164113103830859,2
2.3589152664674033,-2.3413988338167893,1
2.1601609163060367,1.8586814012813664,0
3.0990897475193075,-2.3747134916612676,1
2.2673230121609977,2.012947535320029,0
2.8556309025923134,0.24687343047701954,2
2.983255277728095,0.6618838026624931,0
2.5351436852269202,-2.1124645537766447,1
3.1156251266711785,-2.38863727671081,1
2.7598899544721602,0.5176139955875179,2
1.4440754203574055,0.7632720118732369,0
2.3607692727827443,1.8528373175952764,0
2.1677017037977597,2.202409452795577,0
2.158887263186892,1.0571970219461377,0
2.2194894541308585,2.007849162395051,0
2.440192050064562,0.4504199757666574,2
2.1065393918260003,2.1133441063268674,0
1.9978918024296959,1.091078935314877,0
2.4014397244390984,2.1236884680534596,0
2.796472086993621,-2.4539263927038477,1
2.748745527668966,-2.3992815977263464,1
1.6774147311590806,0.1998942295478193,2
2.792350429927295,-1.0351030016038192,1
3.0774038941865194,0.5975451011804993,2
2.2583733670351314,0.33937443462563305,0
2.512357474171048,0.19437259376230517,2
2.0938233021514487,1.8307639153553787,0
2.124253876698291,2.379606947350607,0
3.1113585700544664,-2.3226734486911393,1
2.18695743956372,1.1128280344887507,0
2.1733128150150307,2.5090426039757006,0
2.990590739450116,-2.028365742650042,1
1.941109177916094,1.5251123429101987,0
2.1129716539554364,-2.0569960918520147,1
1.9386288692182339,1.1030931048303914,0
3.092689912594239,-2.2757677496317616,1
2.1489208336573813,2.81996376707059,0
1.8747701045778753,2.5313043921701457,0
1.0340861986730343,1.4553447575137213,0
3.108158652591932,-2.2732005776763864,1
2.1403238507770554,2.5210573318625458,0
1.9803428871988973,1.667389669019634,0
1.8715936444350856,1.2725191134007627,0
2.252849041228264,1.8486920945303142,0
2.3689891117352078,-0.6676183100419321,2
2.366610461694851,1.8366020642608727,0
1.722038974244576,2.0375319886492163,0
1.8507509381752727,1.771244162558146,0
1.7563741292010229,1.86511710368897,3
2.422881344435819,2.2092934485036184,0
2.3389051619046692,2.2118754842355424,0
2.1888412706228237,-0.535104381048309,2
2.990590739450116,-2.028365742650042,1
2.9587567371357584,0.28638287542144014,2
2.436900543111958,-2.489941051191855,1
2.425970437189509,1.6428115677216562,0
2.300165708968304,0.9415875988252886,0
3.13422627290697,0.5772483379519102,2
2.782907163855888,-2.467313430588252,1
3.1022896649818414,-2.4241863626760205,1
1.8534778435417498,0.8617434412129077,2
1.8606424122452967,2.806118906221424,0
2.483315655437762,0.3048735007654771,2
2.1069491390592807,2.246328270954333,0
2.2989731132828566,0.4478864427946652,0
2.028839338857897,-0.377447664091294,2
2.865696193886302,0.2908089052451375,2
2.765707686649265,0.949694237350962,2
2.2372399499743088,2.3177818405633173,0
1.958067525868138,1.542372544137635,0
2.5697923081183247,0.08108839761010916,2
2.8076742703746014,-2.385395392728802,1
2.0426927212753654,1.8875301537813827,0
2.049457571450121,1.9652577703672658,0
2.06834553225514,1.0035468317150753,0
2.1055304762133074,1.9785529350420816,0
2.225003943666767,1.240471372587238,0
2.3207513102133768,0.5888482465196374,0
2.775381789103381,-2.476182780437949,1
2.9824178456516077,0.7454698675843018,2
1.7130197954075963,0.4154796571485401,0
2.8076742703746014,-2.385395392728802,1
3.1220249615962468,-2.4875830187403154,1
1.9757256998235475,1.7741311155424753,0
2.7279435919003823,-2.319393984657134,1
1.4366429978455828,1.6839482321445567,0
3.0087495426691016,0.22020429563295274,2
1.642680313325828,2.078444936066362,0
1.6906803051986428,1.3565465191447899,0
1.6176594396707091,0.7519864967874637,0
1.7061902554894797,1.7987372070564098,0
1.7028993140879216,-0.47435361087785,0
2.810640169350855,0.14109535178634774,2
2.25195118141737,1.4028951813960429,0
2.8560372105622474,0.3427731393543464,2
2.1349551129242026,1.7504686019425535,0
2.055705617879676,1.175425456765335,0
1.707534690578462,2.1670560746391705,0
3.094823190902595,-2.308749663641597,1
2.458598393704683,1.29314688220266,0
2.8204739402247383,-2.583286876787813,1
2.9960098789159537,0.4267071399704382,2
2.750878805977322,-2.4322635117361817,1
2.385778012303422,0.08037396741983766,0
2.846296643462619,0.4287418949851893,2
2.230618251104791,2.1749718909642413,0
2.3462150977891083,2.4511832062895222,0
2.783286469378892,-0.6532438185353387,2
3.1012230258276636,-2.407695405671103,1
2.818590946551554,0.3731025119299775,2
1.8710608732608693,1.7518409869164913,0
2.7589053106247703,-2.3379529465042865,1
2.347951236088797,1.9434984037352248,0
3.10922529174611,-2.289691534681304,1
2.9281236292957673,0.5025453555512067,2
2.8696474661658846,0.4340343693727141,2
2.292609908953525,2.025076044306289,0
2.1837490232023353,2.422662310196624,0
1.6032221357781895,1.6254821309149805,0
2.222761961873162,1.973736774673955,0
2.8566975417464913,0.23038247347210195,2
2.7834803328353757,-1.9725599859276404,1
3.0672252474670088,0.5978730829583875,2
2.798605365301977,-2.486908306713683,1
2.7434123318980754,-2.3168268127017586,1
3.1220249615962468,-2.4875830187403154,1
1.3609942261326338,1.8408336716531624,0
1.9724663876469684,2.157169171286963,0
3.095889830056773,-2.3252406206465146,1
1.9805877336078317,1.42901346317386,0
1.8451268843227882,2.410198632116447,0
2.8201593274465577,-2.0028369106796045,1
3.108158652591932,-2.2732005776763864,1
2.199754259226667,2.094237386364484,0
3.0990897475193075,-2.3747134916612676,1
2.287792020647971,-0.5634197505217513,2
3.11241896060936,0.35891935160041677,2
2.8441414455636025,0.5863173093243559,2
2.3810901201611614,2.6090244990808267,3
1.1557400885318707,1.701447167724321,0
2.3432763715483724,1.422330250455121,0
2.227441978339134,1.6053540228579741,0
2.7580284460675766,-2.3642731739762253,1
3.10922529174611,-2.289691534681304,1
2.4384408740674774,2.2415895931877587,0
2.5628897105800883,0.29687113458486597,2
3.1198916832878907,-2.45460110473048,1
3.1198916832878907,-2.45460110473048,1
2.6262785734652705,-1.2823928551866912,1
2.7935030437630712,-1.9728198036963132,1
1.864172010695345,2.7407623300628305,3
2.3816170141242754,2.1507127188528794,0
3.0273613349635347,-2.1907082125998008,1
2.976600113474503,0.31338962582085783,2
3.118825044133713,-2.4381101477255624,1
2.0646698147193896,2.603796126187415,3
3.0369610873511372,-2.339126825644059,1
2.2501965433833333,0.8959881141545146,0
2.0071262469549356,0.25125140252090683,2
2.204868311360432,2.1667732550387013,0
3.032694530734425,-2.273162997624389,1
3.008192757756165,-2.0587804847045015,1
2.246385314405512,1.521856115230979,0
2.619131867537042,0.5167101122548771,2
2.138092254096887,1.2995520065089399,0
2.564260083784821,0.25694393026418655,2
2.440651054300885,-1.060578175937017,1
1.7324995203108702,1.85323539776652,0
3.17530596150489,-0.7221971513524201,2
2.2401449274136596,2.3609817328173297,0
1.7907965712663048,1.7375173508916957,0
3.1113585700544664,-2.3226734486911393,1
3.032694530734425,-2.273162997624389,1
3.095889830056773,-2.3252406206465146,1
2.2712707745266223,0.01773212564184471,0
2.72367703528367,-2.2534301566374633,1
2.111756884088142,1.796774950197316,0
2.853176113736207,0.3975135866564753,2
3.0980231083651293,-2.35822253465635,1
2.2899587961808736,-1.494437038937744,1
2.0694204978037636,2.5555627908142404,0
1.7956474877128945,1.6306061061748638,0
2.876954791843837,-1.9559687916722246,1
2.773361841195248,-1.8660267633326448,1
2.6741401519522374,0.13436237605672746,2
2.4331931266663966,-0.8681175089416465,2
3.120958322442069,-2.4710920617353977,1
2.2050343763636695,2.567408654585116,0
3.0894899951317045,-2.2262948786170087,1
1.8228331275991863,2.0241943506425812,0
2.65568578134731,-0.5460759158297129,2
2.17681594329796,1.2561106652387783,0
2.7850548926390246,-2.5588848925882406,1
2.8157599600713117,0.7492515682935166,2
2.745977970146856,0.3579693976507974,2
2.900956645074955,-2.08532927575619,1
2.676915636525184,-2.3588997794728503,1
2.6230434870538812,0.048496150024058104,2
2.0196195717243586,2.3563875504407203,3
2.1168645921665816,1.4844238512484833,0
1.8526578847498585,1.5569270988733064,0
2.357348270957636,-0.44389199569679955,2
3.1220249615962468,-2.4875830187403154,1
2.1825038494054527,1.8616961163522225,0
2.3994146768729507,2.1558477138249916,0
2.81763384866751,-1.8331611473734508,1
2.973808007908883,-0.32900329882112045,2
2.3673121306395117,1.6800752101684004,0
2.403047588429555,2.181753590688943,0
2.7169582238329264,0.438658484010881,2
2.8406979544338204,0.47774682854586625,2
3.0417634358070496,-2.171650083639508,1
2.6507842723087167,0.3953505718483529,2
2.211368862174021,2.0300116190768085,0
3.096956469210951,-2.3417315776514323,1
1.5200539941988565,1.1331241856952317,0
2.9235606973116326,0.14915599342066904,2
1.6095386153228153,2.220234363003631,0
2.0834893128620546,-0.37784620223988585,2
2.137147015651034,1.1841570040147056,3
2.9089498582125914,0.7938144973564687,2
1.9716512109365512,2.1555071665358705,0
2.296649755747108,0.645639723454384,2
2.5907439712156197,0.06501348916803001,2
2.112015011550159,2.79920682464284,0
1.3186761292594704,0.9952386156149008,0
2.9573549333783085,0.23619981290872546,2
3.1134918483628224,-2.3556553627009746,1
2.7890056129143743,-2.338489693669424,1
2.494327403266355,1.160194870630846,0
2.777661623255252,1.5543319292068747,0
2.3428699816660505,2.4382732857646636,0
2.968107585206441,0.3985260717219145,2
1.8312074301240555,1.6549990353728545,0
2.3428515354692347,2.426263932727664,0
3.090556634285883,-2.2427858356219263,1
2.69144345468571,-2.2199114954624903,1
2.6593844044383,-2.136142547810945,1
2.450940777474673,-1.2500209031490077,1
2.516213432572212,-0.01060901669763667,2
2.0806887265506755,2.818170634295441,0
2.029248986276199,2.2875917167109474,0
2.3437686059457636,1.0273113862942982,0
2.7779472401929555,-2.361248285563204,1
3.090556634285883,-2.2427858356219263,1
2.072087403518789,2.192990068832669,0
3.0438967141154056,-2.204631997649343,1
3.0631568899844566,0.7794775246290999,2
2.35247097284138,1.9272621687151594,0
1.842583475572003,1.9760896393406275,0
2.229308916800745,1.8688395955225618,0
2.0724437425581326,2.503002329120848,0
3.095889830056773,-2.3252406206465146,1
2.056778748671149,1.120380033593796,0
2.3957544884122233,0.2637321763831091,2
2.6379490401156924,0.7522440114794797,2
2.86350603121113,0.43735885333200175,2
2.3165099504754902,-0.12513648437232622,2
2.9394360422434427,0.556952274032217,2
1.973162461585402,1.45896199132174,0
2.2549789368058244,1.1241896581281154,0
2.3801287890873253,0.23513639337391606,2
2.3694883827989073,-2.5094730288338143,1
2.6391643172572183,0.6091411520369222,2
2.0693363487937497,1.6231662408977954,0
3.165158808378134,0.09901058480929914,2
2.742345692743897,-2.300335855696841,1
2.1601629938747524,2.2505676054631514,0
3.10922529174611,-2.289691534681304,1
2.8976799425929776,0.45685943411213037,2
1.9688630937796314,1.7648909649082198,0
3.007822139325487,0.5473955764097355,2
1.719527594161032,1.7606737094676712,0
1.639991625856682,1.9634032860246735,0
2.324626640733512,1.733139135212926,0
2.456577860493418,1.9239415686347012,0
3.086357625168228,0.22980999960605397,2
1.5595700724522708,-0.8868312525374392,1
2.1601727196498843,2.2260472781610035,0
2.353502098483872,1.9270790974101168,0
2.8018052827645112,-2.5363811777284355,1
3.120958322442069,-2.4710920617353977,1
3.1033563041360197,-2.440677319680938,1
2.3969148794494086,2.0337022054076157,0
1.9790689920441014,1.5162563025885072,0
2.9077936272865865,0.5270031268312357,2
3.123326194771447,-0.268147340440146,2
2.1847975274575493,2.0299562308381427,0
2.4778530225648763,-1.8274104927915291,1
1.302446602512897,1.2835509415101654,0
2.4584687443586066,-2.0902745052885217,1
2.1341371195233036,0.6639017170002848,0
2.445890919717133,2.4450610878517045,0
2.7903736379351347,-2.582750129622675,1
3.092689912594239,-2.2757677496317616,1
2.894954274056885,0.8338914875777016,2
3.1182410638445863,0.7368187910218398,2
2.9445767762352637,0.5369666238590238,2
3.01627812790924,0.032252012873982744,2
2.0848562012997385,2.0982836481944083,0
2.0031470772267066,0.9369352788671712,0
2.862145911608298,0.6171757040068403,2
2.1058846829208133,1.2613714053349998,0
2.116719350501427,1.6037972843843558,0
2.8684447309385765,-1.8687867046979725,1
2.1975176097546587,2.1123628915858133,0
2.561159152730277,0.6902911038025408,2
3.1145584875170003,-2.3721463197058923,1
1.7809107380162157,2.5973261616464463,3
2.3897764201420335,1.887827067370988,0
2.8313865270720298,-0.0024350333568730065,2
1.8590440836824134,1.8433794076136025,0
2.1225974958747926,1.7880844565872973,0
2.3196879692255505,2.229144102196422,0
2.2276965612586,2.357613232905287,0
2.108687257681335,1.8403135114028777,0
2.212687416915369,1.7404347798340605,0
2.79181354919727,-2.575630726627133,1
2.2652679419132458,-0.20651994012951005,0
2.7172745254031114,-0.6047750570242699,2
1.6551128453333015,1.4816716689955183,0
1.5151142966890945,0.13200190973925996,0
2.9151573012366025,-1.9084790499042699,1
2.640246519599774,-2.0529338487151207,1
3.118825044133713,-2.4381101477255624,1
1.9846737303622182,3.3782733044452153,4
3.10922529174611,-2.289691534681304,1
3.1145584875170003,-2.3721463197058923,1
1.6104890276590138,1.0278711505775107,0
3.032694530734425,-2.273162997624389,1
2.763171867241483,-2.403916774523957,1
2.268619726829328,-0.14953278093819172,0
2.0888879570455265,1.7427656617870078,0
2.36911497750582,2.05905922073463,0
1.8831462473897929,0.6893701852193627,0
2.755169271378583,0.9231023957849016,2
2.2995197572922157,1.8966114624022654,0
2.7468763883488863,-2.3135946559234304,1
2.2626964410602306,2.0786703877982036,0
3.0438893002743623,-0.1288572665005741,2
2.1828460887937178,-0.6291250438964496,1
2.237712836617314,0.9909586517311066,0
2.693261241080071,-2.3300123800455363,1
1.6821481846150987,1.2731965026219731,0
1.5989727299827368,2.285042576648043,0
3.1012230258276636,-2.407695405671103,1
2.681236849196341,-2.2131122185575642,1
1.8244553475909913,0.16719279233116813,2
2.988267844860548,-2.031856315397443,1
2.731821157593528,-0.28137211931731865,2
0.9517786896709635,0.8490598850268579,0
1.224284568191503,1.9307843321070202,0
2.278284982159443,2.0462947875895092,0
2.4827816575141193,-0.92211252679826,2
2.072823839637067,0.38016506404501477,0
1.6922629416301505,0.9305661798905351,0
2.2022123780228964,1.6318274553979077,0
3.0980231083651293,-2.35822253465635,1
2.6848238222268623,0.5172569595840447,2
3.0502965490404743,-2.3035777396788486,1
3.1177584049795346,-2.421619190720645,1
2.6351645973083238,0.3889316235825554,2
2.003878429755847,1.3039439383950941,0
2.687689905140497,0.43419733520716464,2
1.911268168001144,0.6166342961307247,0
2.306316716581492,1.2323005226054617,0
2.7722552227888877,-2.3609934085292292,1
2.2350801602737835,1.6231772184946738,0
1.8071343607098573,0.9521562909138371,0
3.1198916832878907,-2.45460110473048,1
2.34704370659324,2.3412579440370997,0
1.9540751632891922,1.2926687983470917,0
3.0980231083651293,-2.35822253465635,1
2.2026358047558885,-0.5169139675838408,2
2.352269633041521,0.33650141376469084,0
2.2402290029766028,0.8684229821883495,0
2.0296735805485504,1.161131761219379,0
1.4632763633509642,1.6586452106398573,0
2.191471115839125,2.071882670210264,0
2.798383988618071,-2.010377923595887,1
3.104422943290198,-2.457168276685856,1
2.0291406882212035,1.2160298935279235,0
2.136938020490416,-0.28369384967684563,0
2.748557664507373,0.12254992786290897,2
2.088790462530183,0.34265011067537354,0
2.188086986673355,2.9057203095759703,0
2.084070096510002,1.9009631770993007,0
2.3343968526244927,1.7507616094070106,0
1.9155644302597414,1.7203113825252636,0
2.594647001015274,-2.009934249758753,1
3.120958322442069,-2.4710920617353977,1
2.6078255817909297,0.6722088258379529,2
2.7582984575230043,-2.479572282643619,1
2.4699929692937257,-0.7647867904736755,2
2.88782441706964,1.194578485700212,3
3.120958322442069,-2.4710920617353977,1
1.9941524550281904,1.2504141529734454,0
2.2225500243157685,2.513910287089518,0
1.9589441843435023,0.7262111202775934,0
3.0255918312046437,-0.548044563552935,2
2.406174087495379,2.0150529875880223,0
3.130876100875179,0.22517782900703964,2
1.4983713966002281,2.0350143587815435,0
1.5789258850533976,2.104484446677622,3
3.03953428046515,0.11832371331640817,2
2.0860210082033057,2.291667668440899,0
1.669342544067565,0.14522686088631803,0
2.0183809914769735,1.9924337910334096,0
2.807098587487565,-0.09373548579826094,2
2.386396377914822,-0.10723615584321486,0
2.7771855967980894,0.16815146263179576,2
2.490652692415013,-2.0253019768505403,1
2.2081501027657406,2.056861555833085,0
2.904156562537489,-2.134802146770943,1
2.1417477379187115,2.184276271128826,0
3.0894899951317045,-2.2262948786170087,1
2.226172842509851,1.6520340259367516,0
2.3922104031747056,2.1585293416025415,0
2.0170489664734426,1.4752325079362305,0
2.1899125270718445,2.0448995818578624,0
2.6562410532656493,-2.130936049146188,1
2.7594053061314185,-2.5428044893173545,1
2.074474068411029,1.4481020764016788,0
1.9971530504800583,2.0742878626670693,0
2.769604055452468,-2.352675349324259,1
1.3305575589002732,1.8350072616973399,0
2.396753511226878,1.213025037127255,0
3.1198916832878907,-2.45460110473048,1
2.1527786855953566,2.50688298228963,0
2.283558041033781,1.9228884157016282,0
3.049229909886296,-2.287086782673931,1
3.1145584875170003,-2.3721463197058923,1
2.1311207279296114,2.100402513412159,0
2.274495152964713,2.1129078860642725,0
2.526891128304596,0.33947755715096994,2
2.928149362987797,0.4969772712679514,2
3.1177584049795346,-2.421619190720645,1
1.9348518208261913,1.2123553674886223,0
3.110291930900288,-2.3061824916862217,1
2.2359669118348338,2.0891709014425044,0
3.0640253300044744,0.6473459539731403,2
2.9313455688601344,0.44830748933251424,2
2.933854834560208,0.713895760461958,2
3.1145584875170003,-2.3721463197058923,1
3.116691765825357,-2.4051282337157276,1
2.4069343856064984,1.999468777821353,0
2.810980439264097,0.6909859625892898,2
1.4447254307904727,2.3702313445243086,0
1.7978084533379524,-0.8246918832879183,1
2.4138200798015,0.733675407079784,2
2.151136909180333,2.196893183995769,0
2.1617092057646428,1.8844276453709805,0
2.0017018683309686,1.1140402100649973,0
1.986385903725028,1.7041039724127023,0
1.867889372310444,0.9535964187491088,0
1.5095327644694805,0.8235910160340186,0
2.1017931783712442,2.023367760890829,0
1.95926898905833,1.822759907596651,0
3.0278799579332385,0.542690370966643,2
2.2176537324807573,-0.8510414206882895,1
2.1118380153397838,1.318289844037448,0
2.0467665447020105,1.9738589358980323,0
2.1229978640567535,2.002905854814454,0
2.2608842494073635,1.13557986893786,0
3.031627891580247,-2.2566720406194714,1
2.1509913558951355,2.42907889656316,0
2.4730394567504526,1.4059953131780494,2
3.1001563866734854,-2.391204448666185,1
3.0353790719415756,-1.0348391301497104,1
2.800015711987247,-1.9864837709771828,1
2.7797153311578433,-1.9634722245365095,1
2.7807819703120216,-1.9799631815414271,1
2.7325911164505605,-1.1255957280727782,1
2.1701036588648295,2.333455606078848,0
2.649673305808093,-0.8026358341270914,2
2.682851440779025,-2.2122898883072692,1
1.7436849755190644,-0.11511874894925278,0
2.0586281448781305,-0.4232039386152355,2
3.0406967966528713,-2.15515912663459,1
1.5743107561399472,2.025926830214488,0
2.0232740565380456,0.8199237712186678,2
2.025873836582749,1.9406545303201344,0
2.172452989057631,1.154275406106607,0
3.093756551748417,-2.2922587066366793,1
2.4267293263285463,2.3590246070381893,0
2.3993071876072847,1.7348904920308492,0
2.2469951868430234,0.5794084586021703,0
3.104422943290198,-2.457168276685856,1
3.110291930900288,-2.3061824916862217,1
2.4490632300932385,1.7675710242200333,0
3.104422943290198,-2.457168276685856,1
1.532529324298155,1.5342597092287122,0
2.866297294134094,0.08196386042784357,2
2.593938870743097,-0.19409971081737518,2
2.4234572018416105,-2.3895216788112217,1
2.0781005309679803,-0.6187778663435708,2
2.6733876902775573,0.6781139268679365,2
2.988544423427921,0.06332437658144588,2
2.175437892339388,1.2933086039634014,0
2.194926041589919,1.356637534687619,0
3.0048032240124196,-2.0457801004469855,1
1.9244902923908458,1.7248998085929341,0
2.0386185701365314,1.2446016072948252,0
2.2702497387403024,1.8939192572457106,0
2.11398317772508,0.6631481841838182,0
2.195611941635028,1.9112423536770753,0
2.766386235178797,-2.5119791935288633,1
2.056766349442414,0.9047772583784363,0
2.420723985593264,-2.3938173581516993,1
2.129812027223112,1.9951823064478096,0
1.9576303349481456,2.1306929803234373,0
1.828398309131721,1.4159163852427932,0
2.2505585333997353,1.2771341046389717,0
1.717530507587883,3.842604312788512,4
2.7603616835287137,0.35686328045990856,2
2.130104604012434,-0.5591523545453293,1
1.8421875547795479,0.8310196624273514,0
2.242912238427749,1.8879111662246597,0
2.1072020751295026,2.0628684343581405,0
2.0392611774280667,2.6276630542223223,0
2.6961033832796355,0.1551135701911874,2
2.098538128064211,1.6935400587846683,0
2.7980727013966122,-1.7786123338034088,1
2.213003519818486,1.613653965009326,0
3.1001563866734854,-2.391204448666185,1
2.4828481871844232,1.856622566406379,0
3.112425209208644,-2.3391644056960565,1
2.864464835483847,0.9745882987773797,0
3.094823190902595,-2.308749663641597,1
1.9956961534106428,1.881803110362565,0
3.0294946132718907,-2.223690126609636,1
1.9373070314939547,1.2810957168914765,0
1.9146865204949042,1.5817199826668102,0
2.0695550667211364,1.5878877830406108,3
2.0317483112945625,2.4884643987660913,0
2.7807819703120216,-1.9799631815414271,1
2.232471415915635,1.940386950138601,0
2.0819029034976224,1.2309200469766994,0
2.0436236701518498,1.8207859055377913,0
1.6886690065124756,1.9964564231283202,3
2.07402601616084,2.3981534596222724,3
2.2059454403454275,1.2059489294093484,0
2.170743409418408,2.667412149285547,0
3.1134918483628224,-2.3556553627009746,1
2.023072899987514,1.1578136136948927,0
2.786454964647273,-0.09637480344425661,2
3.092689912594239,-2.2757677496317616,1
2.3247847282695675,1.9018571860489881,0
3.112425209208644,-2.3391644056960565,1
2.351901407683928,1.3712463229267529,0
3.118825044133713,-2.4381101477255624,1
2.335090151577295,1.2260961290012022,2
2.7474932686054165,0.6180842728304842,2
2.7713850160609006,-1.779520553597928,1
2.310539706180055,2.27153948334542,0
2.191912569796913,1.7206654002019923,0
3.116640808025096,0.18480548391804913,2
2.0875186368075815,1.6870003470466324,0
3.095889830056773,-2.3252406206465146,1
3.1022896649818414,-2.4241863626760205,1
2.416395364793578,2.0912512509974337,0
2.4832515722871893,0.656989658105844,2
3.093756551748417,-2.2922587066366793,1
1.5479867409580679,1.0040229991743053,0
2.373260217681071,1.4867051758466572,0
2.7738706120691803,-2.4186391773439295,1
2.8064316652865293,-1.9016921473484967,1
2.873763768213341,-0.033472838606579874,2
1.8873354129548916,1.673673606001562,0
2.934351209956597,-0.8020446767381071,2
2.1589657355346055,1.337998271710288,0
3.0980231083651293,-2.35822253465635,1
2.6635675391918174,0.18088695167314434,2
1.5616947360018636,1.1971622869351128,0
2.036840541777257,1.8235874792358133,0
2.798383988618071,-2.010377923595887,1
3.0980231083651293,-2.35822253465635,1
1.8200214908726662,1.7434932039341038,0
3.002240038140139,-0.1291845524354494,2
2.9070449453911835,0.5046616974873526,2
3.1134918483628224,-2.3556553627009746,1
2.7922055303769087,-2.3879625646841776,1
2.726800101798416,0.7576551809946245,2
2.0191055392464583,2.2217102448863124,0
1.7715758108263788,0.44754954997600055,0
3.108158652591932,-2.2732005776763864,1
1.5209717674755712,1.5094279460655253,0
3.120958322442069,-2.4710920617353977,1
1.9426019562833348,2.4934281307078785,0
3.118825044133713,-2.4381101477255624,1
2.928149362987797,0.4969772712679514,2
3.092689912594239,-2.2757677496317616,1
2.174670182720867,2.0461984785254534,0
2.241506728491796,1.1144518285880205,0
2.4686868964678306,0.10995026947645226,2
3.116691765825357,-2.4051282337157276,1
2.7524917988461812,-1.15431704510151,1
2.071062051546932,1.8311564858530467,0
2.415852765369718,1.4402349935093108,0
1.5733372246422426,1.927852392161112,0
2.0342270922763612,2.215884619302068,0
2.9356700785648364,-0.9308532367359216,1
2.6347846849960455,0.6427149269221172,2
2.1825083794872593,1.1133112525490974,0
1.9938946481886501,1.680441639245508,0
2.7786406072391756,-2.401349602568582,1
2.120487409710047,1.766905929941597,3
2.8273624927444834,0.4421977425806556,2
2.6193159449983523,0.6401477549667418,2
2.3842171314260563,2.805804480704411,0
2.2188841352770026,1.8224626753347755,0
2.6726364442644424,0.28239986565802555,2
3.1113585700544664,-2.3226734486911393,1
3.1134918483628224,-2.3556553627009746,1
2.1652164253300046,2.115653561597137,0
2.162456331936789,1.8990018605166423,0
2.1615041327718774,1.9896846694656927,0
2.0272545282931453,2.1633453677419423,0
2.082602367747972,2.1692709727830106,0
3.0894899951317045,-2.2262948786170087,1
1.922523538154659,1.7143017946090655,0
1.8368539367780132,1.952730559202393,0
2.392755554218792,1.4504206225042846,0
1.7961454714918264,2.545240939958658,0
2.496141796026171,-2.085678201772082,1
2.0480176700019106,1.5956352973161194,0
2.0641357006618724,1.9831121461411605,0
2.060533712578313,2.1108289557948785,0
3.1134918483628224,-2.3556553627009746,1
2.768505063012373,-2.486371559548545,1
1.8621758818016914,2.2351815921502554,0
2.9313492804503314,0.44750440025319843,2
1.5004500525807927,0.7927781887598971,0
3.1001563866734854,-2.391204448666185,1
2.7932721695310865,-2.4044535216890948,1
3.0294946132718907,-2.223690126609636,1
3.0980231083651293,-2.35822253465635,1
2.856981700379102,0.34163461512706,2
3.1012230258276636,-2.407695405671103,1
3.093756551748417,-2.2922587066366793,1
2.754031900906292,-2.4136084546239487,1
3.1070920134377538,-2.2567096206714687,1
2.2113166420202246,1.9943619326519335,0
2.207504014501663,2.087227880794937,0
2.3133682492045997,2.069839094334356,0
2.2126517125098566,-0.5741918474439689,2
2.3300320100473524,1.3764625048471908,0
3.008192757756165,-2.0587804847045015,1
2.2275774322095105,0.8820768264088282,0
2.349227013552358,2.0492369131919954,0
2.0990220584818853,2.838894127061207,3
2.653967786804215,0.32930556471740313,2
2.785413714272202,-2.4766849845976275,1
2.969155558985917,0.3042328245259498,2
1.9336952735540853,2.0221052623745006,3
2.202393314315467,0.5255784842122713,2
2.183817857950214,2.034677496920547,0
2.6789314540596734,0.4102168426487683,2
2.353697843167305,1.9458900451332117,0
2.7834741419195432,0.28314320373581625,2
1.835811783688968,1.2487145727152382,0
1.8659993922905664,2.206716691405376,0
2.471497697301807,1.9772043196415767,0
2.502921514950172,-1.9732619338804123,1
3.1177584049795346,-2.421619190720645,1
2.622797323710901,-0.212824210003615,2
2.256878135855363,2.185248330523556,0
1.989262401833962,2.083319339268782,0
0.8157155192753088,0.8128044698505573,0
2.1294023072741637,2.690526365623747,3
1.3783440078248241,1.1425115060629916,0
2.7641796057224006,-2.5447137804129945,1
2.5152452589564662,0.2641374224326348,2
1.74647666673323,-0.13359776186072223,3
2.5186083060750493,-2.0985407687271023,1
1.5104341223306903,1.8543547305064134,0
2.9824348641845733,0.17405877416773022,2
2.311444498652868,1.4653452141728072,0
3.090556634285883,-2.2427858356219263,1
3.0797694942464733,-0.5214469947323717,2
2.2725200072117473,-1.091825788920424,1
2.992560339075219,0.43109616394948047,2
3.1012230258276636,-2.407695405671103,1
2.482746728442506,-0.9395216241747587,2
1.7776439010051432,2.06656808068653,3
2.047162917516551,0.9540312142783065,2
2.062063608378255,1.6836382505254537,0
2.474148904132111,0.13807329570901908,2
2.2173154742885113,1.1813615665042911,0
2.851364345975601,0.31283725849669003,2
2.5086853119359147,-2.0862808766175136,1
3.027889712961691,0.11850708857319028,2
2.7259989448764355,-1.5622582226379318,1
2.0145306379272943,1.0166888212568888,0
3.0241614175010003,-2.1412353415850482,1
2.343948276799921,2.0463974859407013,0
2.1750864956414215,2.2343918675856127,0
2.0907992507226476,0.9704015371247188,0
2.291719120369873,1.4818967133940075,0
2.564032968128861,0.5834505110939556,2
1.994176783428519,2.115944498297102,0
1.8571900561638184,1.4904304029686395,0
3.1145584875170003,-2.3721463197058923,1
2.2903886453284015,1.3536236447647485,0
3.1001563866734854,-2.391204448666185,1
2.7127051765067054,-2.457909401675953,1
2.13096938667964,2.049192556898982,0
2.8968130773460317,-0.037261203143057864,2
2.090089394324261,0.6934657119875492,0
2.0335517215923944,1.5615972779484888,3
2.2316136889619744,2.057009020277318,0
2.17044222914174,1.9211160510166603,0
3.108158652591932,-2.2732005776763864,1
2.6726364442644424,0.28239986565802555,2
3.112425209208644,-2.3391644056960565,1
3.1177584049795346,-2.421619190720645,1
3.1198916832878907,-2.45460110473048,1
2.4144577818948,1.8032275172064929,0
2.796472086993621,-2.4539263927038477,1
3.1220249615962468,-2.4875830187403154,1
2.1795655465090027,2.1150469820924536,0
2.1567337877522275,1.0202518296916405,0
3.0502965490404743,-2.3035777396788486,1
2.378789212768609,1.8270021641002163,0
2.816207383608026,-2.5173230487681426,1
1.4219384907884525,1.7487976935275562,0
3.095889830056773,-2.3252406206465146,1
2.040045447038007,0.4522790006315607,0
2.8204739402247383,-2.583286876787813,1
2.8813328083205003,0.19490300547031097,2
2.41289868988084,-2.360580567107889,1
2.453960941906901,2.0493133247284065,0
2.7973173494638925,-1.9938869665909693,1
3.095889830056773,-2.3252406206465146,1
2.342744507806009,1.570289355625539,0
2.4906698993015537,1.4015131265799028,0
2.2030032674420403,1.872216739629375,0
2.3719598412344602,2.2295856105399143,0
2.0272158077585147,2.1965648732000242,0
1.9283378864627752,1.4052932670028668,0
2.1642450837895773,2.059629493446679,0
1.769282985677617,1.0723523019776773,0
2.9333529564275174,0.36558706662866824,2
2.3697611284904037,1.718805561967366,0
2.158283526426626,2.3860151376681604,0
2.294229095977907,1.7969758078993996,0
2.6656478856373678,0.7176217327249479,2
2.9792179281890734,0.7949427385990547,2
2.425014591672361,-2.5999915643269054,1
1.8529113071896102,1.632117198459418,0
2.0941975385868155,1.898309768326201,0
3.0417634358070496,-2.171650083639508,1
1.6738871474077393,1.5962574242831187,0
3.108158652591932,-2.2732005776763864,1
2.2277456022712627,1.7294456203630897,0
3.032694530734425,-2.273162997624389,1
2.445235393634597,1.9968804764995132,0
2.081040093671371,-0.5114263675206812,2
3.120958322442069,-2.4710920617353977,1
2.2604225285871786,1.8911956965656487,0
2.3443083289016413,0.18009573311774477,0
2.1332356907510768,2.0357865319126884,0
2.739145775281363,-2.250862984682088,1
1.4035105782262565,1.5391576760170675,0
2.9547006638239908,-1.176701472425417,1
2.5552606154307345,0.24375977796717427,2
2.308685476027902,2.022997703689917,0
2.2400852130186526,2.051696453252224,0
1.9104187663234309,0.9357005188717362,0
2.094206342159209,1.6540713608187603,0
2.3357198915593442,1.5662968031492412,0
1.9859135171494675,2.0691169503141307,0
3.091623273440061,-2.259276792626844,1
3.1220249615962468,-2.4875830187403154,1
1.6239833357243054,1.6323296266172835,0
1.4556577114925175,0.11836889700781486,0
2.768505063012373,-2.486371559548545,1
3.048163270732118,-2.2705958256690133,1
2.176872815502863,2.1108464252282837,0
1.988040386606463,1.0951021446881652,0
1.3876008277908467,1.9048007052719624,0
1.9923660313590785,-0.1304045417501116,2
3.0309251030217212,-0.6835169759780433,2
2.246294328396244,0.6517644184048502,0
2.704679120079789,-1.5070344643735842,1
3.1156251266711785,-2.38863727671081,1
3.1220249615962468,-2.4875830187403154,1
2.0709251432450317,2.419422902404074,0
2.728933380106772,0.7246732669847892,2
2.2846893867736187,1.6767499683973595,0
2.365150266240361,-0.17157149299146562,2
2.8949449490943766,-0.14527752763441246,2
2.4029212879143333,2.0931815053570806,3
2.2524531937506476,2.063023889110263,0
3.093756551748417,-2.2922587066366793,1
2.580705093636383,-0.04548769702365317,2
2.032248013811748,2.2227210100289407,0
3.1012230258276636,-2.407695405671103,1
2.928149362987797,0.4969772712679514,2
2.7112412160291854,-0.4988745649419415,2
1.5108356849161328,1.4395930877626604,0
1.8583881211286988,2.0173180593030513,0
2.2382712079672524,0.909299104830335,0
3.094823190902595,-2.308749663641597,1
2.1712090927146552,2.3479090978342407,0
2.57672976348749,0.3702688177545084,2
3.0798075356739028,-0.0727876383240638,2
3.1177584049795346,-2.421619190720645,1
2.3753231458425828,-1.1830486036901329,1
2.2733669132285286,1.9182860548358864,0
2.3563077497643032,1.8601877992699696,0
2.7697614767635352,-2.545673701030319,1
2.7724305469110915,-2.3452150450159324,1
2.7490096666572423,-2.3465765699332657,1
1.9194079640325048,1.9547935654143818,0
3.090556634285883,-2.2427858356219263,1
2.188320938156049,2.0651569131850853,0
2.525181133940531,0.714065813332672,2
2.1807918565133706,0.8384760660214263,2
2.485347240925761,1.6728132826814335,0
3.0524298273488304,-2.336559653688684,1
2.2842527080265693,0.8928180660329268,2
2.4035730027474544,2.0907065540436243,0
3.091623273440061,-2.259276792626844,1
2.4691592852806425,0.2447718276865949,2
2.394324383591217,2.192695373859351,0
2.1415227311621674,2.3278745135455026,0
2.2815894977420954,1.5911669468889218,0
2.0205795236911337,2.6587561411228213,0
1.8498002634441235,0.9513574454531021,0
2.7675107153434158,-0.1992528930771322,2
3.1113585700544664,-2.3226734486911393,1
2.317650354275258,1.1188146284553353,0
3.1113585700544664,-2.3226734486911393,1
3.090556634285883,-2.2427858356219263,1
1.9097221042684582,1.57844755391413,0
2.6096991616714043,0.4944233533959127,2
1.9074722889582179,1.2783845556357236,0
3.011252126257493,0.12890965195861917,2
2.08530731145469,2.7223360063140505,0
2.0298303707593486,2.1557791299345443,0
2.46451929543791,1.4631041877218829,0
2.03121797190328,1.5450955060273501,0
2.408097579756739,-0.15266675469619548,2
3.096956469210951,-2.3417315776514323,1
2.757853121945373,-2.3800515374895226,1
2.195892054331333,2.2375096072838554,0
2.8594653206386482,-0.23423183221774588,2
2.84541936397524,0.50116163013412,2
1.7647062904611386,1.9257973544703852,0
1.9277182389728422,1.7610142178304555,0
3.112425209208644,-2.3391644056960565,1
3.1033563041360197,-2.440677319680938,1
1.8234818319038482,1.6009436669152142,0
3.1220249615962468,-2.4875830187403154,1
1.7969588813268578,1.8162940163389991,0
3.10922529174611,-2.289691534681304,1
2.7747637843722286,0.3759214094202015,2
3.1177584049795346,-2.421619190720645,1
2.1191665529365022,2.2315432530802886,0
2.1387310475876364,-0.20553918200313193,0
1.67841393229838,-0.2531713934472536,0
3.1022896649818414,-2.4241863626760205,1
2.337436852410555,1.8089704068149228,0
2.6340036407163017,0.016833163610715497,0
1.926842831961049,1.7741825353485305,0
2.801098469515639,-1.8192373623239086,1
3.0747510560288713,0.2872963648952093,2
1.735148481778997,1.9272204285330812,0
1.8939241575930157,1.1999170916715856,0
2.965974306898085,0.43150798573174975,2
2.1671309243827057,1.8199119027395163,0
3.108158652591932,-2.2732005776763864,1
1.8452607446153741,1.825781388757622,0
3.110291930900288,-2.3061824916862217,1
2.400002508726624,1.7602446781983339,0
2.186339143219356,2.0607172542703225,0
2.6920012584228723,0.5239472610403171,2
2.889545707739811,-0.7358183625258184,1
1.7299002792293139,1.5604516677575366,0
2.889346603266785,0.07817549589136547,2
2.590560975861182,0.6398312375087016,2
3.1070920134377538,-2.2567096206714687,1
2.3482597286612537,-0.35966630004570466,2
1.6328901390086212,1.2482018224692841,0
1.9715693756457795,1.1436139434041745,0
2.384551360973032,2.2723944266279954,0
2.6669291934989667,0.4870649323729944,2
2.1877885859115134,2.177112868738859,0
2.3997634130483743,2.019835047458457,0
2.2890081899620283,1.8782143342195798,0
2.03458330703355,1.0816131943248894,0
2.1353688495728167,3.262054828330747,0
1.878375595568598,1.8189327523406007,0
2.9045554911966587,-0.7665477421500652,2
2.4136489951487707,1.0183325283551394,0
1.574453709654758,2.0444756951048695,0
2.075035396338384,1.8826245366099672,0
2.7786406072391756,-2.401349602568582,1
2.0733010309362494,1.7011995699584848,0
1.7470113610410243,3.047135022692085,0
2.563392473193256,0.18003413963961495,2
2.736807198679865,1.1363535569516099,2
2.1855862344549655,2.593358696519542,0
2.7406692094932463,0.1857154987152237,2
2.12211560229996,1.776457351424383,0
2.930282641296153,0.4639953572581161,2
2.207078173575989,2.508714551262864,0
1.981954607467309,1.8516013259359925,0
3.0268459587081513,-0.9029114741103693,1
3.094823190902595,-2.308749663641597,1
3.10922529174611,-2.289691534681304,1
2.8190926882923795,-1.986345953674687,1
3.0417634358070496,-2.171650083639508,1
2.1094769595755527,3.303221337177539,0
2.1916800700772474,1.547935078029573,0
1.5342130381898464,0.7243651522416393,0
2.2724679893499737,0.7411794286664812,0
1.8410436488463782,2.313803559354986,0
2.78184052470171,-2.450822473583335,1
2.2703510909413973,1.626652029728951,0
3.1001563866734854,-2.391204448666185,1
2.3936026738015554,1.85919042022784,0
2.455535213480041,-0.41214574376258284,2
2.7300768702087383,-2.352375898666969,1
2.3810270734824486,1.922762707293906,0
2.3372486657640907,1.984568112511993,0
2.394125773265077,1.4778909393190163,0
2.0334615052425202,0.6107162694454504,0
2.6134539724036014,-1.0064004590649755,2
2.069671646210122,1.9354564677463024,0
2.7201478600774815,-1.5044672924182088,1
1.7609976357887978,1.1493084901439365,0
3.090556634285883,-2.2427858356219263,1
2.231778652524029,1.0890873703256587,0
2.085651496388188,1.6799735589929585,0
2.216717973771514,1.4494659592142476,0
3.027871155010708,0.12252253396976856,2
3.1001563866734854,-2.391204448666185,1
2.76495501795778,-2.4091778582656267,1
1.5707384060586262,2.004537814662207,0
1.4617530980655873,2.108298312194714,0
1.9161720725522235,0.9751808306332652,0
2.6020280715587507,1.701345002189569,2
2.8063160707704067,-1.8332000386807645,1
3.1070920134377538,-2.2567096206714687,1
2.612526267099324,-0.1884248967375092,2
3.0364821606777315,-0.20856058649490544,2
2.940982175296545,0.4186716536103826,2
3.1012230258276636,-2.407695405671103,1
2.4672252510583097,-1.8807332423978218,1
2.9130662058154506,0.480605896423671,2
2.327240280570744,1.2185970690479337,0
1.5285431543175003,2.3472085306766233,0
3.1198916832878907,-2.45460110473048,1
2.1875909361379904,1.6998126039363015,0
1.5987146441670863,1.4853751935416308,0
2.7790138793471333,-2.3777392425681216,1
3.1033563041360197,-2.440677319680938,1
1.9928823282228894,1.5619305682102682,0
3.116691765825357,-2.4051282337157276,1
1.510450477881824,1.6658971330853727,0
1.6393719054068105,1.5620369164612737,0
2.1099938479894482,2.7730766742311106,0
1.8846477225235754,0.9215578639271408,0
1.4326652478928563,3.2803943410988725,0
3.0787408965197245,-0.056296681319146155,2
2.8025845808893144,0.46804393236778574,2
3.067212875499687,0.6005500465561063,2
2.9118428792742117,0.5499986396673979,2
2.191677185242966,2.159784154669319,0
1.5580513927164608,1.5721455727389937,0
3.096956469210951,-2.3417315776514323,1
1.1387578008367885,1.9075824447416854,0
2.223972648905198,2.5334713555984374,0
2.1146908807578284,2.6156609188220648,3
1.9414530498342664,1.0443018648151496,0
2.7980727013966122,-1.7786123338034088,1
2.2237560107475707,1.9418853343753804,0
2.7642385063956607,-2.420407731528875,1
1.9729179770474414,1.0014687659846029,0
1.815726596114094,1.5641384771766038,0
2.7009908296746907,0.200386855489406,2
1.996341609494104,1.0524119002346286,0
2.0816460777629895,1.3258154973208007,0
2.2781279309645073,1.2394688468216046,0
2.1016505596546184,-0.7769815644170289,1
2.426150596456413,0.6905474460340973,2
2.9751744154105615,0.7489147935768197,0
2.1563058143172587,2.452954803076108,0
2.0475517771032696,2.322864913659053,0
3.0112699665113483,-1.0537768009376072,1
1.738419542826569,1.8660516154741125,0
2.8288570754870466,0.3553706874954034,2
3.0158179248931676,0.2850380595803714,2
3.031627891580247,-2.2566720406194714,1
1.989043943588962,1.3120934212186395,0
1.155136763443562,1.5777735959486674,0
2.721895545790177,0.5866572173259594,2
2.37878016171308,1.877863377904363,0
2.2297361756310354,0.6606470904285139,0
2.5702879140684147,0.3936141945035741,2
2.986181159478733,0.27529648576704613,2
2.8777168591583178,0.6232640976263291,2
3.1198916832878907,-2.45460110473048,1
2.2371304672736354,2.25132195018557,0
3.093756551748417,-2.2922587066366793,1
1.996720307368322,2.3804352865344787,0
2.2956329002101463,-1.378038673897372,1
2.338648155954676,-2.2864288455037647,1
2.763171867241483,-2.403916774523957,1
1.9425829193524244,0.9146396922990955,0
2.371008444912406,1.2236621307237228,0
0.8801829751901905,1.5033037257825947,0
2.7329661488993873,-1.038260994727183,2
1.7571107014279,-0.9852697090521269,2
2.7980727013966122,-1.7786123338034088,1
2.2025765374693913,-0.08498720940743952,0
2.892833158789275,0.759221338872052,2
2.129164132850953,-0.3257828441148199,2
1.866870956810396,1.6582647501113266,0
1.9051156681662391,2.541017309853758,0
2.7976062736468563,-0.06378534250045513,2
3.0990897475193075,-2.3747134916612676,1
2.415273005585706,2.4361378370014792,0
2.886713692632734,0.17017905729403202,2
1.9089967586116214,1.5678167472417979,0
1.8257878102432226,1.7872261504175326,0
2.8172740227622044,-2.5338140057730603,1
3.1033563041360197,-2.440677319680938,1
2.4837361877946638,1.8258162582315736,0
2.351742526384848,1.197203704886638,0
2.7870904403827432,0.01848888949786512,2
2.596191515183381,-0.007734561181376982,2
2.761977557459527,0.11060504257703291,2
3.1177584049795346,-2.421619190720645,1
2.5103879890294185,-2.0886986329148356,1
2.00496856775764,1.8472441899074363,0
2.185888471810654,2.89428390488763,0
3.0528334696068553,-1.5759783057699701,1
2.2229898183430152,1.6519957784763069,0
2.009947736061754,-0.01989281826119789,2
2.9830114320717627,-1.9982108183642548,1
3.0768249998546113,0.44945446991412885,2
2.2192798083401444,2.1377650979293823,0
2.104166979418783,2.1518765940816795,0
2.7493198240531465,0.5178602276426996,2
3.008192757756165,-2.0587804847045015,1
2.4066032158890174,2.3314848075134247,0
3.04193937343847,0.27095528682383085,2
2.6816320479220606,-1.7413636356359905,1
2.099989496079302,-0.2721085092812448,2
2.2074172129247627,1.7840467259629984,0
2.8345614282900726,-1.9837787817193115,1
2.0728697066885364,1.014293032992519,0
2.091845109123281,1.0316974458431736,0
1.3290636318334477,1.8973922600966597,0
3.110291930900288,-2.3061824916862217,1
2.6316872675248457,-0.7608566810572043,2
2.1079503825275037,2.8593115763550583,0
2.719970708863127,0.5696219902629739,2
2.348615385767758,-2.337764181879712,1
1.6392833008549006,-0.6264883037455549,1
2.3834728004296806,-0.7462563843320781,2
2.1767070690266324,2.6680745529716616,3
1.837731208893226,2.1751192964061485,0
2.789885442633221,-0.12586230986753383,2
3.093756551748417,-2.2922587066366793,1
1.7808445915498579,2.4123585963021323,0
3.094823190902595,-2.308749663641597,1
2.5351436852269202,-2.1124645537766447,1
2.2063413757970247,-0.044404798000092435,2
2.4072132217550735,0.8854083913348194,0
2.0042482179847374,1.0572362779926188,0
2.987892376926762,-2.0357689382638284,1
2.0620620335250903,1.9471808603355742,0
2.280369366403831,1.412050078527151,0
2.3944687345298985,-0.7352630016070852,2
1.4695402697849,0.48961611984816467,0
2.0450390177454643,2.2619863005788368,0
2.019371444266529,2.145872906728398,0
2.1579219178367293,1.3633311030014768,0
2.0627735336311686,1.721541357263999,0
3.1033563041360197,-2.440677319680938,1
2.229690931834534,0.6027191288667867,0
2.0266134076055327,2.2582682702099697,0
3.1220249615962468,-2.4875830187403154,1
1.8115532769840477,1.245818280809695,0
1.301319546640483,1.8301266301220647,0
2.809807548682958,-2.418377306738637,1
2.3619036605468446,2.366638077589945,0
3.10922529174611,-2.289691534681304,1
2.095527235973762,2.3502896241792803,0
2.8627409398744006,-0.6099740346257341,2
2.7486987051354017,-2.3311536695993604,1
2.804634438126008,0.7652076070162024,2
2.577442746426303,0.31978103985558115,2
2.8646188349633914,0.38472593195466154,2
1.3152906096761483,1.3562624137135064,0
2.9909859823281097,0.44223783505205405,2
1.5232037607144528,2.429986794424537,3
3.090556634285883,-2.2427858356219263,1
3.0725687662212606,-1.639374961834265,1
2.0554788503490546,1.8619324787429796,0
3.0894899951317045,-2.2262948786170087,1
2.242439670384578,0.7730936485322712,0
3.110291930900288,-2.3061824916862217,1
2.1424550003832317,2.090574010755291,0
3.093756551748417,-2.2922587066366793,1
2.3375027309260235,1.9804205047718972,0
2.0036248091298963,1.6323916727158905,0
2.0498545571461957,1.6349296646368463,0
2.748292593299206,-0.41440337271001326,2
2.3158169826860338,1.7980784944999866,0
2.4493646832276124,-0.5713046158799595,2
1.9686945245608003,1.1592623994941371,0
1.9862965428668495,1.1288476574396773,0
3.007310546435134,-2.2044305271087166,1
1.9086472354856092,-0.4010974124451333,2
2.059171054202192,2.704273384713951,0
2.163744202093934,2.135339925379641,0
2.7115779455904923,0.8854829538586109,2
1.8073837618241726,1.8170479170439409,0
2.0361728590486163,-0.18299876600447665,0
2.192057839845007,-0.45528441215468024,2
2.790601308801547,-0.5659665700517049,2
2.8194073010705605,-2.5667959197828956,1
2.4787358079753083,1.6121135778806133,0
2.7591936960611343,-1.1205667334397513,1
3.008192757756165,-2.0587804847045015,1
2.2671164457133703,1.0431564671395386,0
2.1228771840900524,2.039649509402173,0
2.0677735731118103,1.4696519755876927,0
3.0294946132718907,-2.223690126609636,1
2.8076742703746014,-2.385395392728802,1
2.304012736408497,1.8430684162006168,0
2.2028848881177723,1.921882830091508,0
2.917348914625693,-0.6360898267919823,2
2.3075238774123665,0.09379463918107289,0
2.0755603215183775,-0.37536116006263104,0
1.8289244776401716,1.1944130596199622,0
3.096956469210951,-2.3417315776514323,1
2.727405330744361,0.00631227352077493,2
2.408816905316023,1.9454789743819216,0
2.1235594670401,2.2747959145802255,0
2.8558744762595616,0.4049167822702619,2
2.386455813352745,2.1055536771594188,0
0.9921907521505964,1.0668689760962728,0
2.1842622353310044,1.2755796799962427,0
2.6696850216043533,-1.286329115522457,1
1.7056886748512325,2.573925171863489,3
2.1953505194123513,2.1072052057230595,0
2.931598404492332,0.7998202456304084,2
2.084417232083068,1.148633778117304,0
2.178280465755808,2.245478377693629,0
2.266353004498537,2.1051683815545164,0
2.6841543418171283,-0.3604284145756381,2
2.072278907359486,3.4042767259006146,0
2.0614295967046403,1.8545271520223303,0
2.092918971117056,1.7626725792990634,0
2.769571702166551,-2.5028625165534626,1
2.8861250123507864,0.8577237671555051,2
1.5340259994228524,2.0453638304536006,0
2.656971009483388,1.4745547091633724,2
3.0417634358070496,-2.171650083639508,1
2.2090037863166776,0.9310111900782017,0
1.289455170250816,0.43324148583363614,0
2.9084140663733917,0.5603739273322464,2
2.239797462664917,2.517640874717695,0
1.4941639558285589,1.6770726756411622,0
2.258807128947301,1.7800838788942286,0
3.0776742573655467,-0.03980572431422845,2
2.095639209769169,2.2313035133461088,0
2.7010755603592296,-2.218142941277545,1
1.6064104866047015,1.254885593058635,0
2.072279462756831,1.4935957081354934,0
2.424501704982987,2.18045885640002,0
3.044963353269584,-2.221122954654261,1
3.116691765825357,-2.4051282337157276,1
2.9705990612935183,0.7378280165043426,2
2.165272338271097,2.0305671323259604,0
2.7697436156751363,-1.9399070541810697,1
2.7620463274140445,-2.5117318664031596,1
2.936715618679832,0.4846354816300531,2
2.672045217689305,-1.2069597130121794,1
3.0488750002027385,0.40545011481854726,2
1.5627969864555085,2.1750416071114635,0
2.517541666920871,-2.0820498117221846,1
2.702185563486733,-2.1249930014895657,1
2.0696570419785485,1.2046990949867686,0
2.670540133106716,-0.5719144519944342,2
2.544744179256761,0.5795725731173617,2
3.0050334252589934,-2.056098823828033,1
2.115585732799618,0.9489120426164963,0
1.6494025110783914,1.0351413637464102,0
3.094823190902595,-2.308749663641597,1
2.7954054478394426,-2.43743543569893,1
2.8076742703746014,-2.385395392728802,1
2.3013966219930113,2.0666942119314524,0
3.1022896649818414,-2.4241863626760205,1
2.2005056827540512,-0.02952036086294456,2
2.0808080548049617,0.8226923972424619,0
2.113573721502963,1.3070839157371594,0
2.5348803764455994,0.44800679851803904,2
2.337193320204345,0.9327032862189177,0
3.093756551748417,-2.2922587066366793,1
2.5955272060312247,-0.2739632996917454,2
3.064214256331166,0.2704764256270274,2
2.4479257562869163,-2.5726507132504173,1
2.118373629738254,0.08488526455110293,2
3.0284279741177125,-2.2071991696047184,1
3.1156251266711785,-2.38863727671081,1
3.0105104638976683,-2.253903398123469,1
1.8419525080563053,1.6227247748994138,0
3.1134918483628224,-2.3556553627009746,1
2.5333244041999956,-0.34538023644042565,2
2.1442703494949855,1.9950528074478426,0
2.103720201947343,1.914577895748693,0
2.78231129630056,0.04671039815491654,2
1.8962600341235842,1.6858405400963357,0
2.8015370337220795,0.47588389889701754,2
2.2545719037502803,2.290763064231216,0
3.1012230258276636,-2.407695405671103,1
2.643868449663791,0.9350155083026623,0
2.056670282116159,1.9824686688848372,0
3.090556634285883,-2.2427858356219263,1
1.9229071168980831,1.2707898851706019,0
2.906087681564119,0.6507084844209645,2
1.9623357436893767,1.0550095206976435,0
3.096956469210951,-2.3417315776514323,1
2.3937212048707766,1.8647263507446428,0
2.7291844118641895,-1.5531415456625313,1
2.7800865519163582,-0.6037709475205858,2
2.325909722203376,1.7355386788373663,0
2.6487640696448214,0.4607225389926634,2
1.6393504185341006,1.5910842799508513,0
2.7300768702087383,-2.352375898666969,1
1.8124184196860147,1.9821106091467553,0
2.726876952746204,-2.302903027652216,1
2.7519454451314997,-2.4487544687410994,1
2.749805553743816,-2.394385876273096,1
2.6762903988454534,0.92665393182423,2
2.2082347602174273,1.2846391403250674,0
3.0990897475193075,-2.3747134916612676,1
2.2226292317030167,-0.7969921847572717,1
2.4774731385659434,-2.038772502712704,1
1.4141388864394266,0.6792855129559753,0
1.7686497864665598,1.833779483444728,0
2.147850047557345,2.1488857670971035,0
2.748745527668966,-2.3992815977263464,1
1.6939546696188426,1.2237982455939715,0
2.698083189870053,-2.242458903941012,1
2.727101135463431,0.29138141383004024,0
2.782907163855888,-2.467313430588252,1
2.256557191608584,2.2944528218696947,0
3.1145584875170003,-2.3721463197058923,1
2.7204235940041603,0.2608101329214344,2
2.4819199238507204,-0.11732607412992921,2
2.0960509550727053,0.8411248020674406,0
2.503675357916556,-1.8676673706582558,1
3.118825044133713,-2.4381101477255624,1
1.987833360316921,1.5313870480323284,0
2.1303170670542255,1.4890287199915089,0
2.9377822578340105,0.46814452462513545,2
3.1156251266711785,-2.38863727671081,1
2.7066867534707604,0.08788279311257866,2
2.374916858645655,1.7450734398137053,0
3.108158652591932,-2.2732005776763864,1
2.8463078663305694,0.6729212617159632,2
2.6705031659560863,0.31538177966786074,2
2.2270713601614185,1.8074288394434688,0
2.2066753062252324,2.2202781258554674,0
3.110291930900288,-2.3061824916862217,1
2.674580106291587,0.2129454648909535,2
2.401958045005619,-1.6446132987604785,1
3.090556634285883,-2.2427858356219263,1
2.500788236641816,-1.940280019870577,1
2.432877519564814,1.9564046327404165,0
2.1800194057054454,0.16004757862757357,0
2.9942008469974835,-0.03731686722453639,2
2.669436526801908,0.3318727366727785,2
2.9289343442974163,0.7557308501375208,2
2.7569618069133983,-2.3477822169713076,1
2.2353362827399654,1.4570358534421168,0
2.724925244646544,-1.8263079941460743,1
3.1033563041360197,-2.440677319680938,1
1.4765118743823444,-1.0432848127387457,1
2.4890386831137894,1.6355443849184421,0
1.9390094321606033,0.9553121236168888,0
3.1156251266711785,-2.38863727671081,1
2.6719852604024323,-0.053002566595080125,2
2.9868257377725835,-2.019277981258911,1
2.3555026375501367,2.2348325430299205,0
1.9924393210774372,3.750677313478566,4
2.0575566988331846,0.8287074457389392,0
2.9774771363474692,0.2604261820587034,2
2.1991709278795684,2.034156034145498,0
2.1469120111147597,2.0834483841820517,0
2.1784259189053174,0.81638749501722,0
2.4255683441371647,2.1639678993951024,0
2.2474099879795593,1.9780282586664655,0
2.064069654003839,0.8461834726434209,0
2.241225875801793,2.0227778980042297,0
3.0294946132718907,-2.223690126609636,1
2.220147440272234,1.4353703211152633,0
2.0928001139281984,2.0897157675892504,0
2.1445424865458484,2.2174772262137052,0
3.1177584049795346,-2.421619190720645,1
2.9231288835110556,-1.9103242916082457,1
2.762256926989723,0.07887285870220287,2
2.9742711579364127,0.8682056464599053,2
2.327153845690698,1.8149695234087786,0
2.063048690817211,1.389792090781522,0
2.0182249280439883,1.3365367470579457,0
2.209379366560236,1.2110053026421588,0
2.071201250741109,2.006787558436693,0
2.2464353337136402,-0.07669104040251795,0
2.166291786244562,1.4635440889836273,0
2.759939277907472,-0.16080893694138873,2
2.835072540490978,0.48480439533947467,2
2.743460713130107,-0.14264587816052707,2
2.3123689548632833,-0.594062826882135,1
2.2704284589719803,1.2539593371208109,0
1.967795197152073,2.099244565362964,0
2.834176831270064,-0.1205132877648384,2
3.0630180253329127,0.4686968919493033,2
2.502921514950172,-1.9732619338804123,1
1.9815725512231817,3.072349710169436,0
2.0664316835726617,2.222933797917809,0
2.7932721695310865,-2.4044535216890948,1
2.6316219787172295,0.2522734062627766,2
2.427931014869235,-2.4759288276053306,1
2.369811150940058,0.547285578636553,2
2.2137278388957657,1.9675122355695494,0
2.033752161448612,1.3903139521154542,0
2.21865348995948,2.0674170692901304,0
2.7807819703120216,-1.9799631815414271,1
1.9796638476959256,1.3972719724540899,0
1.890065334158011,2.0757806463021473,0
1.9087761163421542,0.6919697383221968,0
2.585540633502294,0.8937250020431524,2
3.1198916832878907,-2.45460110473048,1
1.6114088904272976,1.8032274184447683,0
2.347373597500112,-2.3170381289777606,1
2.9095835304182254,-0.33728519374045685,2
2.014631917303972,1.9501004462925633,0
2.800015711987247,-1.9864837709771828,1
1.9721795056906648,2.2857304096404176,0
2.259214982759022,0.8253221443864767,0
2.326195111416917,1.8521528940540724,0
2.7476788885147876,-2.3827906407214288,1
2.4901383479514116,0.4141582604947263,2
2.4664644157964557,1.3779687909134577,0
2.4262896039485664,1.3186959469164439,0
2.3088207146955986,0.7491377396422232,0
2.899513362482871,-0.027712426764979398,2
2.8922642700468675,0.5604935094928838,2
2.433304888206446,-1.2441523871198035,1
2.466858028919014,0.03814605064371693,2
2.166482190473613,1.1338574326694484,0
2.0812176761414865,1.798430140579507,3
1.5009514883901611,0.9598234385465966,0
2.2287171562801005,1.5847118994719562,0
2.847286701474495,0.2876186668049565,2
2.249961930107073,2.5407952764999586,0
3.0990897475193075,-2.3747134916612676,1
1.8358629945502873,1.7724693021951046,0
2.9732234974502347,-0.932087581896533,1
2.0477323066382325,2.3782530986823285,0
2.8492310676672448,0.3458191725065253,2
2.034693027423151,0.9205306754917678,0
2.451116078178261,1.8787869349231223,0
2.702124296702271,-2.4434106135018197,1
2.898409928227413,0.8348099056407062,2
3.1288930771360794,0.6597031229764985,2
3.10922529174611,-2.289691534681304,1
1.9633425516134642,3.72633136985142,4
2.4330977483404967,2.2504442467871404,0
2.1696953215386676,1.5595006686371682,0
2.842410614993893,0.6805723600711353,2
2.015264504264274,1.3466546992672026,0
3.1156251266711785,-2.38863727671081,1
2.180838417846063,2.4624941266683202,0
2.27711996920529,1.9575283233041656,0
3.1022896649818414,-2.4241863626760205,1
1.6392619311111603,2.545957767041176,0
2.88038216642634,0.9025571733896391,2
1.6273387603176188,1.7967565548587003,0
2.8116081937219994,0.06927870964659735,2
1.9995863300446632,1.1185920561401308,0
1.400056210657084,1.974510020743283,0
2.7893069987809564,-2.5662591726177575,1
2.552076575215751,-2.1264712845836304,1
2.190431307255996,0.6418263102562437,0
3.033761169888603,-2.289653954629306,1
2.661169082103258,1.1323702451965363,0
3.0261003377265556,-0.4134687002899644,2
2.720778503687718,-2.4317267645710436,1
3.096956469210951,-2.3417315776514323,1
2.1969708135426624,2.2638324603302755,0
2.78178162402845,-2.5751285224674545,1
2.3318197251772723,0.1262967424731051,2
3.1145584875170003,-2.3721463197058923,1
3.108158652591932,-2.2732005776763864,1
2.3328587609484837,0.7136561745302362,2
2.8194073010705605,-2.5667959197828956,1
1.6771972970643763,2.93436894361264,0
1.8576085031137826,1.6470533067682425,0
2.631068779813654,1.1329069923616741,0
2.179324223857214,1.3349633252207793,0
2.9890228966478722,0.35320092898673716,2
1.4973917509643841,0.931043652352431,2
1.9938601512631442,-0.4100380232265265,2
2.4214499677758683,2.5332093382667793,0
2.548526437973423,-2.1453543426344264,1
2.412107196192218,0.4675684922621587,2
3.0587514687162,0.5346607199689737,2
2.7817072739619357,0.7023298822771975,2
3.0520526481240933,0.36079577827968834,2
1.4789218663743058,1.4273087047335575,0
1.8913018788066076,1.334867177513249,0
3.090556634285883,-2.2427858356219263,1
3.1001563866734854,-2.391204448666185,1
1.480968911181688,2.028099281888981,0
2.5966815801844167,0.63079015095793,2
2.7834803328353757,-1.9725599859276404,1
2.0082528025738036,2.262290916952862,0
2.882602078598536,-0.35821661225806256,1
2.3880808081984393,-0.026562300483422063,2
3.1220249615962468,-2.4875830187403154,1
1.9500758432262701,1.9964130914729776,0
2.505699319881548,-1.4580479991492865,1
1.788626329711793,-0.38366593342174815,0
1.9702789419660207,1.453140197348164,0
2.1098037019315816,1.936230148678301,0
2.4256412042173405,2.43948107724677,0
2.052010252356575,2.4803679531522014,0
3.144917252362539,0.24546578528599583,2
3.1070920134377538,-2.2567096206714687,1
2.480140820255132,1.8032263103617099,0
2.1760735081058598,2.611065387276298,0
2.736476705133807,-2.4513216406964746,1
2.8672709956618596,0.397795563321631,2
2.041342226741617,2.053015558318381,0
2.048975177556715,-1.259437945379301,1
2.511780733739039,-1.824504900342344,1
2.801082351141425,-2.0029747279821,1
2.10021046140837,2.260067698212472,0
2.241101170754492,-2.0887701131976852,1
2.451055140582759,-0.06772843190172932,2
2.1443378921873024,1.9283662799972272,0
1.1651040718362113,1.1782974185488124,0
2.8377821956038964,0.6384718412155773,2
2.809299107637943,-0.5634897573580746,2
1.7002104016358408,1.963340112165635,0
1.6757018042107115,2.0783767595821283,0
2.7770866789617967,0.3794119821676031,2
2.7300768702087383,-2.352375898666969,1
2.7455456102064315,-2.349808726711594,1
2.700939858965638,0.6954058391805646,2
3.1220249615962468,-2.4875830187403154,1
2.194605090342297,-0.8782645182081777,1
1.7372775679033035,-0.9845296303341541,2
2.774211530891221,-2.545215984572673,1
3.0595413917445193,0.24054054476937103,2
2.1547378291099895,1.9487722642270278,0
3.0810244293973374,0.3122647846306422,2
2.7621052280873046,-2.3874258175190395,1
3.10922529174611,-2.289691534681304,1
2.400293029086363,0.1200287623944939,2
2.654487178486316,-1.3136794814597355,1
2.804094881737963,0.4091511754708031,2
3.1523707474279505,-0.6093276242733723,2
2.3929656260819243,1.8590591460776613,0
2.0163359663585942,1.96584674126708,0
2.5132981626323225,-2.060831552767603,1
2.625533070339239,-0.5158242131760915,2
3.092689912594239,-2.2757677496317616,1
2.312969788345609,1.6816295965767636,0
3.098876926249837,0.719906539154568,2
2.9100164973667697,0.7773235403515513,2
3.1022896649818414,-2.4241863626760205,1
2.0487721765326827,1.216286486550436,0
2.684054081819338,0.5132043568187601,2
3.0294946132718907,-2.223690126609636,1
2.70895944252616,-2.349607256170967,1
2.4454935879295254,0.245774582598382,2
3.049633552144321,-1.5265054347552174,1
2.6663498559609624,0.5400978772091066,2
2.2576303546586174,-1.5747445309111088,1
2.3667979325926765,-2.3650118847081503,1
2.1020515566904754,2.043502878909436,0
3.0284279741177125,-2.2071991696047184,1
2.530877128610208,-2.046500725756974,1
1.9288765208423686,2.1934112492931153,0
2.174223533744266,1.1314579600265708,0
2.1078233107032367,1.2900797871038983,0
1.4913851205601887,1.2461393872311415,0
2.238328302645459,3.0124268816799864,0
1.3690270905439652,3.0228882714429166,0
1.87075397103063,1.3104723043376294,0
2.7944718380420093,0.2920207698774564,2
3.0267148190934465,0.15842147705814816,2
3.0980231083651293,-2.35822253465635,1
2.6236089921649803,0.26530398504062647,2
3.153090544902164,-0.8152212469564808,2
3.0744743399030123,0.009667146700524404,2
2.340034829306158,1.2025863626139028,0
2.986734372918237,0.07811983180988682,2
1.8171699775386099,2.2386274987632495,0
2.294276383825055,2.7813082022941087,3
3.1022896649818414,-2.4241863626760205,1
2.142546600149992,2.2356288375289046,0
2.7444327739953813,-1.6720950267310508,1
2.439315078182776,2.0407381319146065,0
1.468357246091287,1.218794566939255,0
2.0876127475434134,1.5778310471674328,0
2.93244906206312,0.5505993096497235,2
2.365288142444962,2.582745685066849,3
2.928568042716351,0.44846032773399247,2
3.0980231083651293,-2.35822253465635,1
2.934582340371476,0.5176173956398882,2
3.095889830056773,-2.3252406206465146,1
2.3780531343328084,1.9572686611492203,0
1.5362880926664604,1.8259947254644566,0
2.2281302930310325,2.288112895072568,0
2.326430462652017,-0.02922541191320635,0
2.219686351553936,0.11517186149892045,2
2.018789018469103,1.2469625093480858,0
1.5978445175175366,1.3296701441535161,0
1.8880609308991572,2.003393983258997,0
2.9180718573721416,0.6931176588799577,2
2.364951384274205,1.7607713715914857,0
3.118825044133713,-2.4381101477255624,1
2.157358600982535,0.8780507710589441,0
2.2236659617668626,0.9862676933636988,0
2.3636690763927084,-2.4073602475782874,1
2.7519454451314997,-2.4487544687410994,1
2.4808626723096894,-2.0517728869702205,1
2.1688193563709834,2.072718017983719,0
2.688920565128752,-2.2132473946664213,1
1.6415584028276826,2.0286402563219452,0
2.786296855915406,-2.5595974860798614,1
2.5182161056043575,-1.9618469194307837,1
1.6300173478867648,1.7179189364670915,0
2.139462612935819,0.13101869319280507,2
2.0148225189280202,1.1069477904234677,0
2.0536974845460776,1.6905553250421888,0
2.292267717505134,1.8576146918239216,0
2.7012831073325874,-2.291931774955765,1
3.120958322442069,-2.4710920617353977,1
2.323424400136803,1.6847598486435198,0
2.3098791522031634,1.8462796663205596,0
1.945680942096546,2.0416456013204294,0
2.0019378154098293,1.3150411001587041,0
2.4385784166318256,0.6540453996928658,0
2.1338546265793616,1.1184963935975518,0
2.1289308397999527,-1.7808403266847166,1
2.77974107032646,-0.9953124376408352,1
3.118825044133713,-2.4381101477255624,1
2.729374081650213,-0.7792208340255409,2
3.095889830056773,-2.3252406206465146,1
3.0048032240124196,-2.0457801004469855,1
2.3116529682140996,2.451346527435075,3
1.8627680635534225,2.0988135392215526,0
2.411409911210888,1.9404226142582424,0
2.115041318850413,1.9996341045334902,0
2.013027678932609,1.7655661019794773,0
3.120958322442069,-2.4710920617353977,1
1.7227231358749533,2.4551410808233394,0
2.7765073289308195,-2.368367688558746,1
1.3106444225418994,0.9197824158225424,0
2.315091149507621,2.053852883290469,0
2.2052205107914618,2.611198088376509,3
1.6429155278586791,1.6829925558632999,0
2.470830393824676,-2.0683099165297314,1
2.3363273901403807,0.598411283323775,2
2.4484394754305177,-2.054726712552484,1
1.4484255192570004,2.3264769702748187,3
2.182818272395445,2.162123734610363,0
3.104422943290198,-2.457168276685856,1
2.0030095589182184,1.8185691800909858,0
2.7733218619430655,-2.377484365534147,1
2.174709374280415,1.4189613976224336,0
2.7590950852217544,-2.3807641309811434,1
2.0710340948276067,1.9657526389145406,0
1.9033367026572252,1.3584672767585626,0
2.1207440270304585,2.3507616648397045,0
1.4523610472300161,0.9161325684540956,0
1.7962225266108085,0.8370755935375899,0
1.207330027295857,2.456524822482366,0
2.222634095327059,1.2116878842499208,0
1.9957514247026598,1.7986428729936783,0
2.1387381464775967,-1.216717489191754,2
2.048924280509215,-2.00988387691435,1
2.7953850648013963,0.30872416148425297,2
1.7934023800414578,2.5679319018825786,0
3.10922529174611,-2.289691534681304,1
1.9563184830645435,2.1449760619151146,0
2.3359245843069907,3.3270083178005003,0
2.3746439387010145,2.8790226885705295,0
3.1033563041360197,-2.440677319680938,1
2.738768635166302,-2.411934544283637,1
2.2657226923645784,0.531132238127153,0
2.1306435005687967,2.067152314969722,0
2.8336217093107314,-0.23363749948072107,2
2.191888934846759,2.0037051353994006,0
2.2333314886221856,0.9541049249531933,0
2.2635967727721127,1.7494135713796501,0
2.047572221010055,-0.5585034251610903,1
2.778187722029848,-1.9368964110413367,1
2.1214511420804985,-1.1696435671286742,1
2.3607576578534797,2.161054610564868,0
2.7552847438218477,0.9456057838791991,2
2.3305348133511226,-2.1765752161904643,1
2.891154733405626,0.8815818824898112,2
2.3516515121451103,0.02232318472648931,2
2.8035758488846976,0.6059513122030672,2
2.369420978881407,1.9207453046539795,0
2.207285573658606,2.2859855894450223,0
2.4300936784392055,0.28628447687656394,2
2.796879104885952,-0.22111214325779785,2
1.7846541050172646,1.8787319951496322,0
2.3841844434839867,2.0313919569971173,0
3.10922529174611,-2.289691534681304,1
2.238875624372619,0.8464405180896557,0
1.599775697745059,2.0300362563376413,0
2.0832288802719243,1.9934330051029132,0
2.786107081318422,-2.5167863016030045,1
3.0990897475193075,-2.3747134916612676,1
3.116691765825357,-2.4051282337157276,1
2.6358513241502237,0.6262239699171996,2
1.695125685097533,1.4169781426765307,0
2.1353062625874855,2.8124565488049416,0
1.6022698259300039,1.6048115801040368,0
1.9047105480058024,0.9492544567935635,0
2.3007751233283553,1.9767472444095056,0
3.0424751652776703,0.504395856848053,2
3.095889830056773,-2.3252406206465146,1
2.2119515484199206,2.231992965239699,0
2.3067984189670017,1.8524075448781487,0
1.845948341995397,-0.3160424701481139,2
1.4778648507538337,-0.4687164355655443,0
1.949405245760863,1.9429393298765314,0
2.7811471576554894,-2.410721156577957,1
2.780666779103348,-0.8401690242608367,1
1.9687463359667972,1.2527167506959245,0
3.1033563041360197,-2.440677319680938,1
2.8612076720304516,0.3224619972456739,2
2.9507661668687795,0.623436411388121,2
1.5860341067594605,2.0415708550301774,0
1.8147929130521658,0.7547878454482894,0
2.3751887652057553,-1.6203935954334308,1
2.3279004678536466,0.6294658538992075,2
3.108158652591932,-2.2732005776763864,1
2.9485306810080965,0.6528971037338429,2
2.991993993149629,0.537444897741877,2
3.096956469210951,-2.3417315776514323,1
2.84567005498255,-1.2306253283182067,1
3.1033563041360197,-2.440677319680938,1
3.0894899951317045,-2.2262948786170087,1
2.8087409095287796,-2.4018863497337195,1
2.1642501296050263,2.6681565157095855,0
1.8911691223894913,-0.07793976861068985,0
2.273757936794669,2.256341758711401,0
2.740212414435541,-2.2673539416870057,1
2.023184034187715,0.3523233912508183,0
1.8814921460347578,2.1628306785113756,3
2.435028804735566,2.24581698218403,0
1.699944674526264,1.7679137174078954,0
1.8412609106467288,3.6433693265110993,2
1.4940713288714667,1.8895975338533866,0
2.124030825194176,-1.917854546026484,1
2.78184052470171,-2.450822473583335,1
2.798383988618071,-2.010377923595887,1
2.663319338976297,-2.259816447076315,1
2.627091756079273,-1.2483591420345097,1
1.9894480679191333,2.127496106988238,0
2.780470683090563,-1.748197591748949,1
1.418154639881715,1.2979457764410585,0
2.396493452563653,2.052586794515694,0
1.2264723332088487,1.7202815103671176,0
3.095889830056773,-2.3252406206465146,1
2.468619787372489,0.4251033774262455,2
2.845230004308441,0.4452328519901069,2
2.119850892184419,2.7879731768739373,3
1.9518894673218479,1.794024378024632,0
2.3106947757754766,1.6146172555110798,0
2.9928795472005056,0.28583914138935895,2
2.2933220073956067,1.84730695205503,0
2.1651930365204817,1.1567709547670149,0
1.705500923969081,2.0187384895967897,0
2.904156562537489,-2.134802146770943,1
3.041158101003327,0.6346754393129228,2
2.2211906779158164,2.8121176949639257,3
1.995466998968499,1.1900363319280847,0
2.1299535407393106,2.4115960101517766,0
2.945041893210845,0.7905100157366033,2
2.398896302101252,1.9632387258887953,0
2.9175703375858815,0.5464318845209808,2
2.0717341598693504,2.2488926145983625,0
2.2324710819847535,0.7220038087557804,0
2.1788657073315134,2.4108315856011155,0
2.7237439951427165,0.6103887008843557,2
3.0252280566551786,-2.157726298589966,1
3.10922529174611,-2.289691534681304,1
1.9693796127087646,1.8158220562978236,0
1.4083411265879546,2.3671392105163505,0
2.6789314540596734,0.4102168426487683,2
2.0462119981958753,0.8543077110691512,0
2.4313460671594,1.8717037535577865,0
2.522456618232575,0.4778354645142714,2
3.0174460906619367,-2.119408570128753,1
2.088797046885912,0.9279221610651794,0
3.049229909886296,-2.287086782673931,1
2.5633758101860598,0.3673969304129204,2
3.0638079483612315,0.17457671674970057,2
2.00256854053074,0.21484511382502933,0
2.695052583683246,0.7459010128947151,2
1.6397324081483189,0.6952991871963498,0
2.901860998666536,0.5531035252930889,2
2.469621295198034,-1.9232523157005217,1
2.753012084285678,-2.465245425746017,1
2.3946033774206192,2.2197270563104654,0
2.5730383205993617,0.6173427843245662,2
3.116691765825357,-2.4051282337157276,1
3.094823190902595,-2.308749663641597,1
3.091623273440061,-2.259276792626844,1
2.3606472960920533,2.1582096469879626,0
1.9693335270957715,2.103584979107323,0
3.104422943290198,-2.457168276685856,1
1.635094717544696,1.3095220202971694,0
2.798329548987933,-0.12285166672780083,2
2.7620232327805163,0.48463208157768256,2
2.248447566352368,2.2274283501545424,0
2.190172332618303,1.4558454170017032,0
3.1177584049795346,-2.421619190720645,1
2.2465845462955993,2.1444141650169346,0
2.860964098363204,0.16441864545243148,2
1.647219131042333,1.5962807225864812,0
1.4829575515693618,1.5744581944317986,0
1.2623313840941297,1.0751649308240072,0
2.106925953371167,1.9145912629492352,0
2.8159689555140317,0.5189326815535126,2
2.023488890486607,0.8859611888859827,0
2.1092829803328716,2.0043239498215675,0
1.926652730699148,1.0234507236952723,0
2.4230158595272178,1.5540431528682481,0
2.1172748701468724,1.8121551438827947,0
2.4323155711465483,0.3200105699282506,2
1.873949872034572,1.7466333591215069,0
2.597324849404018,-0.4403100148776974,2
1.950752279616595,1.8179741070948108,0
2.6616333653564874,-0.6001249927342042,2
2.154103706372238,2.081929589519958,0
1.92176603459297,2.2392696996907873,0
2.3336197985344382,1.8574192496371869,0
2.7305280358913375,0.8778950942841932,2
1.810085566391342,0.6189986024290602,0
2.9358883698307428,0.5788411806131245,2
2.7360943758421925,0.2632365546683407,2
3.1012230258276636,-2.407695405671103,1
3.095889830056773,-2.3252406206465146,1
1.9373812845676863,0.8143502090077145,2
2.1368636644483723,1.7387306328389616,0
2.0803312295825007,2.1126922093901297,0
1.4724514803598328,2.2886209846201617,0
2.3702125515908867,1.4509051876519703,0
3.033761169888603,-2.289653954629306,1
2.223482530572429,0.4695673626572065,0
2.987892376926762,-2.0357689382638284,1
2.7455456102064315,-2.349808726711594,1
2.28779963171554,1.8811515526974696,0
2.68205905769909,-2.398543380020582,1
2.381999790507817,2.0694852001073762,0
2.8578782759564207,0.32297267900975446,2
1.4529103566701969,1.1263342778500158,0
2.0125034193428726,-2.0207720262656674,1
2.1827438363389833,2.2579674268263235,0
2.0691972670428465,1.929109007397494,0
2.7973173494638925,-1.9938869665909693,1
2.7943388086852647,-2.420944478694013,1
2.780640634807758,0.718820839282115,2
2.3252266937344235,2.1388748402704323,0
2.742345692743897,-2.300335855696841,1
3.10922529174611,-2.289691534681304,1
1.214825687526922,1.5374109759974939,0
2.436900543111958,-2.489941051191855,1
2.369410610572052,2.015963267567574,0
2.796626178243501,-1.9734833867196666,1
2.4980918963957675,0.9354051641529764,0
3.112425209208644,-2.3391644056960565,1
2.955673252766924,-0.1067786055480335,2
1.5954955320287094,1.9669968685214627,0
2.7650335339618386,0.39868672380569303,2
2.181885138603732,0.8681071589124402,0
3.10922529174611,-2.289691534681304,1
2.4422192884080682,-2.5138062882262893,1
2.3315297042502676,1.2080028055099716,2
2.0553495061514155,2.1809314074374067,0
3.1145584875170003,-2.3721463197058923,1
1.9361196244333878,1.7851857056768803,0
3.092689912594239,-2.2757677496317616,1
3.095889830056773,-2.3252406206465146,1
1.972388420294528,1.2120934543365056,0
3.096956469210951,-2.3417315776514323,1
2.1613552219126504,1.9840412106809446,0
2.6631494061158323,-2.1452303092020757,1
2.0693482827160516,1.4548569518622079,0
3.0534182729453097,0.6171155049935617,2
3.1012230258276636,-2.407695405671103,1
1.0932281996921602,1.881734138955832,0
3.1145584875170003,-2.3721463197058923,1
2.2069343215112056,2.4356607120410274,3
2.567076033150081,0.43919224018647374,2
3.092689912594239,-2.2757677496317616,1
2.57999868310639,-1.1411132847683867,1
3.1220249615962468,-2.4875830187403154,1
3.091623273440061,-2.259276792626844,1
2.8181841510249734,0.3138713078755365,2
2.2152097738902548,1.9889418636074017,0
3.094823190902595,-2.308749663641597,1
1.9751280174663983,1.6096781263726656,0
2.6857947670008246,-2.214575681011113,1
2.8945568101498864,-1.9863835337266844,1
1.5085428756865165,1.9689873420523418,0
2.0095668531867403,1.632534555194322,0
3.017038213157348,-0.9561350978233248,2
2.0747872324124383,1.8847640874894604,0
2.815892770829845,-1.936873082659934,1
2.5073782308198815,0.30460307656732577,2
2.382423649523831,-1.9595149162352257,1
1.8661617527169534,1.4277173051283558,3
3.108158652591932,-2.2732005776763864,1
3.1177584049795346,-2.421619190720645,1
2.5739199348835586,1.1333623519359683,3
1.994073679886163,2.2519461240771306,0
3.1177584049795346,-2.421619190720645,1
2.0183597659378956,1.5316247244164607,0
3.0990897475193075,-2.3747134916612676,1
2.1919799760316185,1.488394095648402,0
2.4679459682761364,-1.9417180749417677,1
3.0723410615946563,0.042649060710359704,2
2.8550780179384856,-0.26817392592526546,2
2.030531268049988,2.0990200486375508,0
2.6896205270039113,0.3517381051912605,2
1.9277089741908067,1.6021265468465955,0
2.2115810085333276,2.06508559224265,0
3.0351916596384334,-0.7494808039977137,2
3.092689912594239,-2.2757677496317616,1
3.011252126257493,0.12890965195861917,2
2.8566975417464913,0.23038247347210195,2
2.798383988618071,-2.010377923595887,1
2.256952199075881,2.3761139276878613,0
3.0894899951317045,-2.2262948786170087,1
2.7444789710522532,-2.333317769706676,1
2.153426139706189,2.5254748591092633,0
1.2555992915972858,1.9682417562042895,0
1.9596738591286607,2.064013026671342,0
3.1022896649818414,-2.4241863626760205,1
3.094823190902595,-2.308749663641597,1
1.438928476822591,1.3990100220536945,0
1.629712461091413,1.0926773161544958,0
1.8172035909758748,2.290666679662259,0
2.1816662415273846,0.9968663231465927,0
1.9057952502448379,2.452676088873475,0
2.0724410111060614,0.6425259345430796,0
2.4460536858370885,2.4430451803526467,0
1.3447654342033966,1.1729565781651679,0
2.286031724093875,1.9328477046576715,0
3.04709663157794,-2.254104868664096,1
2.598624188458458,0.4532996450654361,2
2.4975883191792816,-1.8908071488558242,1
2.6402519081414106,0.3707354090801876,2
3.0990897475193075,-2.3747134916612676,1
1.1568634169984366,1.892619804474366,0
2.020283289577522,2.2037774952432017,0
2.312285673806599,1.696701133307007,0
3.0005274756962135,-1.1073997153311383,1
2.8028719219186895,-2.552872134733353,1
1.6562294069139198,1.4214832417717225,0
1.9835090879789867,1.7771435758768628,0
3.1145584875170003,-2.3721463197058923,1
2.8943644058966127,0.4079257290816058,2
3.1134918483628224,-2.3556553627009746,1
2.831458778781275,0.6561629326268686,2
3.09062418178494,0.16384617158638345,2
2.986134566552192,-1.998874401387608,1
2.2991140408613573,1.7697391746771998,0
2.9217495280627284,0.5959230132974572,2
2.2239603456284103,0.9086938755775933,0
2.4051661744720616,0.4189324054427426,0
2.541980357036884,-0.011764901353610413,2
2.6777690127994043,0.033178530126847516,2
2.7786406072391756,-2.401349602568582,1
2.0135811821065652,-0.1821423231852032,2
2.0083521072814547,1.1294580703507664,0
3.0502965490404743,-2.3035777396788486,1
2.7476788885147876,-2.3827906407214288,1
2.8920468884036246,0.08772427226944399,2
2.17658790746009,2.2465574402391786,0
1.8750327014934387,-0.8507034271695977,1
2.2146360452916394,0.7738133018419784,0
2.7558041623173883,-1.1075663491822352,1
2.4956535274182348,-0.1870644683608475,0
2.4000443732735857,1.7883754814632438,0
2.616116027535818,0.6896206259814948,2
3.095889830056773,-2.3252406206465146,1
3.0980231083651293,-2.35822253465635,1
1.9279676821072425,2.006719053085572,0
2.1894453785745966,-1.6040903421566202,1
1.987526185152042,2.207491142023246,0
1.847192342695591,2.0505669070113335,0
3.095889830056773,-2.3252406206465146,1
2.178560412247586,1.69825322699457,0
2.2876206270898782,1.639158507718571,0
2.4897327694016083,-1.1143159026463993,1
3.006419698882725,0.6161093835003362,2
2.1963341711466953,2.1513940036328005,0
2.248189701844235,1.3046811962245914,0
1.5514783683944398,2.2343390035975754,0
2.7557198436370167,-2.347069623479687,1
2.293629240174539,1.9543045489335806,0
2.469172790802646,1.2852812530698534,0
2.1928661990622444,0.9853325222786113,0
1.8525489015406238,1.5320654710720818,0
3.1033563041360197,-2.440677319680938,1
3.112425209208644,-2.3391644056960565,1
2.8366947065984287,-2.016760695729147,1
1.8195175821389389,0.9575288007606578,0
1.7210662087717286,1.406479034086826,0
2.2005079202852262,1.9237304976086746,0
2.1369147779732205,1.4467280429438578,0
1.680495849975006,2.1875074267904524,0
2.3930517975960823,1.6886766773149378,0
2.368910002661061,2.1998562227013285,0
1.408853690284952,1.5497367507873594,0
2.346620972884791,1.2868231163048582,0
3.095889830056773,-2.3252406206465146,1
2.650064905741214,-1.5449851726718125,1
3.092689912594239,-2.2757677496317616,1
1.582837607459105,1.9269395536714347,3
3.001977350664244,-2.1219757420841288,1
2.0592998596308085,1.510662332059749,0
2.3122453786003483,1.9385761755759379,0
2.3487530819685127,0.495499442866416,2
3.0305612524260686,-2.2401810836145537,1
1.7461691409478328,1.631775461124232,0
2.1407832011249344,1.5267970934169854,0
2.7589053106247703,-2.3379529465042865,1
2.7546532044828385,-2.330578666474769,1
2.6354025655871434,0.1597469678074533,2
2.831224294900796,-1.289269969486125,1
1.9179885462422948,2.3588103183786013,0
3.1156251266711785,-2.38863727671081,1
3.1177584049795346,-2.421619190720645,1
2.7723180895855593,0.665306196126876,2
2.5471752771440914,0.42625609098119976,2
2.0560034323547804,1.7277524225986403,0
2.0349152123953593,2.5446590247688112,0
2.1578763059566404,1.8374806496979703,0
2.4007107202800335,-1.9803841804409084,1
1.8809462174053664,1.3053299379334313,0
2.398924285141563,1.8578712020071537,0
3.091623273440061,-2.259276792626844,1
2.699586956670533,-2.3781569647155973,1
1.9931613691725485,0.7422708196898156,0
2.198618321642523,2.062636261582527,0
3.112425209208644,-2.3391644056960565,1
1.9400191020424729,1.753296067060771,0
2.660518052070794,0.057407225986752713,2
3.0502965490404743,-2.3035777396788486,1
2.704146953677717,-0.06944295555963145,2
1.957472197348337,2.1098922457977296,3
2.0859565008372405,2.1643632295331523,0
3.095889830056773,-2.3252406206465146,1
2.371607772945173,2.1290375122725353,0
2.6358513241502237,0.6262239699171996,2
2.053100754542472,1.497780901294559,0
2.0823860288515976,2.506475425849775,0
1.8085205200499548,1.0347357314904495,0
2.8190926882923795,-1.986345953674687,1
2.713532347410899,0.4211575504341629,2
1.943786145147627,1.2240888583574419,0
1.7488682843398065,1.9939585557041932,0
2.8006365809198206,-1.842158405525757,1
3.0099895786851403,0.7792174472602482,2
2.5417078624992264,0.6305420509936406,2
2.132504666026138,0.08385425517504921,2
1.4803586940517048,1.9380749821334489,0
2.2665558915178625,1.7276433522924468,0
1.906601480990478,1.8438426867261013,0
2.132603135938181,1.5480549172173386,0
1.9180610975681465,0.08893491423467997,0
3.092689912594239,-2.2757677496317616,1
2.717523769384691,0.7377927728204746,2
2.1151523230755114,2.296025197290031,0
1.926203415977253,0.6188334995823422,0
2.7886136317347363,-2.52615785561238,1
3.0894899951317045,-2.2262948786170087,1
2.6262475513550614,0.52609091527605,2
2.399306813391698,2.0221106965326228,0
3.161304450010302,-0.8018918804357003,2
2.191468550268186,1.0418745310090256,0
2.3408547854110724,-2.253694258619633,1
2.2180411652676555,2.1032192881233316,0
2.825045862963663,0.1083490172759212,2
2.7179518583331412,-2.358643533555831,1
1.8705634312234969,1.0564892101398482,0
1.5992059648380559,0.5394404884556209,0
2.493448999085644,-2.0437649572902337,1
1.7549803345347044,2.5551536829371844,0
2.441907688522969,2.0657501955577033,0
2.2513848118475557,2.0978561546422734,0
2.8334947891358944,-1.967287824714394,1
2.4018792280898325,0.4467684556847016,2
3.10922529174611,-2.289691534681304,1
1.317264926994244,-0.1807219788050802,0
3.0842243468598713,0.26279191361588927,2
2.7829216143306685,-2.5259029785784053,1
2.0401586714240922,2.1816291198037208,0
3.104422943290198,-2.457168276685856,1
2.6925127322780957,0.7474379363228292,2
1.8844268008303775,0.46456811809245646,0
2.1534196021312284,2.048794956043589,0
2.0680958105655476,1.67243771639584,0
2.2968327107312714,0.49878155183488243,2
3.092689912594239,-2.2757677496317616,1
2.960554850840843,0.1867269418939725,2
2.4037913281085577,-0.6085911751493925,2
2.186756278654838,0.8567181127929351,0
2.494628650037351,1.2349571058136637,0
2.9185827530588053,0.7649817507136528,2
2.115524797577426,2.204451268934104,0
1.6263567332636069,1.6095978170340375,0
2.6142952793210594,0.45210428640780337,2
2.860964098363204,0.16441864545243148,2
2.283417515667618,2.086912018199641,0
2.484252857489945,-1.926356234821035,1
2.004225609458663,1.101183264582576,0
2.1189629527776357,1.8493549054421705,0
2.297453780702757,1.8733272268924661,0
3.0424751652776703,0.504395856848053,2
2.1215590033027785,2.823972290004394,3
3.1220249615962468,-2.4875830187403154,1
1.7800975564397528,-0.23020366627054872,2
2.924659700856054,2.084671660047981,3
2.866297294134094,0.08196386042784357,2
3.1001563866734854,-2.391204448666185,1
2.6353981284131676,-1.20317232400074,1
2.6841798586791894,0.06452685184669499,2
3.032694530734425,-2.273162997624389,1
3.1406261078320385,0.47830259592240454,2
1.4333161115836903,1.7942389605322495,0
2.7567864827911945,-2.3635605804846045,1
1.9741273647416355,1.6809569216437943,0
1.8470926688400544,2.265330947944168,0
3.0030789446272417,0.7047457296852886,2
3.1033563041360197,-2.440677319680938,1
2.3005802482710918,0.4713963894488289,0
2.5228802239033796,0.84990137135546,2
2.129783331083105,-0.08542030066665782,2
2.3799460801032275,2.563099531230241,0
2.629465301187002,0.5902560782203103,2
2.452307183071792,2.0272071521238293,0
2.7835841917614648,-2.510122200806936,1
1.4897137160404819,2.8585590216287784,0
2.769571702166551,-2.5028625165534626,1
2.0848591384729365,1.2348887945787994,0
3.1113585700544664,-2.3226734486911393,1
3.01189012564902,0.36587144364695456,2
2.7466122493606093,-2.366299683716511,1
2.223043899645411,1.2648862701605559,0
3.0009107115100657,-2.105484785079211,1
2.2967954601341494,2.169985021201605,0
2.087257589896195,-2.581011233233521,1
3.092689912594239,-2.2757677496317616,1
1.9991716893841684,1.3242981078658334,0
2.171848851833284,2.4613906613849506,0
2.0473918396163513,1.8716098137040333,0
2.423064810874978,-2.5005881058397543,1
2.2524202088847725,1.611697730280208,0
2.409556651315748,0.2455127119930894,2
2.6518714756464887,-0.5250087529350568,2
1.8354896961516414,2.170231227702245,0
2.9070068028735325,-0.5460072117559308,1
3.0990897475193075,-2.3747134916612676,1
1.780531970880634,2.117913649837283,0
2.990488342069478,-0.025586315572402513,2
2.3556057411639855,-0.12256474128309242,0
1.4728805585735574,1.1468322352693436,0
1.6833910131028291,0.6450164708155143,0
2.1381852360956737,1.9847705807667149,0
2.0822436856934083,2.2558974349959193,0
1.2317655681319428,0.20328811486885853,0
1.6786259757217472,0.9620693949665954,0
2.42285726390162,-2.4267992721615346,1
2.3632263603231083,2.0126918743002395,0
2.137116894996917,1.7692009421968455,0
2.2800804266816352,0.3203742786108543,0
3.1070920134377538,-2.2567096206714687,1
1.45553533693751,2.1063024170444318,0
2.4132919816571334,1.3536223191332517,0
2.8577553528207105,-0.5705366543261536,2
2.004772377714235,1.2125782490975199,0
2.456463262294789,-0.45833301060362364,2
2.211524948214709,2.082665348745713,0
2.278279045679837,1.9520532926050298,0
2.7716635701334815,0.2894222583951396,2
2.413187174414619,2.02101193950173,0
2.932415919604509,0.4310134432482808,2
1.8612451414759572,1.087213442065896,0
2.1209788001360073,1.4802467788339475,0
3.187184326078428,-0.5645189628081082,2
2.1097305943016247,2.036081683007544,0
2.4152766895435294,2.006525353522711,0
2.7585039317807074,-2.4753312003479317,1
2.6305790422557926,0.3493515532074084,2
1.6984054661725683,1.829169300288072,0
2.7871737204726004,-2.533277258607922,1
2.0621906543960495,1.1725879598521554,0
3.096956469210951,-2.3417315776514323,1
3.1145584875170003,-2.3721463197058923,1
2.7646117785036184,-2.3967973715284145,1
2.447942494872257,-1.8696849301032479,1
2.896497684204969,0.37494381507177066,2
2.000733480679486,0.8396991239445967,0
1.6571131298821278,1.42385728722831,0
1.9500260397142062,2.461829651627995,0
2.026190899053382,1.9164508877981405,0
2.446130394375066,1.6816776878018194,0
2.0762687619291302,-1.123526944576526,2
2.3565635560736546,0.9281167070341918,0
2.365977467816358,1.931140517602108,0
2.1591001377745695,1.408715324339117,0
2.2764553523837487,0.5087834256498781,0
2.6939343548602093,0.8007576817247329,2
3.10922529174611,-2.289691534681304,1
2.1266053726586858,1.8817128481607739,0
2.1910650914126526,1.804296366081752,0
2.7871737204726004,-2.533277258607922,1
1.9819384495723003,1.6222659515916547,0
2.3857127644307634,1.867743861537813,0
2.147942891080169,1.03080464297202,0
2.8648262692215405,0.22447218269696212,2
3.0323790388204297,-2.3502819681975997,1
1.8152511721691191,1.536736102947361,0
2.7558951677592205,-2.33129125996639,1
2.014363482266834,0.7962876704888788,0
3.033761169888603,-2.289653954629306,1
2.3944268095574874,0.6354931959250407,3
2.9447856741556038,0.9484965384811803,2
2.7712243801263825,0.49885016155636075,2
3.112425209208644,-2.3391644056960565,1
2.2058545249766444,-0.19371253686754028,2
2.3224899455007684,0.16759776164720966,2
2.7922055303769087,-2.3879625646841776,1
1.8332799418919912,2.1425203639958834,0
2.2970473995806446,1.1878540730844154,2
1.0340568072370862,1.3024204620467725,0
2.1330915196444815,-0.6951398134623556,1
2.1961496090739634,2.6517119802258344,3
2.8624964001434408,0.34025500662391317,2
1.8326862578364798,1.705186540300409,0
3.090556634285883,-2.2427858356219263,1
2.761417992462149,-1.5866602068375044,1
2.8091322345914205,0.4910037399602405,2
2.783973803010066,-2.4838043875931697,1
3.0810244293973374,0.3122647846306422,2
1.4256093719748097,1.3351387732040094,3
2.7768800063302828,0.05892355490111126,2
2.2746844388837495,1.9965756178446115,0
2.999149790281499,0.36862290867721137,2
2.305894524756966,-2.1533163426240876,1
2.1345922064396503,1.7267400200736702,0
1.7068151366709499,1.0700525882590173,0
1.7358161529212117,1.1143037829794131,0
3.094823190902595,-2.308749663641597,1
2.889913610095268,0.12070618627927918,2
2.2152651616363084,1.9841841137043643,0
2.244022154676954,1.6285571512819454,0
2.450483017834621,0.5651923307291877,2
1.967076762691734,1.9026289769669251,0
2.3928308113119883,1.5873338988247772,0
2.461388313646196,-1.988141971846071,1
2.7815515108933537,0.7360328539724784,2
2.7068261642178038,-2.316625342161132,1
2.771704980474907,-2.535844430563298,1
1.868305198635492,2.2975002038045673,0
3.1177584049795346,-2.421619190720645,1
2.136123948382137,2.0781787397915035,0
2.305954734443079,-2.130253376428326,1
2.7642385063956607,-2.420407731528875,1
2.289326935881597,1.7657979697469952,0
3.0305612524260686,-2.2401810836145537,1
1.5542256708979862,2.055706865774019,0
1.7790579062928122,1.5692654973483773,3
2.236348818098748,1.748581163345372,0
3.0776742573655467,-0.03980572431422845,2
2.1989150296096422,1.9092819730080421,0
1.7704383132973704,1.05099536168607,0
2.2062620995462363,1.3057004495535267,0
2.819663179323485,0.20151165669138485,2
2.782907163855888,-2.467313430588252,1
2.179805035688277,0.8358851597149733,2
2.0743573444628165,0.09631101553867699,2
1.922464714213135,1.032240891088582,0
1.9593599401438448,1.1812821886547349,0
2.778914402678882,-1.799977762822989,1
1.8058089952840195,1.9360088399941449,0
3.031312399666252,-2.333791011192682,1
2.3377440940867285,2.2460370512430607,0
2.8298229395103927,1.2724504181574918,3
2.623914690097595,-0.7576217263630436,2
2.2002657860754975,2.0958513194757606,0
2.001349118254447,-0.162990737236673,3
2.102549119819759,-2.106598347292817,1
2.395802449187127,2.0432434633497047,0
3.0428300749612274,-2.1881410406444255,1
1.9515276370527108,2.562999783180625,0
2.6703260270031315,-2.2171428529664885,1
2.9543387360250635,-0.977758935795299,2
2.9248575218080615,0.5663399818137554,2
3.005494395232811,-2.066183680318288,1
2.2134856832476766,2.0456173844081484,0
2.1018021558454927,1.6998182760447111,0
1.9004008396467067,2.331970589978571,0
2.439033821420314,-2.52292296520169,1
2.908411468260254,0.5609360896877674,2
3.1070920134377538,-2.2567096206714687,1
2.750313296718086,-2.3303313393490654,1
3.1177584049795346,-2.421619190720645,1
2.7737671975206974,-2.4770051106882436,1
1.8131740995131904,1.226509713246708,3
1.6022052267023756,1.2627735109891105,0
2.2207465663884194,2.2305335274540483,0
1.768116865976438,2.5068201517047273,0
1.7269470596655425,-0.3163917322139379,0
2.7599719497789486,-2.354443903509204,1
1.6545016975263698,2.114803420838017,3
3.0769278932230555,0.6376477441311907,0
2.8042011593454137,0.19297045785804245,2
2.154476496177477,2.5612416819214934,0
2.313749394895666,1.934164653791651,0
2.5378011457583822,-2.1047508214693704,1
1.7112581864223038,1.140580348864889,0
2.7451491809175814,1.0355406640053302,2
2.3377607555532585,0.3490268742281859,2
2.2588202973858897,2.907467324944008,0
2.345282675124025,0.9051434507391931,0
2.0865325535285995,1.995854312790609,0
1.7371446428303983,2.221613274909459,0
2.2308773717191825,0.08706790055227032,0
2.388269478030665,1.9416452052524278,0
3.096956469210951,-2.3417315776514323,1
2.070240515861596,1.7396956810481372,0
2.0462976534146122,2.2109620065062194,0
2.802629625267087,0.4564169550137609,2
3.1145584875170003,-2.3721463197058923,1
1.9641022896824756,1.1406092986430652,0
3.112425209208644,-2.3391644056960565,1
2.2376987732984492,0.5802409241515867,0
1.8889874304200878,0.8895733697069507,0
1.96883639202666,1.2163358706087348,0
1.8297188779699698,0.6757692313824706,0
2.237374073540148,1.9179443743544489,0
2.924238552779683,1.5573292619387733,0
2.174317272631533,2.138668744950305,0
3.1113585700544664,-2.3226734486911393,1
2.286885915052843,0.8314962175515594,0
2.7447223994082175,0.6627512111056049,2
2.840691768450159,0.4790853103447257,2
1.9673634513670883,1.9268230359781588,0
2.1104170448269466,1.5002133592107998,0
2.2370770787977947,0.9622299096220704,0
1.956266727227643,1.5681308002558778,0
2.0635900615550176,1.6896507892621093,0
2.433034818216411,2.048531200360679,0
2.1592787721231463,2.503457704160945,0
2.007701057433006,1.276108991386966,0
2.1006175280523736,2.622795399180032,3
2.673137999203622,0.225523799029486,2
2.7932721695310865,-2.4044535216890948,1
1.504448982883393,-1.0680954704799177,1
2.909977460057311,-1.8222076675515821,1
2.1525191957451355,0.9539874377147066,0
1.889600836050305,2.0075794990981044,0
3.014082738439992,0.13774951060836468,2
2.289172631508556,0.5485239416589553,2
2.4551327855628866,-2.6547621827040486,1
2.1410159070259036,2.1800881224162567,0
2.7706383413207294,-2.5193534735583802,1
2.8946797990376756,-0.004279289133222508,2
2.3269109067966767,0.6499407332942452,0
2.9380325392937503,-1.9481422292764923,1
3.093756551748417,-2.2922587066366793,1
2.1754997642563234,-0.0018306288966301876,2
3.034827809042781,-2.306144911634224,1
2.271247396316493,2.3852148938172637,0
2.421494222559332,2.4142922316830076,0
2.712253475218783,-1.8454307734947133,1
1.669102114296551,1.7866588291994923,0
2.670641851876678,-1.2433526717136092,1
2.8641640158257378,0.11494577443767875,2
1.6623862115887613,-0.5554499623480602,1
2.367664249905809,1.1673298493651976,0
2.197450168562839,1.8176265527984385,0
2.1399443293800124,-0.9319185348640954,2
2.261629801906053,2.095161344803121,0
3.0061048129535535,1.1687070323861208,0
3.094823190902595,-2.308749663641597,1
2.331630021124867,-0.2838866785038959,2
2.7850404421642443,-2.5002953445980873,1
2.4675203703590576,1.6338295016266562,0
2.8073416371052873,0.13524253766626773,2
2.595597220577795,-0.06629104167292316,2
2.176474521652078,2.0990981323010063,0
3.150611026330565,0.16186148185067617,2
3.0369610873511372,-2.339126825644059,1
2.0550379106881063,1.8842255234553376,0
2.324038900484229,2.118922715326451,0
3.1156251266711785,-2.38863727671081,1
2.244022154676954,1.6285571512819454,0
2.014383963087131,1.2084991057750634,0
3.0980231083651293,-2.35822253465635,1
2.8257269648478975,0.259960870206405,2
3.108158652591932,-2.2732005776763864,1
1.9816767253001024,2.131858682631858,0
2.5974738606255063,0.4276463831344272,2
3.118825044133713,-2.4381101477255624,1
2.3924764877332176,-0.10788025765973468,2
2.4569131626973837,0.12760334489579053,0
2.0938664452406583,-0.7658644993377366,1
1.3652299073173169,1.7953465568130964,0
2.711638537352527,-2.441418444671035,1
3.118825044133713,-2.4381101477255624,1
2.139143083167137,1.8894162161316301,0
2.814370811044757,0.27513246184350054,2
2.121979069253655,1.6925761281158076,0
1.788676050738407,0.689666508721032,0
2.3577760215692507,1.8820013965981133,0
2.1704944750868895,1.447282196894052,0
2.713783050305036,0.4827774278301961,2
2.1361548021847594,1.4169713692426018,0
2.72367703528367,-2.2534301566374633,1
3.1012230258276636,-2.407695405671103,1
3.098346709264864,-0.2572341985303366,2
2.3306419861421848,-0.8145932363678031,1
2.515408388612515,-2.0490678977123493,1
2.569012829379298,-0.07970382563932481,2
2.323485006628918,2.787198612188188,0
2.308731558883877,1.8642108386848495,0
2.7519454451314997,-2.4487544687410994,1
3.096956469210951,-2.3417315776514323,1
1.9125505064195139,2.367435618047229,0
1.871251025175585,1.0752197076088328,0
2.655123762093592,0.18162654019594873,2
3.0438967141154056,-2.204631997649343,1
2.9710286096499603,-2.0586829919373697,1
2.2237905826873026,1.308694192735949,0
2.8172740227622044,-2.5338140057730603,1
2.2129179293991057,0.6039881818731959,2
1.982387142791401,1.283282723255446,0
2.888119612992797,0.7599876819571435,2
2.3896501087376243,2.107898271218592,0
3.118825044133713,-2.4381101477255624,1
3.095889830056773,-2.3252406206465146,1
2.520800639629914,0.2278120569500401,2
2.014658886580229,1.6446327223906714,0
2.7275941765034815,-0.011668802586226906,2
2.691925702288632,-0.08264203106255867,2
2.1142970386172237,3.017322243105194,3
2.7868705180156312,-1.8471433337784546,1
1.6946914897259926,0.5650061460588804,0
3.0305612524260686,-2.2401810836145537,1
1.749099217834773,2.2842013669367045,0
2.079188869979212,1.422744553539026,0
3.120958322442069,-2.4710920617353977,1
2.6924252104474444,-0.4812046058298026,2
2.431516193743328,-0.9843282161039587,2
2.1592162195690596,0.3091616144863372,2
3.093756551748417,-2.2922587066366793,1
2.012576833654476,1.3825082529249992,0
1.7475741142308538,1.2919623464791752,0
1.558072873026874,1.8859716285848087,0
2.3917951951072958,2.021760410335972,0
3.0380277265053155,-2.355617782648977,1
2.8745269017298805,0.46780116348178774,2
2.013318303536259,1.1326060161314873,0
3.096956469210951,-2.3417315776514323,1
2.6084648410677023,0.4385211516970975,2
3.0539577708534638,0.43678395525391145,2
2.4128357321556306,-1.9741165455520462,1
2.476377610545757,-0.5013044890008924,2
2.6564922042281376,0.00034950112716727877,2
1.9697265218116926,1.1651626138991722,0
2.7580218790202458,0.7839035803570995,2
3.1113585700544664,-2.3226734486911393,1
1.9403639340163972,1.9361561513415415,0
2.75728371706159,0.5330809531767774,2
2.408964094884066,1.3847688747521896,0
2.8546182208241717,0.3849352525179429,2
1.2560891848992706,0.5447776156831025,0
3.090556634285883,-2.2427858356219263,1
2.120316445942236,2.3248306895551334,0
3.094823190902595,-2.308749663641597,1
2.1814346301720935,1.6198225423642594,0
2.0994009462090837,2.002641247361193,0
2.2249268905865027,1.403733805532436,0
1.5184071778903787,1.40786271255539,0
2.7890056129143743,-2.338489693669424,1
2.7651922755153,-1.1513104577574755,1
2.1002254886193192,2.422793510108602,0
2.174161664507961,2.3891124593627295,3
2.701987832745114,0.6011125919846001,2
2.159913115619025,1.8408146152727065,0
2.0529291859259047,2.111502754936646,0
2.216531058885478,1.02382542008917,0
2.913342876385906,0.6039365075718595,2
2.7560343635639626,-1.1178850725632827,1
2.3497255353310194,1.21240612342474,0
1.9936225823460938,1.6751932807400218,0
1.5176403390338087,0.8272235874002031,0
1.9105686727709061,0.9442775072761997,0
2.053862481458596,1.5855021812277628,0
2.6455642654148654,0.2795037114393858,2
2.040793032123013,1.8690547906518638,0
2.239499968923859,2.353208760690619,0
2.1156562777031933,1.815814222031134,0
2.4049273743639272,-0.16914887103207896,2
2.242573145745199,2.235327055538729,0
2.4256869811772215,1.6718056951648297,0
2.2652058426136183,-0.4034367958834934,2
2.108336054259731,0.7028198026978095,0
2.863771698683792,0.21924978004922674,2
2.129723602117427,-0.526316634657471,2
1.3414472133110038,3.4802483315197477,0
2.0165320616131535,-0.2690953872313254,0
2.2174084948821142,1.3267809289198778,0
3.1113585700544664,-2.3226734486911393,1
3.0009107115100657,-2.105484785079211,1
3.0255354003674233,0.6443370071617964,2
2.7476788885147876,-2.3827906407214288,1
2.222100602830519,2.3035533425064334,0
1.9765721174430533,2.12238874237847,0
2.79913934055079,-1.7951032908083264,1
1.6312973788201186,1.3165202458344025,0
2.687690534140348,0.5835782848309127,2
2.739145775281363,-2.250862984682088,1
2.798383988618071,-2.010377923595887,1
2.889346603266785,0.07817549589136547,2
2.07291335078291,2.3935097651266015,0
1.9462928076811115,1.020881835303806,0
1.989027107518994,1.8686558106317743,0
2.3996098603325184,2.5106904811350694,3
2.4221225252939087,0.3041797431783129,2
2.920430520987701,-1.9177274872220325,1
1.3861435026231397,1.2492334169811337,0
3.094823190902595,-2.308749663641597,1
3.095889830056773,-2.3252406206465146,1
3.095889830056773,-2.3252406206465146,1
2.079234778939318,1.4748334775686232,0
2.6999055066565685,-2.2600179176169415,1
2.7882403596267786,-2.54976821561284,1
2.7032088386675857,-2.2511248552873804,1
2.034838668333987,1.8476887288788808,0
2.4615405043672043,-0.3687570599171052,2
1.907065285114842,2.0267966005624714,3
2.0547011187537847,0.2457135258490399,0
2.1194217418632717,2.338448670328547,3
2.9790787657328814,0.7956210267284031,2
3.116691765825357,-2.4051282337157276,1
1.745374512371328,1.8902565262432676,0
2.685503405813053,-2.279076046577235,1
2.643070358883033,0.564326542837154,2
2.0251691978811572,1.739131707353751,0
3.1033563041360197,-2.440677319680938,1
2.8400861682043494,0.5836164151587081,2
3.093756551748417,-2.2922587066366793,1
1.9947818512355462,0.92839161812802,0
1.8827310879738293,0.9264681729146863,0
2.724231079496178,0.5049966440421629,2
3.116691765825357,-2.4051282337157276,1
2.1327005838110846,2.103332740153231,0
2.002100440589718,1.7260754976123183,0
2.231059946232822,1.692098128660232,0
2.904809763152482,0.7358641636112006,2
2.812612973039568,0.06617257063027418,2
1.9703263227898482,2.126033594166497,0
2.739565247901296,-0.772018532436107,2
1.8739431224911243,1.7025041144147655,0
2.310295300224669,0.43691299656706734,2
2.231646456232094,0.9339628018212321,0
2.0361955499672657,1.3558113687083266,2
